row_index,compound_id,SMILES,descriptor,value_type,original_value
32,positive:32,Cc1ccc2nc3sc(=O)sc3nc2c1,BCUTw-1l,missing,
32,positive:32,Cc1ccc2nc3sc(=O)sc3nc2c1,BCUTw-1h,missing,
32,positive:32,Cc1ccc2nc3sc(=O)sc3nc2c1,BCUTc-1l,missing,
32,positive:32,Cc1ccc2nc3sc(=O)sc3nc2c1,BCUTc-1h,missing,
32,positive:32,Cc1ccc2nc3sc(=O)sc3nc2c1,BCUTp-1l,missing,
32,positive:32,Cc1ccc2nc3sc(=O)sc3nc2c1,BCUTp-1h,missing,
32,positive:32,Cc1ccc2nc3sc(=O)sc3nc2c1,SCH-3,missing,
32,positive:32,Cc1ccc2nc3sc(=O)sc3nc2c1,SCH-4,missing,
32,positive:32,Cc1ccc2nc3sc(=O)sc3nc2c1,SCH-5,missing,
32,positive:32,Cc1ccc2nc3sc(=O)sc3nc2c1,SCH-6,missing,
32,positive:32,Cc1ccc2nc3sc(=O)sc3nc2c1,SCH-7,missing,
32,positive:32,Cc1ccc2nc3sc(=O)sc3nc2c1,VCH-3,missing,
32,positive:32,Cc1ccc2nc3sc(=O)sc3nc2c1,VCH-4,missing,
32,positive:32,Cc1ccc2nc3sc(=O)sc3nc2c1,VCH-5,missing,
32,positive:32,Cc1ccc2nc3sc(=O)sc3nc2c1,VCH-6,missing,
32,positive:32,Cc1ccc2nc3sc(=O)sc3nc2c1,VCH-7,missing,
32,positive:32,Cc1ccc2nc3sc(=O)sc3nc2c1,SC-3,missing,
32,positive:32,Cc1ccc2nc3sc(=O)sc3nc2c1,SC-4,missing,
32,positive:32,Cc1ccc2nc3sc(=O)sc3nc2c1,SC-5,missing,
32,positive:32,Cc1ccc2nc3sc(=O)sc3nc2c1,SC-6,missing,
32,positive:32,Cc1ccc2nc3sc(=O)sc3nc2c1,VC-3,missing,
32,positive:32,Cc1ccc2nc3sc(=O)sc3nc2c1,VC-4,missing,
32,positive:32,Cc1ccc2nc3sc(=O)sc3nc2c1,VC-5,missing,
32,positive:32,Cc1ccc2nc3sc(=O)sc3nc2c1,VC-6,missing,
32,positive:32,Cc1ccc2nc3sc(=O)sc3nc2c1,SPC-4,missing,
32,positive:32,Cc1ccc2nc3sc(=O)sc3nc2c1,SPC-5,missing,
32,positive:32,Cc1ccc2nc3sc(=O)sc3nc2c1,SPC-6,missing,
32,positive:32,Cc1ccc2nc3sc(=O)sc3nc2c1,VPC-4,missing,
32,positive:32,Cc1ccc2nc3sc(=O)sc3nc2c1,VPC-5,missing,
32,positive:32,Cc1ccc2nc3sc(=O)sc3nc2c1,VPC-6,missing,
32,positive:32,Cc1ccc2nc3sc(=O)sc3nc2c1,SP-0,missing,
32,positive:32,Cc1ccc2nc3sc(=O)sc3nc2c1,SP-1,missing,
32,positive:32,Cc1ccc2nc3sc(=O)sc3nc2c1,SP-2,missing,
32,positive:32,Cc1ccc2nc3sc(=O)sc3nc2c1,SP-3,missing,
32,positive:32,Cc1ccc2nc3sc(=O)sc3nc2c1,SP-4,missing,
32,positive:32,Cc1ccc2nc3sc(=O)sc3nc2c1,SP-5,missing,
32,positive:32,Cc1ccc2nc3sc(=O)sc3nc2c1,SP-6,missing,
32,positive:32,Cc1ccc2nc3sc(=O)sc3nc2c1,SP-7,missing,
32,positive:32,Cc1ccc2nc3sc(=O)sc3nc2c1,ASP-0,missing,
32,positive:32,Cc1ccc2nc3sc(=O)sc3nc2c1,ASP-1,missing,
32,positive:32,Cc1ccc2nc3sc(=O)sc3nc2c1,ASP-2,missing,
32,positive:32,Cc1ccc2nc3sc(=O)sc3nc2c1,ASP-3,missing,
32,positive:32,Cc1ccc2nc3sc(=O)sc3nc2c1,ASP-4,missing,
32,positive:32,Cc1ccc2nc3sc(=O)sc3nc2c1,ASP-5,missing,
32,positive:32,Cc1ccc2nc3sc(=O)sc3nc2c1,ASP-6,missing,
32,positive:32,Cc1ccc2nc3sc(=O)sc3nc2c1,ASP-7,missing,
32,positive:32,Cc1ccc2nc3sc(=O)sc3nc2c1,VP-0,missing,
32,positive:32,Cc1ccc2nc3sc(=O)sc3nc2c1,VP-1,missing,
32,positive:32,Cc1ccc2nc3sc(=O)sc3nc2c1,VP-2,missing,
32,positive:32,Cc1ccc2nc3sc(=O)sc3nc2c1,VP-3,missing,
32,positive:32,Cc1ccc2nc3sc(=O)sc3nc2c1,VP-4,missing,
32,positive:32,Cc1ccc2nc3sc(=O)sc3nc2c1,VP-5,missing,
32,positive:32,Cc1ccc2nc3sc(=O)sc3nc2c1,VP-6,missing,
32,positive:32,Cc1ccc2nc3sc(=O)sc3nc2c1,VP-7,missing,
32,positive:32,Cc1ccc2nc3sc(=O)sc3nc2c1,AVP-0,missing,
32,positive:32,Cc1ccc2nc3sc(=O)sc3nc2c1,AVP-1,missing,
32,positive:32,Cc1ccc2nc3sc(=O)sc3nc2c1,AVP-2,missing,
32,positive:32,Cc1ccc2nc3sc(=O)sc3nc2c1,AVP-3,missing,
32,positive:32,Cc1ccc2nc3sc(=O)sc3nc2c1,AVP-4,missing,
32,positive:32,Cc1ccc2nc3sc(=O)sc3nc2c1,AVP-5,missing,
32,positive:32,Cc1ccc2nc3sc(=O)sc3nc2c1,AVP-6,missing,
32,positive:32,Cc1ccc2nc3sc(=O)sc3nc2c1,AVP-7,missing,
32,positive:32,Cc1ccc2nc3sc(=O)sc3nc2c1,VABC,missing,
53,positive:53,O=c1c(C2CC(c3ccc(-c4ccccc4)cc3)Cc3ccccc32)c(O)oc2ccccc12,BCUTw-1l,missing,
53,positive:53,O=c1c(C2CC(c3ccc(-c4ccccc4)cc3)Cc3ccccc32)c(O)oc2ccccc12,BCUTw-1h,missing,
53,positive:53,O=c1c(C2CC(c3ccc(-c4ccccc4)cc3)Cc3ccccc32)c(O)oc2ccccc12,BCUTc-1l,missing,
53,positive:53,O=c1c(C2CC(c3ccc(-c4ccccc4)cc3)Cc3ccccc32)c(O)oc2ccccc12,BCUTc-1h,missing,
53,positive:53,O=c1c(C2CC(c3ccc(-c4ccccc4)cc3)Cc3ccccc32)c(O)oc2ccccc12,BCUTp-1l,missing,
53,positive:53,O=c1c(C2CC(c3ccc(-c4ccccc4)cc3)Cc3ccccc32)c(O)oc2ccccc12,BCUTp-1h,missing,
53,positive:53,O=c1c(C2CC(c3ccc(-c4ccccc4)cc3)Cc3ccccc32)c(O)oc2ccccc12,SCH-3,missing,
53,positive:53,O=c1c(C2CC(c3ccc(-c4ccccc4)cc3)Cc3ccccc32)c(O)oc2ccccc12,SCH-4,missing,
53,positive:53,O=c1c(C2CC(c3ccc(-c4ccccc4)cc3)Cc3ccccc32)c(O)oc2ccccc12,SCH-5,missing,
53,positive:53,O=c1c(C2CC(c3ccc(-c4ccccc4)cc3)Cc3ccccc32)c(O)oc2ccccc12,SCH-6,missing,
53,positive:53,O=c1c(C2CC(c3ccc(-c4ccccc4)cc3)Cc3ccccc32)c(O)oc2ccccc12,SCH-7,missing,
53,positive:53,O=c1c(C2CC(c3ccc(-c4ccccc4)cc3)Cc3ccccc32)c(O)oc2ccccc12,VCH-3,missing,
53,positive:53,O=c1c(C2CC(c3ccc(-c4ccccc4)cc3)Cc3ccccc32)c(O)oc2ccccc12,VCH-4,missing,
53,positive:53,O=c1c(C2CC(c3ccc(-c4ccccc4)cc3)Cc3ccccc32)c(O)oc2ccccc12,VCH-5,missing,
53,positive:53,O=c1c(C2CC(c3ccc(-c4ccccc4)cc3)Cc3ccccc32)c(O)oc2ccccc12,VCH-6,missing,
53,positive:53,O=c1c(C2CC(c3ccc(-c4ccccc4)cc3)Cc3ccccc32)c(O)oc2ccccc12,VCH-7,missing,
53,positive:53,O=c1c(C2CC(c3ccc(-c4ccccc4)cc3)Cc3ccccc32)c(O)oc2ccccc12,SC-3,missing,
53,positive:53,O=c1c(C2CC(c3ccc(-c4ccccc4)cc3)Cc3ccccc32)c(O)oc2ccccc12,SC-4,missing,
53,positive:53,O=c1c(C2CC(c3ccc(-c4ccccc4)cc3)Cc3ccccc32)c(O)oc2ccccc12,SC-5,missing,
53,positive:53,O=c1c(C2CC(c3ccc(-c4ccccc4)cc3)Cc3ccccc32)c(O)oc2ccccc12,SC-6,missing,
53,positive:53,O=c1c(C2CC(c3ccc(-c4ccccc4)cc3)Cc3ccccc32)c(O)oc2ccccc12,VC-3,missing,
53,positive:53,O=c1c(C2CC(c3ccc(-c4ccccc4)cc3)Cc3ccccc32)c(O)oc2ccccc12,VC-4,missing,
53,positive:53,O=c1c(C2CC(c3ccc(-c4ccccc4)cc3)Cc3ccccc32)c(O)oc2ccccc12,VC-5,missing,
53,positive:53,O=c1c(C2CC(c3ccc(-c4ccccc4)cc3)Cc3ccccc32)c(O)oc2ccccc12,VC-6,missing,
53,positive:53,O=c1c(C2CC(c3ccc(-c4ccccc4)cc3)Cc3ccccc32)c(O)oc2ccccc12,SPC-4,missing,
53,positive:53,O=c1c(C2CC(c3ccc(-c4ccccc4)cc3)Cc3ccccc32)c(O)oc2ccccc12,SPC-5,missing,
53,positive:53,O=c1c(C2CC(c3ccc(-c4ccccc4)cc3)Cc3ccccc32)c(O)oc2ccccc12,SPC-6,missing,
53,positive:53,O=c1c(C2CC(c3ccc(-c4ccccc4)cc3)Cc3ccccc32)c(O)oc2ccccc12,VPC-4,missing,
53,positive:53,O=c1c(C2CC(c3ccc(-c4ccccc4)cc3)Cc3ccccc32)c(O)oc2ccccc12,VPC-5,missing,
53,positive:53,O=c1c(C2CC(c3ccc(-c4ccccc4)cc3)Cc3ccccc32)c(O)oc2ccccc12,VPC-6,missing,
53,positive:53,O=c1c(C2CC(c3ccc(-c4ccccc4)cc3)Cc3ccccc32)c(O)oc2ccccc12,SP-0,missing,
53,positive:53,O=c1c(C2CC(c3ccc(-c4ccccc4)cc3)Cc3ccccc32)c(O)oc2ccccc12,SP-1,missing,
53,positive:53,O=c1c(C2CC(c3ccc(-c4ccccc4)cc3)Cc3ccccc32)c(O)oc2ccccc12,SP-2,missing,
53,positive:53,O=c1c(C2CC(c3ccc(-c4ccccc4)cc3)Cc3ccccc32)c(O)oc2ccccc12,SP-3,missing,
53,positive:53,O=c1c(C2CC(c3ccc(-c4ccccc4)cc3)Cc3ccccc32)c(O)oc2ccccc12,SP-4,missing,
53,positive:53,O=c1c(C2CC(c3ccc(-c4ccccc4)cc3)Cc3ccccc32)c(O)oc2ccccc12,SP-5,missing,
53,positive:53,O=c1c(C2CC(c3ccc(-c4ccccc4)cc3)Cc3ccccc32)c(O)oc2ccccc12,SP-6,missing,
53,positive:53,O=c1c(C2CC(c3ccc(-c4ccccc4)cc3)Cc3ccccc32)c(O)oc2ccccc12,SP-7,missing,
53,positive:53,O=c1c(C2CC(c3ccc(-c4ccccc4)cc3)Cc3ccccc32)c(O)oc2ccccc12,ASP-0,missing,
53,positive:53,O=c1c(C2CC(c3ccc(-c4ccccc4)cc3)Cc3ccccc32)c(O)oc2ccccc12,ASP-1,missing,
53,positive:53,O=c1c(C2CC(c3ccc(-c4ccccc4)cc3)Cc3ccccc32)c(O)oc2ccccc12,ASP-2,missing,
53,positive:53,O=c1c(C2CC(c3ccc(-c4ccccc4)cc3)Cc3ccccc32)c(O)oc2ccccc12,ASP-3,missing,
53,positive:53,O=c1c(C2CC(c3ccc(-c4ccccc4)cc3)Cc3ccccc32)c(O)oc2ccccc12,ASP-4,missing,
53,positive:53,O=c1c(C2CC(c3ccc(-c4ccccc4)cc3)Cc3ccccc32)c(O)oc2ccccc12,ASP-5,missing,
53,positive:53,O=c1c(C2CC(c3ccc(-c4ccccc4)cc3)Cc3ccccc32)c(O)oc2ccccc12,ASP-6,missing,
53,positive:53,O=c1c(C2CC(c3ccc(-c4ccccc4)cc3)Cc3ccccc32)c(O)oc2ccccc12,ASP-7,missing,
53,positive:53,O=c1c(C2CC(c3ccc(-c4ccccc4)cc3)Cc3ccccc32)c(O)oc2ccccc12,VP-0,missing,
53,positive:53,O=c1c(C2CC(c3ccc(-c4ccccc4)cc3)Cc3ccccc32)c(O)oc2ccccc12,VP-1,missing,
53,positive:53,O=c1c(C2CC(c3ccc(-c4ccccc4)cc3)Cc3ccccc32)c(O)oc2ccccc12,VP-2,missing,
53,positive:53,O=c1c(C2CC(c3ccc(-c4ccccc4)cc3)Cc3ccccc32)c(O)oc2ccccc12,VP-3,missing,
53,positive:53,O=c1c(C2CC(c3ccc(-c4ccccc4)cc3)Cc3ccccc32)c(O)oc2ccccc12,VP-4,missing,
53,positive:53,O=c1c(C2CC(c3ccc(-c4ccccc4)cc3)Cc3ccccc32)c(O)oc2ccccc12,VP-5,missing,
53,positive:53,O=c1c(C2CC(c3ccc(-c4ccccc4)cc3)Cc3ccccc32)c(O)oc2ccccc12,VP-6,missing,
53,positive:53,O=c1c(C2CC(c3ccc(-c4ccccc4)cc3)Cc3ccccc32)c(O)oc2ccccc12,VP-7,missing,
53,positive:53,O=c1c(C2CC(c3ccc(-c4ccccc4)cc3)Cc3ccccc32)c(O)oc2ccccc12,AVP-0,missing,
53,positive:53,O=c1c(C2CC(c3ccc(-c4ccccc4)cc3)Cc3ccccc32)c(O)oc2ccccc12,AVP-1,missing,
53,positive:53,O=c1c(C2CC(c3ccc(-c4ccccc4)cc3)Cc3ccccc32)c(O)oc2ccccc12,AVP-2,missing,
53,positive:53,O=c1c(C2CC(c3ccc(-c4ccccc4)cc3)Cc3ccccc32)c(O)oc2ccccc12,AVP-3,missing,
53,positive:53,O=c1c(C2CC(c3ccc(-c4ccccc4)cc3)Cc3ccccc32)c(O)oc2ccccc12,AVP-4,missing,
53,positive:53,O=c1c(C2CC(c3ccc(-c4ccccc4)cc3)Cc3ccccc32)c(O)oc2ccccc12,AVP-5,missing,
53,positive:53,O=c1c(C2CC(c3ccc(-c4ccccc4)cc3)Cc3ccccc32)c(O)oc2ccccc12,AVP-6,missing,
53,positive:53,O=c1c(C2CC(c3ccc(-c4ccccc4)cc3)Cc3ccccc32)c(O)oc2ccccc12,AVP-7,missing,
53,positive:53,O=c1c(C2CC(c3ccc(-c4ccccc4)cc3)Cc3ccccc32)c(O)oc2ccccc12,VABC,missing,
105,positive:105,O=c1c(C2CC(c3ccc(OCc4ccc(C(F)(F)F)cc4)cc3)Cc3ccccc32)c(O)oc2ccccc12,BCUTw-1l,missing,
105,positive:105,O=c1c(C2CC(c3ccc(OCc4ccc(C(F)(F)F)cc4)cc3)Cc3ccccc32)c(O)oc2ccccc12,BCUTw-1h,missing,
105,positive:105,O=c1c(C2CC(c3ccc(OCc4ccc(C(F)(F)F)cc4)cc3)Cc3ccccc32)c(O)oc2ccccc12,BCUTc-1l,missing,
105,positive:105,O=c1c(C2CC(c3ccc(OCc4ccc(C(F)(F)F)cc4)cc3)Cc3ccccc32)c(O)oc2ccccc12,BCUTc-1h,missing,
105,positive:105,O=c1c(C2CC(c3ccc(OCc4ccc(C(F)(F)F)cc4)cc3)Cc3ccccc32)c(O)oc2ccccc12,BCUTp-1l,missing,
105,positive:105,O=c1c(C2CC(c3ccc(OCc4ccc(C(F)(F)F)cc4)cc3)Cc3ccccc32)c(O)oc2ccccc12,BCUTp-1h,missing,
105,positive:105,O=c1c(C2CC(c3ccc(OCc4ccc(C(F)(F)F)cc4)cc3)Cc3ccccc32)c(O)oc2ccccc12,SCH-3,missing,
105,positive:105,O=c1c(C2CC(c3ccc(OCc4ccc(C(F)(F)F)cc4)cc3)Cc3ccccc32)c(O)oc2ccccc12,SCH-4,missing,
105,positive:105,O=c1c(C2CC(c3ccc(OCc4ccc(C(F)(F)F)cc4)cc3)Cc3ccccc32)c(O)oc2ccccc12,SCH-5,missing,
105,positive:105,O=c1c(C2CC(c3ccc(OCc4ccc(C(F)(F)F)cc4)cc3)Cc3ccccc32)c(O)oc2ccccc12,SCH-6,missing,
105,positive:105,O=c1c(C2CC(c3ccc(OCc4ccc(C(F)(F)F)cc4)cc3)Cc3ccccc32)c(O)oc2ccccc12,SCH-7,missing,
105,positive:105,O=c1c(C2CC(c3ccc(OCc4ccc(C(F)(F)F)cc4)cc3)Cc3ccccc32)c(O)oc2ccccc12,VCH-3,missing,
105,positive:105,O=c1c(C2CC(c3ccc(OCc4ccc(C(F)(F)F)cc4)cc3)Cc3ccccc32)c(O)oc2ccccc12,VCH-4,missing,
105,positive:105,O=c1c(C2CC(c3ccc(OCc4ccc(C(F)(F)F)cc4)cc3)Cc3ccccc32)c(O)oc2ccccc12,VCH-5,missing,
105,positive:105,O=c1c(C2CC(c3ccc(OCc4ccc(C(F)(F)F)cc4)cc3)Cc3ccccc32)c(O)oc2ccccc12,VCH-6,missing,
105,positive:105,O=c1c(C2CC(c3ccc(OCc4ccc(C(F)(F)F)cc4)cc3)Cc3ccccc32)c(O)oc2ccccc12,VCH-7,missing,
105,positive:105,O=c1c(C2CC(c3ccc(OCc4ccc(C(F)(F)F)cc4)cc3)Cc3ccccc32)c(O)oc2ccccc12,SC-3,missing,
105,positive:105,O=c1c(C2CC(c3ccc(OCc4ccc(C(F)(F)F)cc4)cc3)Cc3ccccc32)c(O)oc2ccccc12,SC-4,missing,
105,positive:105,O=c1c(C2CC(c3ccc(OCc4ccc(C(F)(F)F)cc4)cc3)Cc3ccccc32)c(O)oc2ccccc12,SC-5,missing,
105,positive:105,O=c1c(C2CC(c3ccc(OCc4ccc(C(F)(F)F)cc4)cc3)Cc3ccccc32)c(O)oc2ccccc12,SC-6,missing,
105,positive:105,O=c1c(C2CC(c3ccc(OCc4ccc(C(F)(F)F)cc4)cc3)Cc3ccccc32)c(O)oc2ccccc12,VC-3,missing,
105,positive:105,O=c1c(C2CC(c3ccc(OCc4ccc(C(F)(F)F)cc4)cc3)Cc3ccccc32)c(O)oc2ccccc12,VC-4,missing,
105,positive:105,O=c1c(C2CC(c3ccc(OCc4ccc(C(F)(F)F)cc4)cc3)Cc3ccccc32)c(O)oc2ccccc12,VC-5,missing,
105,positive:105,O=c1c(C2CC(c3ccc(OCc4ccc(C(F)(F)F)cc4)cc3)Cc3ccccc32)c(O)oc2ccccc12,VC-6,missing,
105,positive:105,O=c1c(C2CC(c3ccc(OCc4ccc(C(F)(F)F)cc4)cc3)Cc3ccccc32)c(O)oc2ccccc12,SPC-4,missing,
105,positive:105,O=c1c(C2CC(c3ccc(OCc4ccc(C(F)(F)F)cc4)cc3)Cc3ccccc32)c(O)oc2ccccc12,SPC-5,missing,
105,positive:105,O=c1c(C2CC(c3ccc(OCc4ccc(C(F)(F)F)cc4)cc3)Cc3ccccc32)c(O)oc2ccccc12,SPC-6,missing,
105,positive:105,O=c1c(C2CC(c3ccc(OCc4ccc(C(F)(F)F)cc4)cc3)Cc3ccccc32)c(O)oc2ccccc12,VPC-4,missing,
105,positive:105,O=c1c(C2CC(c3ccc(OCc4ccc(C(F)(F)F)cc4)cc3)Cc3ccccc32)c(O)oc2ccccc12,VPC-5,missing,
105,positive:105,O=c1c(C2CC(c3ccc(OCc4ccc(C(F)(F)F)cc4)cc3)Cc3ccccc32)c(O)oc2ccccc12,VPC-6,missing,
105,positive:105,O=c1c(C2CC(c3ccc(OCc4ccc(C(F)(F)F)cc4)cc3)Cc3ccccc32)c(O)oc2ccccc12,SP-0,missing,
105,positive:105,O=c1c(C2CC(c3ccc(OCc4ccc(C(F)(F)F)cc4)cc3)Cc3ccccc32)c(O)oc2ccccc12,SP-1,missing,
105,positive:105,O=c1c(C2CC(c3ccc(OCc4ccc(C(F)(F)F)cc4)cc3)Cc3ccccc32)c(O)oc2ccccc12,SP-2,missing,
105,positive:105,O=c1c(C2CC(c3ccc(OCc4ccc(C(F)(F)F)cc4)cc3)Cc3ccccc32)c(O)oc2ccccc12,SP-3,missing,
105,positive:105,O=c1c(C2CC(c3ccc(OCc4ccc(C(F)(F)F)cc4)cc3)Cc3ccccc32)c(O)oc2ccccc12,SP-4,missing,
105,positive:105,O=c1c(C2CC(c3ccc(OCc4ccc(C(F)(F)F)cc4)cc3)Cc3ccccc32)c(O)oc2ccccc12,SP-5,missing,
105,positive:105,O=c1c(C2CC(c3ccc(OCc4ccc(C(F)(F)F)cc4)cc3)Cc3ccccc32)c(O)oc2ccccc12,SP-6,missing,
105,positive:105,O=c1c(C2CC(c3ccc(OCc4ccc(C(F)(F)F)cc4)cc3)Cc3ccccc32)c(O)oc2ccccc12,SP-7,missing,
105,positive:105,O=c1c(C2CC(c3ccc(OCc4ccc(C(F)(F)F)cc4)cc3)Cc3ccccc32)c(O)oc2ccccc12,ASP-0,missing,
105,positive:105,O=c1c(C2CC(c3ccc(OCc4ccc(C(F)(F)F)cc4)cc3)Cc3ccccc32)c(O)oc2ccccc12,ASP-1,missing,
105,positive:105,O=c1c(C2CC(c3ccc(OCc4ccc(C(F)(F)F)cc4)cc3)Cc3ccccc32)c(O)oc2ccccc12,ASP-2,missing,
105,positive:105,O=c1c(C2CC(c3ccc(OCc4ccc(C(F)(F)F)cc4)cc3)Cc3ccccc32)c(O)oc2ccccc12,ASP-3,missing,
105,positive:105,O=c1c(C2CC(c3ccc(OCc4ccc(C(F)(F)F)cc4)cc3)Cc3ccccc32)c(O)oc2ccccc12,ASP-4,missing,
105,positive:105,O=c1c(C2CC(c3ccc(OCc4ccc(C(F)(F)F)cc4)cc3)Cc3ccccc32)c(O)oc2ccccc12,ASP-5,missing,
105,positive:105,O=c1c(C2CC(c3ccc(OCc4ccc(C(F)(F)F)cc4)cc3)Cc3ccccc32)c(O)oc2ccccc12,ASP-6,missing,
105,positive:105,O=c1c(C2CC(c3ccc(OCc4ccc(C(F)(F)F)cc4)cc3)Cc3ccccc32)c(O)oc2ccccc12,ASP-7,missing,
105,positive:105,O=c1c(C2CC(c3ccc(OCc4ccc(C(F)(F)F)cc4)cc3)Cc3ccccc32)c(O)oc2ccccc12,VP-0,missing,
105,positive:105,O=c1c(C2CC(c3ccc(OCc4ccc(C(F)(F)F)cc4)cc3)Cc3ccccc32)c(O)oc2ccccc12,VP-1,missing,
105,positive:105,O=c1c(C2CC(c3ccc(OCc4ccc(C(F)(F)F)cc4)cc3)Cc3ccccc32)c(O)oc2ccccc12,VP-2,missing,
105,positive:105,O=c1c(C2CC(c3ccc(OCc4ccc(C(F)(F)F)cc4)cc3)Cc3ccccc32)c(O)oc2ccccc12,VP-3,missing,
105,positive:105,O=c1c(C2CC(c3ccc(OCc4ccc(C(F)(F)F)cc4)cc3)Cc3ccccc32)c(O)oc2ccccc12,VP-4,missing,
105,positive:105,O=c1c(C2CC(c3ccc(OCc4ccc(C(F)(F)F)cc4)cc3)Cc3ccccc32)c(O)oc2ccccc12,VP-5,missing,
105,positive:105,O=c1c(C2CC(c3ccc(OCc4ccc(C(F)(F)F)cc4)cc3)Cc3ccccc32)c(O)oc2ccccc12,VP-6,missing,
105,positive:105,O=c1c(C2CC(c3ccc(OCc4ccc(C(F)(F)F)cc4)cc3)Cc3ccccc32)c(O)oc2ccccc12,VP-7,missing,
105,positive:105,O=c1c(C2CC(c3ccc(OCc4ccc(C(F)(F)F)cc4)cc3)Cc3ccccc32)c(O)oc2ccccc12,AVP-0,missing,
105,positive:105,O=c1c(C2CC(c3ccc(OCc4ccc(C(F)(F)F)cc4)cc3)Cc3ccccc32)c(O)oc2ccccc12,AVP-1,missing,
105,positive:105,O=c1c(C2CC(c3ccc(OCc4ccc(C(F)(F)F)cc4)cc3)Cc3ccccc32)c(O)oc2ccccc12,AVP-2,missing,
105,positive:105,O=c1c(C2CC(c3ccc(OCc4ccc(C(F)(F)F)cc4)cc3)Cc3ccccc32)c(O)oc2ccccc12,AVP-3,missing,
105,positive:105,O=c1c(C2CC(c3ccc(OCc4ccc(C(F)(F)F)cc4)cc3)Cc3ccccc32)c(O)oc2ccccc12,AVP-4,missing,
105,positive:105,O=c1c(C2CC(c3ccc(OCc4ccc(C(F)(F)F)cc4)cc3)Cc3ccccc32)c(O)oc2ccccc12,AVP-5,missing,
105,positive:105,O=c1c(C2CC(c3ccc(OCc4ccc(C(F)(F)F)cc4)cc3)Cc3ccccc32)c(O)oc2ccccc12,AVP-6,missing,
105,positive:105,O=c1c(C2CC(c3ccc(OCc4ccc(C(F)(F)F)cc4)cc3)Cc3ccccc32)c(O)oc2ccccc12,AVP-7,missing,
105,positive:105,O=c1c(C2CC(c3ccc(OCc4ccc(C(F)(F)F)cc4)cc3)Cc3ccccc32)c(O)oc2ccccc12,VABC,missing,
141,negative:0,O=C(O)c1c(Cl)cccc1Cl,SpMax1_Bhm,missing,
141,negative:0,O=C(O)c1c(Cl)cccc1Cl,SpMax2_Bhm,missing,
141,negative:0,O=C(O)c1c(Cl)cccc1Cl,SpMax3_Bhm,missing,
141,negative:0,O=C(O)c1c(Cl)cccc1Cl,SpMax4_Bhm,missing,
141,negative:0,O=C(O)c1c(Cl)cccc1Cl,SpMax5_Bhm,missing,
141,negative:0,O=C(O)c1c(Cl)cccc1Cl,SpMax6_Bhm,missing,
141,negative:0,O=C(O)c1c(Cl)cccc1Cl,SpMax7_Bhm,missing,
141,negative:0,O=C(O)c1c(Cl)cccc1Cl,SpMax8_Bhm,missing,
141,negative:0,O=C(O)c1c(Cl)cccc1Cl,SpMin1_Bhm,missing,
141,negative:0,O=C(O)c1c(Cl)cccc1Cl,SpMin2_Bhm,missing,
141,negative:0,O=C(O)c1c(Cl)cccc1Cl,SpMin3_Bhm,missing,
141,negative:0,O=C(O)c1c(Cl)cccc1Cl,SpMin4_Bhm,missing,
141,negative:0,O=C(O)c1c(Cl)cccc1Cl,SpMin5_Bhm,missing,
141,negative:0,O=C(O)c1c(Cl)cccc1Cl,SpMin6_Bhm,missing,
141,negative:0,O=C(O)c1c(Cl)cccc1Cl,SpMin7_Bhm,missing,
141,negative:0,O=C(O)c1c(Cl)cccc1Cl,SpMin8_Bhm,missing,
141,negative:0,O=C(O)c1c(Cl)cccc1Cl,SpMax1_Bhv,missing,
141,negative:0,O=C(O)c1c(Cl)cccc1Cl,SpMax2_Bhv,missing,
141,negative:0,O=C(O)c1c(Cl)cccc1Cl,SpMax3_Bhv,missing,
141,negative:0,O=C(O)c1c(Cl)cccc1Cl,SpMax4_Bhv,missing,
141,negative:0,O=C(O)c1c(Cl)cccc1Cl,SpMax5_Bhv,missing,
141,negative:0,O=C(O)c1c(Cl)cccc1Cl,SpMax6_Bhv,missing,
141,negative:0,O=C(O)c1c(Cl)cccc1Cl,SpMax7_Bhv,missing,
141,negative:0,O=C(O)c1c(Cl)cccc1Cl,SpMax8_Bhv,missing,
141,negative:0,O=C(O)c1c(Cl)cccc1Cl,SpMin1_Bhv,missing,
141,negative:0,O=C(O)c1c(Cl)cccc1Cl,SpMin2_Bhv,missing,
141,negative:0,O=C(O)c1c(Cl)cccc1Cl,SpMin3_Bhv,missing,
141,negative:0,O=C(O)c1c(Cl)cccc1Cl,SpMin4_Bhv,missing,
141,negative:0,O=C(O)c1c(Cl)cccc1Cl,SpMin5_Bhv,missing,
141,negative:0,O=C(O)c1c(Cl)cccc1Cl,SpMin6_Bhv,missing,
141,negative:0,O=C(O)c1c(Cl)cccc1Cl,SpMin7_Bhv,missing,
141,negative:0,O=C(O)c1c(Cl)cccc1Cl,SpMin8_Bhv,missing,
141,negative:0,O=C(O)c1c(Cl)cccc1Cl,SpMax1_Bhe,missing,
141,negative:0,O=C(O)c1c(Cl)cccc1Cl,SpMax2_Bhe,missing,
141,negative:0,O=C(O)c1c(Cl)cccc1Cl,SpMax3_Bhe,missing,
141,negative:0,O=C(O)c1c(Cl)cccc1Cl,SpMax4_Bhe,missing,
141,negative:0,O=C(O)c1c(Cl)cccc1Cl,SpMax5_Bhe,missing,
141,negative:0,O=C(O)c1c(Cl)cccc1Cl,SpMax6_Bhe,missing,
141,negative:0,O=C(O)c1c(Cl)cccc1Cl,SpMax7_Bhe,missing,
141,negative:0,O=C(O)c1c(Cl)cccc1Cl,SpMax8_Bhe,missing,
141,negative:0,O=C(O)c1c(Cl)cccc1Cl,SpMin1_Bhe,missing,
141,negative:0,O=C(O)c1c(Cl)cccc1Cl,SpMin2_Bhe,missing,
141,negative:0,O=C(O)c1c(Cl)cccc1Cl,SpMin3_Bhe,missing,
141,negative:0,O=C(O)c1c(Cl)cccc1Cl,SpMin4_Bhe,missing,
141,negative:0,O=C(O)c1c(Cl)cccc1Cl,SpMin5_Bhe,missing,
141,negative:0,O=C(O)c1c(Cl)cccc1Cl,SpMin6_Bhe,missing,
141,negative:0,O=C(O)c1c(Cl)cccc1Cl,SpMin7_Bhe,missing,
141,negative:0,O=C(O)c1c(Cl)cccc1Cl,SpMin8_Bhe,missing,
141,negative:0,O=C(O)c1c(Cl)cccc1Cl,SpMax1_Bhp,missing,
141,negative:0,O=C(O)c1c(Cl)cccc1Cl,SpMax2_Bhp,missing,
141,negative:0,O=C(O)c1c(Cl)cccc1Cl,SpMax3_Bhp,missing,
141,negative:0,O=C(O)c1c(Cl)cccc1Cl,SpMax4_Bhp,missing,
141,negative:0,O=C(O)c1c(Cl)cccc1Cl,SpMax5_Bhp,missing,
141,negative:0,O=C(O)c1c(Cl)cccc1Cl,SpMax6_Bhp,missing,
141,negative:0,O=C(O)c1c(Cl)cccc1Cl,SpMax7_Bhp,missing,
141,negative:0,O=C(O)c1c(Cl)cccc1Cl,SpMax8_Bhp,missing,
141,negative:0,O=C(O)c1c(Cl)cccc1Cl,SpMin1_Bhp,missing,
141,negative:0,O=C(O)c1c(Cl)cccc1Cl,SpMin2_Bhp,missing,
141,negative:0,O=C(O)c1c(Cl)cccc1Cl,SpMin3_Bhp,missing,
141,negative:0,O=C(O)c1c(Cl)cccc1Cl,SpMin4_Bhp,missing,
141,negative:0,O=C(O)c1c(Cl)cccc1Cl,SpMin5_Bhp,missing,
141,negative:0,O=C(O)c1c(Cl)cccc1Cl,SpMin6_Bhp,missing,
141,negative:0,O=C(O)c1c(Cl)cccc1Cl,SpMin7_Bhp,missing,
141,negative:0,O=C(O)c1c(Cl)cccc1Cl,SpMin8_Bhp,missing,
141,negative:0,O=C(O)c1c(Cl)cccc1Cl,SpMax1_Bhi,missing,
141,negative:0,O=C(O)c1c(Cl)cccc1Cl,SpMax2_Bhi,missing,
141,negative:0,O=C(O)c1c(Cl)cccc1Cl,SpMax3_Bhi,missing,
141,negative:0,O=C(O)c1c(Cl)cccc1Cl,SpMax4_Bhi,missing,
141,negative:0,O=C(O)c1c(Cl)cccc1Cl,SpMax5_Bhi,missing,
141,negative:0,O=C(O)c1c(Cl)cccc1Cl,SpMax6_Bhi,missing,
141,negative:0,O=C(O)c1c(Cl)cccc1Cl,SpMax7_Bhi,missing,
141,negative:0,O=C(O)c1c(Cl)cccc1Cl,SpMax8_Bhi,missing,
141,negative:0,O=C(O)c1c(Cl)cccc1Cl,SpMin1_Bhi,missing,
141,negative:0,O=C(O)c1c(Cl)cccc1Cl,SpMin2_Bhi,missing,
141,negative:0,O=C(O)c1c(Cl)cccc1Cl,SpMin3_Bhi,missing,
141,negative:0,O=C(O)c1c(Cl)cccc1Cl,SpMin4_Bhi,missing,
141,negative:0,O=C(O)c1c(Cl)cccc1Cl,SpMin5_Bhi,missing,
141,negative:0,O=C(O)c1c(Cl)cccc1Cl,SpMin6_Bhi,missing,
141,negative:0,O=C(O)c1c(Cl)cccc1Cl,SpMin7_Bhi,missing,
141,negative:0,O=C(O)c1c(Cl)cccc1Cl,SpMin8_Bhi,missing,
141,negative:0,O=C(O)c1c(Cl)cccc1Cl,SpMax1_Bhs,missing,
141,negative:0,O=C(O)c1c(Cl)cccc1Cl,SpMax2_Bhs,missing,
141,negative:0,O=C(O)c1c(Cl)cccc1Cl,SpMax3_Bhs,missing,
141,negative:0,O=C(O)c1c(Cl)cccc1Cl,SpMax4_Bhs,missing,
141,negative:0,O=C(O)c1c(Cl)cccc1Cl,SpMax5_Bhs,missing,
141,negative:0,O=C(O)c1c(Cl)cccc1Cl,SpMax6_Bhs,missing,
141,negative:0,O=C(O)c1c(Cl)cccc1Cl,SpMax7_Bhs,missing,
141,negative:0,O=C(O)c1c(Cl)cccc1Cl,SpMax8_Bhs,missing,
141,negative:0,O=C(O)c1c(Cl)cccc1Cl,SpMin1_Bhs,missing,
141,negative:0,O=C(O)c1c(Cl)cccc1Cl,SpMin2_Bhs,missing,
141,negative:0,O=C(O)c1c(Cl)cccc1Cl,SpMin3_Bhs,missing,
141,negative:0,O=C(O)c1c(Cl)cccc1Cl,SpMin4_Bhs,missing,
141,negative:0,O=C(O)c1c(Cl)cccc1Cl,SpMin5_Bhs,missing,
141,negative:0,O=C(O)c1c(Cl)cccc1Cl,SpMin6_Bhs,missing,
141,negative:0,O=C(O)c1c(Cl)cccc1Cl,SpMin7_Bhs,missing,
141,negative:0,O=C(O)c1c(Cl)cccc1Cl,SpMin8_Bhs,missing,
142,negative:1,ClC(Cl)(Cl)Cl,SpMax6_Bhm,missing,
142,negative:1,ClC(Cl)(Cl)Cl,SpMax7_Bhm,missing,
142,negative:1,ClC(Cl)(Cl)Cl,SpMax8_Bhm,missing,
142,negative:1,ClC(Cl)(Cl)Cl,SpMin6_Bhm,missing,
142,negative:1,ClC(Cl)(Cl)Cl,SpMin7_Bhm,missing,
142,negative:1,ClC(Cl)(Cl)Cl,SpMin8_Bhm,missing,
142,negative:1,ClC(Cl)(Cl)Cl,SpMax6_Bhv,missing,
142,negative:1,ClC(Cl)(Cl)Cl,SpMax7_Bhv,missing,
142,negative:1,ClC(Cl)(Cl)Cl,SpMax8_Bhv,missing,
142,negative:1,ClC(Cl)(Cl)Cl,SpMin6_Bhv,missing,
142,negative:1,ClC(Cl)(Cl)Cl,SpMin7_Bhv,missing,
142,negative:1,ClC(Cl)(Cl)Cl,SpMin8_Bhv,missing,
142,negative:1,ClC(Cl)(Cl)Cl,SpMax6_Bhe,missing,
142,negative:1,ClC(Cl)(Cl)Cl,SpMax7_Bhe,missing,
142,negative:1,ClC(Cl)(Cl)Cl,SpMax8_Bhe,missing,
142,negative:1,ClC(Cl)(Cl)Cl,SpMin6_Bhe,missing,
142,negative:1,ClC(Cl)(Cl)Cl,SpMin7_Bhe,missing,
142,negative:1,ClC(Cl)(Cl)Cl,SpMin8_Bhe,missing,
142,negative:1,ClC(Cl)(Cl)Cl,SpMax6_Bhp,missing,
142,negative:1,ClC(Cl)(Cl)Cl,SpMax7_Bhp,missing,
142,negative:1,ClC(Cl)(Cl)Cl,SpMax8_Bhp,missing,
142,negative:1,ClC(Cl)(Cl)Cl,SpMin6_Bhp,missing,
142,negative:1,ClC(Cl)(Cl)Cl,SpMin7_Bhp,missing,
142,negative:1,ClC(Cl)(Cl)Cl,SpMin8_Bhp,missing,
142,negative:1,ClC(Cl)(Cl)Cl,SpMax6_Bhi,missing,
142,negative:1,ClC(Cl)(Cl)Cl,SpMax7_Bhi,missing,
142,negative:1,ClC(Cl)(Cl)Cl,SpMax8_Bhi,missing,
142,negative:1,ClC(Cl)(Cl)Cl,SpMin6_Bhi,missing,
142,negative:1,ClC(Cl)(Cl)Cl,SpMin7_Bhi,missing,
142,negative:1,ClC(Cl)(Cl)Cl,SpMin8_Bhi,missing,
142,negative:1,ClC(Cl)(Cl)Cl,SpMax6_Bhs,missing,
142,negative:1,ClC(Cl)(Cl)Cl,SpMax7_Bhs,missing,
142,negative:1,ClC(Cl)(Cl)Cl,SpMax8_Bhs,missing,
142,negative:1,ClC(Cl)(Cl)Cl,SpMin6_Bhs,missing,
142,negative:1,ClC(Cl)(Cl)Cl,SpMin7_Bhs,missing,
142,negative:1,ClC(Cl)(Cl)Cl,SpMin8_Bhs,missing,
142,negative:1,ClC(Cl)(Cl)Cl,Kier3,missing,
148,negative:7,CC(Cl)(Cl)Cl,Kier3,missing,
149,negative:8,BrC(Br)Br,SpMax6_Bhm,missing,
149,negative:8,BrC(Br)Br,SpMax7_Bhm,missing,
149,negative:8,BrC(Br)Br,SpMax8_Bhm,missing,
149,negative:8,BrC(Br)Br,SpMin6_Bhm,missing,
149,negative:8,BrC(Br)Br,SpMin7_Bhm,missing,
149,negative:8,BrC(Br)Br,SpMin8_Bhm,missing,
149,negative:8,BrC(Br)Br,SpMax6_Bhv,missing,
149,negative:8,BrC(Br)Br,SpMax7_Bhv,missing,
149,negative:8,BrC(Br)Br,SpMax8_Bhv,missing,
149,negative:8,BrC(Br)Br,SpMin6_Bhv,missing,
149,negative:8,BrC(Br)Br,SpMin7_Bhv,missing,
149,negative:8,BrC(Br)Br,SpMin8_Bhv,missing,
149,negative:8,BrC(Br)Br,SpMax6_Bhe,missing,
149,negative:8,BrC(Br)Br,SpMax7_Bhe,missing,
149,negative:8,BrC(Br)Br,SpMax8_Bhe,missing,
149,negative:8,BrC(Br)Br,SpMin6_Bhe,missing,
149,negative:8,BrC(Br)Br,SpMin7_Bhe,missing,
149,negative:8,BrC(Br)Br,SpMin8_Bhe,missing,
149,negative:8,BrC(Br)Br,SpMax6_Bhp,missing,
149,negative:8,BrC(Br)Br,SpMax7_Bhp,missing,
149,negative:8,BrC(Br)Br,SpMax8_Bhp,missing,
149,negative:8,BrC(Br)Br,SpMin6_Bhp,missing,
149,negative:8,BrC(Br)Br,SpMin7_Bhp,missing,
149,negative:8,BrC(Br)Br,SpMin8_Bhp,missing,
149,negative:8,BrC(Br)Br,SpMax6_Bhi,missing,
149,negative:8,BrC(Br)Br,SpMax7_Bhi,missing,
149,negative:8,BrC(Br)Br,SpMax8_Bhi,missing,
149,negative:8,BrC(Br)Br,SpMin6_Bhi,missing,
149,negative:8,BrC(Br)Br,SpMin7_Bhi,missing,
149,negative:8,BrC(Br)Br,SpMin8_Bhi,missing,
149,negative:8,BrC(Br)Br,SpMax6_Bhs,missing,
149,negative:8,BrC(Br)Br,SpMax7_Bhs,missing,
149,negative:8,BrC(Br)Br,SpMax8_Bhs,missing,
149,negative:8,BrC(Br)Br,SpMin6_Bhs,missing,
149,negative:8,BrC(Br)Br,SpMin7_Bhs,missing,
149,negative:8,BrC(Br)Br,SpMin8_Bhs,missing,
149,negative:8,BrC(Br)Br,Kier3,missing,
150,negative:9,ClC=C(Cl)Cl,SpMax7_Bhm,missing,
150,negative:9,ClC=C(Cl)Cl,SpMax8_Bhm,missing,
150,negative:9,ClC=C(Cl)Cl,SpMin7_Bhm,missing,
150,negative:9,ClC=C(Cl)Cl,SpMin8_Bhm,missing,
150,negative:9,ClC=C(Cl)Cl,SpMax7_Bhv,missing,
150,negative:9,ClC=C(Cl)Cl,SpMax8_Bhv,missing,
150,negative:9,ClC=C(Cl)Cl,SpMin7_Bhv,missing,
150,negative:9,ClC=C(Cl)Cl,SpMin8_Bhv,missing,
150,negative:9,ClC=C(Cl)Cl,SpMax7_Bhe,missing,
150,negative:9,ClC=C(Cl)Cl,SpMax8_Bhe,missing,
150,negative:9,ClC=C(Cl)Cl,SpMin7_Bhe,missing,
150,negative:9,ClC=C(Cl)Cl,SpMin8_Bhe,missing,
150,negative:9,ClC=C(Cl)Cl,SpMax7_Bhp,missing,
150,negative:9,ClC=C(Cl)Cl,SpMax8_Bhp,missing,
150,negative:9,ClC=C(Cl)Cl,SpMin7_Bhp,missing,
150,negative:9,ClC=C(Cl)Cl,SpMin8_Bhp,missing,
150,negative:9,ClC=C(Cl)Cl,SpMax7_Bhi,missing,
150,negative:9,ClC=C(Cl)Cl,SpMax8_Bhi,missing,
150,negative:9,ClC=C(Cl)Cl,SpMin7_Bhi,missing,
150,negative:9,ClC=C(Cl)Cl,SpMin8_Bhi,missing,
150,negative:9,ClC=C(Cl)Cl,SpMax7_Bhs,missing,
150,negative:9,ClC=C(Cl)Cl,SpMax8_Bhs,missing,
150,negative:9,ClC=C(Cl)Cl,SpMin7_Bhs,missing,
150,negative:9,ClC=C(Cl)Cl,SpMin8_Bhs,missing,
156,negative:15,Cc1cc(=O)n(-c2cc(Cl)c(S(=O)(=O)O)cc2Cl)[nH]1,BCUTw-1l,missing,
156,negative:15,Cc1cc(=O)n(-c2cc(Cl)c(S(=O)(=O)O)cc2Cl)[nH]1,BCUTw-1h,missing,
156,negative:15,Cc1cc(=O)n(-c2cc(Cl)c(S(=O)(=O)O)cc2Cl)[nH]1,BCUTc-1l,missing,
156,negative:15,Cc1cc(=O)n(-c2cc(Cl)c(S(=O)(=O)O)cc2Cl)[nH]1,BCUTc-1h,missing,
156,negative:15,Cc1cc(=O)n(-c2cc(Cl)c(S(=O)(=O)O)cc2Cl)[nH]1,BCUTp-1l,missing,
156,negative:15,Cc1cc(=O)n(-c2cc(Cl)c(S(=O)(=O)O)cc2Cl)[nH]1,BCUTp-1h,missing,
156,negative:15,Cc1cc(=O)n(-c2cc(Cl)c(S(=O)(=O)O)cc2Cl)[nH]1,SCH-3,missing,
156,negative:15,Cc1cc(=O)n(-c2cc(Cl)c(S(=O)(=O)O)cc2Cl)[nH]1,SCH-4,missing,
156,negative:15,Cc1cc(=O)n(-c2cc(Cl)c(S(=O)(=O)O)cc2Cl)[nH]1,SCH-5,missing,
156,negative:15,Cc1cc(=O)n(-c2cc(Cl)c(S(=O)(=O)O)cc2Cl)[nH]1,SCH-6,missing,
156,negative:15,Cc1cc(=O)n(-c2cc(Cl)c(S(=O)(=O)O)cc2Cl)[nH]1,SCH-7,missing,
156,negative:15,Cc1cc(=O)n(-c2cc(Cl)c(S(=O)(=O)O)cc2Cl)[nH]1,VCH-3,missing,
156,negative:15,Cc1cc(=O)n(-c2cc(Cl)c(S(=O)(=O)O)cc2Cl)[nH]1,VCH-4,missing,
156,negative:15,Cc1cc(=O)n(-c2cc(Cl)c(S(=O)(=O)O)cc2Cl)[nH]1,VCH-5,missing,
156,negative:15,Cc1cc(=O)n(-c2cc(Cl)c(S(=O)(=O)O)cc2Cl)[nH]1,VCH-6,missing,
156,negative:15,Cc1cc(=O)n(-c2cc(Cl)c(S(=O)(=O)O)cc2Cl)[nH]1,VCH-7,missing,
156,negative:15,Cc1cc(=O)n(-c2cc(Cl)c(S(=O)(=O)O)cc2Cl)[nH]1,SC-3,missing,
156,negative:15,Cc1cc(=O)n(-c2cc(Cl)c(S(=O)(=O)O)cc2Cl)[nH]1,SC-4,missing,
156,negative:15,Cc1cc(=O)n(-c2cc(Cl)c(S(=O)(=O)O)cc2Cl)[nH]1,SC-5,missing,
156,negative:15,Cc1cc(=O)n(-c2cc(Cl)c(S(=O)(=O)O)cc2Cl)[nH]1,SC-6,missing,
156,negative:15,Cc1cc(=O)n(-c2cc(Cl)c(S(=O)(=O)O)cc2Cl)[nH]1,VC-3,missing,
156,negative:15,Cc1cc(=O)n(-c2cc(Cl)c(S(=O)(=O)O)cc2Cl)[nH]1,VC-4,missing,
156,negative:15,Cc1cc(=O)n(-c2cc(Cl)c(S(=O)(=O)O)cc2Cl)[nH]1,VC-5,missing,
156,negative:15,Cc1cc(=O)n(-c2cc(Cl)c(S(=O)(=O)O)cc2Cl)[nH]1,VC-6,missing,
156,negative:15,Cc1cc(=O)n(-c2cc(Cl)c(S(=O)(=O)O)cc2Cl)[nH]1,SPC-4,missing,
156,negative:15,Cc1cc(=O)n(-c2cc(Cl)c(S(=O)(=O)O)cc2Cl)[nH]1,SPC-5,missing,
156,negative:15,Cc1cc(=O)n(-c2cc(Cl)c(S(=O)(=O)O)cc2Cl)[nH]1,SPC-6,missing,
156,negative:15,Cc1cc(=O)n(-c2cc(Cl)c(S(=O)(=O)O)cc2Cl)[nH]1,VPC-4,missing,
156,negative:15,Cc1cc(=O)n(-c2cc(Cl)c(S(=O)(=O)O)cc2Cl)[nH]1,VPC-5,missing,
156,negative:15,Cc1cc(=O)n(-c2cc(Cl)c(S(=O)(=O)O)cc2Cl)[nH]1,VPC-6,missing,
156,negative:15,Cc1cc(=O)n(-c2cc(Cl)c(S(=O)(=O)O)cc2Cl)[nH]1,SP-0,missing,
156,negative:15,Cc1cc(=O)n(-c2cc(Cl)c(S(=O)(=O)O)cc2Cl)[nH]1,SP-1,missing,
156,negative:15,Cc1cc(=O)n(-c2cc(Cl)c(S(=O)(=O)O)cc2Cl)[nH]1,SP-2,missing,
156,negative:15,Cc1cc(=O)n(-c2cc(Cl)c(S(=O)(=O)O)cc2Cl)[nH]1,SP-3,missing,
156,negative:15,Cc1cc(=O)n(-c2cc(Cl)c(S(=O)(=O)O)cc2Cl)[nH]1,SP-4,missing,
156,negative:15,Cc1cc(=O)n(-c2cc(Cl)c(S(=O)(=O)O)cc2Cl)[nH]1,SP-5,missing,
156,negative:15,Cc1cc(=O)n(-c2cc(Cl)c(S(=O)(=O)O)cc2Cl)[nH]1,SP-6,missing,
156,negative:15,Cc1cc(=O)n(-c2cc(Cl)c(S(=O)(=O)O)cc2Cl)[nH]1,SP-7,missing,
156,negative:15,Cc1cc(=O)n(-c2cc(Cl)c(S(=O)(=O)O)cc2Cl)[nH]1,ASP-0,missing,
156,negative:15,Cc1cc(=O)n(-c2cc(Cl)c(S(=O)(=O)O)cc2Cl)[nH]1,ASP-1,missing,
156,negative:15,Cc1cc(=O)n(-c2cc(Cl)c(S(=O)(=O)O)cc2Cl)[nH]1,ASP-2,missing,
156,negative:15,Cc1cc(=O)n(-c2cc(Cl)c(S(=O)(=O)O)cc2Cl)[nH]1,ASP-3,missing,
156,negative:15,Cc1cc(=O)n(-c2cc(Cl)c(S(=O)(=O)O)cc2Cl)[nH]1,ASP-4,missing,
156,negative:15,Cc1cc(=O)n(-c2cc(Cl)c(S(=O)(=O)O)cc2Cl)[nH]1,ASP-5,missing,
156,negative:15,Cc1cc(=O)n(-c2cc(Cl)c(S(=O)(=O)O)cc2Cl)[nH]1,ASP-6,missing,
156,negative:15,Cc1cc(=O)n(-c2cc(Cl)c(S(=O)(=O)O)cc2Cl)[nH]1,ASP-7,missing,
156,negative:15,Cc1cc(=O)n(-c2cc(Cl)c(S(=O)(=O)O)cc2Cl)[nH]1,VP-0,missing,
156,negative:15,Cc1cc(=O)n(-c2cc(Cl)c(S(=O)(=O)O)cc2Cl)[nH]1,VP-1,missing,
156,negative:15,Cc1cc(=O)n(-c2cc(Cl)c(S(=O)(=O)O)cc2Cl)[nH]1,VP-2,missing,
156,negative:15,Cc1cc(=O)n(-c2cc(Cl)c(S(=O)(=O)O)cc2Cl)[nH]1,VP-3,missing,
156,negative:15,Cc1cc(=O)n(-c2cc(Cl)c(S(=O)(=O)O)cc2Cl)[nH]1,VP-4,missing,
156,negative:15,Cc1cc(=O)n(-c2cc(Cl)c(S(=O)(=O)O)cc2Cl)[nH]1,VP-5,missing,
156,negative:15,Cc1cc(=O)n(-c2cc(Cl)c(S(=O)(=O)O)cc2Cl)[nH]1,VP-6,missing,
156,negative:15,Cc1cc(=O)n(-c2cc(Cl)c(S(=O)(=O)O)cc2Cl)[nH]1,VP-7,missing,
156,negative:15,Cc1cc(=O)n(-c2cc(Cl)c(S(=O)(=O)O)cc2Cl)[nH]1,AVP-0,missing,
156,negative:15,Cc1cc(=O)n(-c2cc(Cl)c(S(=O)(=O)O)cc2Cl)[nH]1,AVP-1,missing,
156,negative:15,Cc1cc(=O)n(-c2cc(Cl)c(S(=O)(=O)O)cc2Cl)[nH]1,AVP-2,missing,
156,negative:15,Cc1cc(=O)n(-c2cc(Cl)c(S(=O)(=O)O)cc2Cl)[nH]1,AVP-3,missing,
156,negative:15,Cc1cc(=O)n(-c2cc(Cl)c(S(=O)(=O)O)cc2Cl)[nH]1,AVP-4,missing,
156,negative:15,Cc1cc(=O)n(-c2cc(Cl)c(S(=O)(=O)O)cc2Cl)[nH]1,AVP-5,missing,
156,negative:15,Cc1cc(=O)n(-c2cc(Cl)c(S(=O)(=O)O)cc2Cl)[nH]1,AVP-6,missing,
156,negative:15,Cc1cc(=O)n(-c2cc(Cl)c(S(=O)(=O)O)cc2Cl)[nH]1,AVP-7,missing,
156,negative:15,Cc1cc(=O)n(-c2cc(Cl)c(S(=O)(=O)O)cc2Cl)[nH]1,VABC,missing,
208,negative:67,ClC(Cl)=C(Cl)Cl,SpMax7_Bhm,missing,
208,negative:67,ClC(Cl)=C(Cl)Cl,SpMax8_Bhm,missing,
208,negative:67,ClC(Cl)=C(Cl)Cl,SpMin7_Bhm,missing,
208,negative:67,ClC(Cl)=C(Cl)Cl,SpMin8_Bhm,missing,
208,negative:67,ClC(Cl)=C(Cl)Cl,SpMax7_Bhv,missing,
208,negative:67,ClC(Cl)=C(Cl)Cl,SpMax8_Bhv,missing,
208,negative:67,ClC(Cl)=C(Cl)Cl,SpMin7_Bhv,missing,
208,negative:67,ClC(Cl)=C(Cl)Cl,SpMin8_Bhv,missing,
208,negative:67,ClC(Cl)=C(Cl)Cl,SpMax7_Bhe,missing,
208,negative:67,ClC(Cl)=C(Cl)Cl,SpMax8_Bhe,missing,
208,negative:67,ClC(Cl)=C(Cl)Cl,SpMin7_Bhe,missing,
208,negative:67,ClC(Cl)=C(Cl)Cl,SpMin8_Bhe,missing,
208,negative:67,ClC(Cl)=C(Cl)Cl,SpMax7_Bhp,missing,
208,negative:67,ClC(Cl)=C(Cl)Cl,SpMax8_Bhp,missing,
208,negative:67,ClC(Cl)=C(Cl)Cl,SpMin7_Bhp,missing,
208,negative:67,ClC(Cl)=C(Cl)Cl,SpMin8_Bhp,missing,
208,negative:67,ClC(Cl)=C(Cl)Cl,SpMax7_Bhi,missing,
208,negative:67,ClC(Cl)=C(Cl)Cl,SpMax8_Bhi,missing,
208,negative:67,ClC(Cl)=C(Cl)Cl,SpMin7_Bhi,missing,
208,negative:67,ClC(Cl)=C(Cl)Cl,SpMin8_Bhi,missing,
208,negative:67,ClC(Cl)=C(Cl)Cl,SpMax7_Bhs,missing,
208,negative:67,ClC(Cl)=C(Cl)Cl,SpMax8_Bhs,missing,
208,negative:67,ClC(Cl)=C(Cl)Cl,SpMin7_Bhs,missing,
208,negative:67,ClC(Cl)=C(Cl)Cl,SpMin8_Bhs,missing,
242,negative:101,Cc1[nH]n(-c2ccccc2)c(=O)c1N=Nc1ccc(-c2ccc(N=Nc3c(C)[nH]n(-c4ccccc4)c3=O)c(Cl)c2)cc1Cl,BCUTw-1l,missing,
242,negative:101,Cc1[nH]n(-c2ccccc2)c(=O)c1N=Nc1ccc(-c2ccc(N=Nc3c(C)[nH]n(-c4ccccc4)c3=O)c(Cl)c2)cc1Cl,BCUTw-1h,missing,
242,negative:101,Cc1[nH]n(-c2ccccc2)c(=O)c1N=Nc1ccc(-c2ccc(N=Nc3c(C)[nH]n(-c4ccccc4)c3=O)c(Cl)c2)cc1Cl,BCUTc-1l,missing,
242,negative:101,Cc1[nH]n(-c2ccccc2)c(=O)c1N=Nc1ccc(-c2ccc(N=Nc3c(C)[nH]n(-c4ccccc4)c3=O)c(Cl)c2)cc1Cl,BCUTc-1h,missing,
242,negative:101,Cc1[nH]n(-c2ccccc2)c(=O)c1N=Nc1ccc(-c2ccc(N=Nc3c(C)[nH]n(-c4ccccc4)c3=O)c(Cl)c2)cc1Cl,BCUTp-1l,missing,
242,negative:101,Cc1[nH]n(-c2ccccc2)c(=O)c1N=Nc1ccc(-c2ccc(N=Nc3c(C)[nH]n(-c4ccccc4)c3=O)c(Cl)c2)cc1Cl,BCUTp-1h,missing,
242,negative:101,Cc1[nH]n(-c2ccccc2)c(=O)c1N=Nc1ccc(-c2ccc(N=Nc3c(C)[nH]n(-c4ccccc4)c3=O)c(Cl)c2)cc1Cl,SCH-3,missing,
242,negative:101,Cc1[nH]n(-c2ccccc2)c(=O)c1N=Nc1ccc(-c2ccc(N=Nc3c(C)[nH]n(-c4ccccc4)c3=O)c(Cl)c2)cc1Cl,SCH-4,missing,
242,negative:101,Cc1[nH]n(-c2ccccc2)c(=O)c1N=Nc1ccc(-c2ccc(N=Nc3c(C)[nH]n(-c4ccccc4)c3=O)c(Cl)c2)cc1Cl,SCH-5,missing,
242,negative:101,Cc1[nH]n(-c2ccccc2)c(=O)c1N=Nc1ccc(-c2ccc(N=Nc3c(C)[nH]n(-c4ccccc4)c3=O)c(Cl)c2)cc1Cl,SCH-6,missing,
242,negative:101,Cc1[nH]n(-c2ccccc2)c(=O)c1N=Nc1ccc(-c2ccc(N=Nc3c(C)[nH]n(-c4ccccc4)c3=O)c(Cl)c2)cc1Cl,SCH-7,missing,
242,negative:101,Cc1[nH]n(-c2ccccc2)c(=O)c1N=Nc1ccc(-c2ccc(N=Nc3c(C)[nH]n(-c4ccccc4)c3=O)c(Cl)c2)cc1Cl,VCH-3,missing,
242,negative:101,Cc1[nH]n(-c2ccccc2)c(=O)c1N=Nc1ccc(-c2ccc(N=Nc3c(C)[nH]n(-c4ccccc4)c3=O)c(Cl)c2)cc1Cl,VCH-4,missing,
242,negative:101,Cc1[nH]n(-c2ccccc2)c(=O)c1N=Nc1ccc(-c2ccc(N=Nc3c(C)[nH]n(-c4ccccc4)c3=O)c(Cl)c2)cc1Cl,VCH-5,missing,
242,negative:101,Cc1[nH]n(-c2ccccc2)c(=O)c1N=Nc1ccc(-c2ccc(N=Nc3c(C)[nH]n(-c4ccccc4)c3=O)c(Cl)c2)cc1Cl,VCH-6,missing,
242,negative:101,Cc1[nH]n(-c2ccccc2)c(=O)c1N=Nc1ccc(-c2ccc(N=Nc3c(C)[nH]n(-c4ccccc4)c3=O)c(Cl)c2)cc1Cl,VCH-7,missing,
242,negative:101,Cc1[nH]n(-c2ccccc2)c(=O)c1N=Nc1ccc(-c2ccc(N=Nc3c(C)[nH]n(-c4ccccc4)c3=O)c(Cl)c2)cc1Cl,SC-3,missing,
242,negative:101,Cc1[nH]n(-c2ccccc2)c(=O)c1N=Nc1ccc(-c2ccc(N=Nc3c(C)[nH]n(-c4ccccc4)c3=O)c(Cl)c2)cc1Cl,SC-4,missing,
242,negative:101,Cc1[nH]n(-c2ccccc2)c(=O)c1N=Nc1ccc(-c2ccc(N=Nc3c(C)[nH]n(-c4ccccc4)c3=O)c(Cl)c2)cc1Cl,SC-5,missing,
242,negative:101,Cc1[nH]n(-c2ccccc2)c(=O)c1N=Nc1ccc(-c2ccc(N=Nc3c(C)[nH]n(-c4ccccc4)c3=O)c(Cl)c2)cc1Cl,SC-6,missing,
242,negative:101,Cc1[nH]n(-c2ccccc2)c(=O)c1N=Nc1ccc(-c2ccc(N=Nc3c(C)[nH]n(-c4ccccc4)c3=O)c(Cl)c2)cc1Cl,VC-3,missing,
242,negative:101,Cc1[nH]n(-c2ccccc2)c(=O)c1N=Nc1ccc(-c2ccc(N=Nc3c(C)[nH]n(-c4ccccc4)c3=O)c(Cl)c2)cc1Cl,VC-4,missing,
242,negative:101,Cc1[nH]n(-c2ccccc2)c(=O)c1N=Nc1ccc(-c2ccc(N=Nc3c(C)[nH]n(-c4ccccc4)c3=O)c(Cl)c2)cc1Cl,VC-5,missing,
242,negative:101,Cc1[nH]n(-c2ccccc2)c(=O)c1N=Nc1ccc(-c2ccc(N=Nc3c(C)[nH]n(-c4ccccc4)c3=O)c(Cl)c2)cc1Cl,VC-6,missing,
242,negative:101,Cc1[nH]n(-c2ccccc2)c(=O)c1N=Nc1ccc(-c2ccc(N=Nc3c(C)[nH]n(-c4ccccc4)c3=O)c(Cl)c2)cc1Cl,SPC-4,missing,
242,negative:101,Cc1[nH]n(-c2ccccc2)c(=O)c1N=Nc1ccc(-c2ccc(N=Nc3c(C)[nH]n(-c4ccccc4)c3=O)c(Cl)c2)cc1Cl,SPC-5,missing,
242,negative:101,Cc1[nH]n(-c2ccccc2)c(=O)c1N=Nc1ccc(-c2ccc(N=Nc3c(C)[nH]n(-c4ccccc4)c3=O)c(Cl)c2)cc1Cl,SPC-6,missing,
242,negative:101,Cc1[nH]n(-c2ccccc2)c(=O)c1N=Nc1ccc(-c2ccc(N=Nc3c(C)[nH]n(-c4ccccc4)c3=O)c(Cl)c2)cc1Cl,VPC-4,missing,
242,negative:101,Cc1[nH]n(-c2ccccc2)c(=O)c1N=Nc1ccc(-c2ccc(N=Nc3c(C)[nH]n(-c4ccccc4)c3=O)c(Cl)c2)cc1Cl,VPC-5,missing,
242,negative:101,Cc1[nH]n(-c2ccccc2)c(=O)c1N=Nc1ccc(-c2ccc(N=Nc3c(C)[nH]n(-c4ccccc4)c3=O)c(Cl)c2)cc1Cl,VPC-6,missing,
242,negative:101,Cc1[nH]n(-c2ccccc2)c(=O)c1N=Nc1ccc(-c2ccc(N=Nc3c(C)[nH]n(-c4ccccc4)c3=O)c(Cl)c2)cc1Cl,SP-0,missing,
242,negative:101,Cc1[nH]n(-c2ccccc2)c(=O)c1N=Nc1ccc(-c2ccc(N=Nc3c(C)[nH]n(-c4ccccc4)c3=O)c(Cl)c2)cc1Cl,SP-1,missing,
242,negative:101,Cc1[nH]n(-c2ccccc2)c(=O)c1N=Nc1ccc(-c2ccc(N=Nc3c(C)[nH]n(-c4ccccc4)c3=O)c(Cl)c2)cc1Cl,SP-2,missing,
242,negative:101,Cc1[nH]n(-c2ccccc2)c(=O)c1N=Nc1ccc(-c2ccc(N=Nc3c(C)[nH]n(-c4ccccc4)c3=O)c(Cl)c2)cc1Cl,SP-3,missing,
242,negative:101,Cc1[nH]n(-c2ccccc2)c(=O)c1N=Nc1ccc(-c2ccc(N=Nc3c(C)[nH]n(-c4ccccc4)c3=O)c(Cl)c2)cc1Cl,SP-4,missing,
242,negative:101,Cc1[nH]n(-c2ccccc2)c(=O)c1N=Nc1ccc(-c2ccc(N=Nc3c(C)[nH]n(-c4ccccc4)c3=O)c(Cl)c2)cc1Cl,SP-5,missing,
242,negative:101,Cc1[nH]n(-c2ccccc2)c(=O)c1N=Nc1ccc(-c2ccc(N=Nc3c(C)[nH]n(-c4ccccc4)c3=O)c(Cl)c2)cc1Cl,SP-6,missing,
242,negative:101,Cc1[nH]n(-c2ccccc2)c(=O)c1N=Nc1ccc(-c2ccc(N=Nc3c(C)[nH]n(-c4ccccc4)c3=O)c(Cl)c2)cc1Cl,SP-7,missing,
242,negative:101,Cc1[nH]n(-c2ccccc2)c(=O)c1N=Nc1ccc(-c2ccc(N=Nc3c(C)[nH]n(-c4ccccc4)c3=O)c(Cl)c2)cc1Cl,ASP-0,missing,
242,negative:101,Cc1[nH]n(-c2ccccc2)c(=O)c1N=Nc1ccc(-c2ccc(N=Nc3c(C)[nH]n(-c4ccccc4)c3=O)c(Cl)c2)cc1Cl,ASP-1,missing,
242,negative:101,Cc1[nH]n(-c2ccccc2)c(=O)c1N=Nc1ccc(-c2ccc(N=Nc3c(C)[nH]n(-c4ccccc4)c3=O)c(Cl)c2)cc1Cl,ASP-2,missing,
242,negative:101,Cc1[nH]n(-c2ccccc2)c(=O)c1N=Nc1ccc(-c2ccc(N=Nc3c(C)[nH]n(-c4ccccc4)c3=O)c(Cl)c2)cc1Cl,ASP-3,missing,
242,negative:101,Cc1[nH]n(-c2ccccc2)c(=O)c1N=Nc1ccc(-c2ccc(N=Nc3c(C)[nH]n(-c4ccccc4)c3=O)c(Cl)c2)cc1Cl,ASP-4,missing,
242,negative:101,Cc1[nH]n(-c2ccccc2)c(=O)c1N=Nc1ccc(-c2ccc(N=Nc3c(C)[nH]n(-c4ccccc4)c3=O)c(Cl)c2)cc1Cl,ASP-5,missing,
242,negative:101,Cc1[nH]n(-c2ccccc2)c(=O)c1N=Nc1ccc(-c2ccc(N=Nc3c(C)[nH]n(-c4ccccc4)c3=O)c(Cl)c2)cc1Cl,ASP-6,missing,
242,negative:101,Cc1[nH]n(-c2ccccc2)c(=O)c1N=Nc1ccc(-c2ccc(N=Nc3c(C)[nH]n(-c4ccccc4)c3=O)c(Cl)c2)cc1Cl,ASP-7,missing,
242,negative:101,Cc1[nH]n(-c2ccccc2)c(=O)c1N=Nc1ccc(-c2ccc(N=Nc3c(C)[nH]n(-c4ccccc4)c3=O)c(Cl)c2)cc1Cl,VP-0,missing,
242,negative:101,Cc1[nH]n(-c2ccccc2)c(=O)c1N=Nc1ccc(-c2ccc(N=Nc3c(C)[nH]n(-c4ccccc4)c3=O)c(Cl)c2)cc1Cl,VP-1,missing,
242,negative:101,Cc1[nH]n(-c2ccccc2)c(=O)c1N=Nc1ccc(-c2ccc(N=Nc3c(C)[nH]n(-c4ccccc4)c3=O)c(Cl)c2)cc1Cl,VP-2,missing,
242,negative:101,Cc1[nH]n(-c2ccccc2)c(=O)c1N=Nc1ccc(-c2ccc(N=Nc3c(C)[nH]n(-c4ccccc4)c3=O)c(Cl)c2)cc1Cl,VP-3,missing,
242,negative:101,Cc1[nH]n(-c2ccccc2)c(=O)c1N=Nc1ccc(-c2ccc(N=Nc3c(C)[nH]n(-c4ccccc4)c3=O)c(Cl)c2)cc1Cl,VP-4,missing,
242,negative:101,Cc1[nH]n(-c2ccccc2)c(=O)c1N=Nc1ccc(-c2ccc(N=Nc3c(C)[nH]n(-c4ccccc4)c3=O)c(Cl)c2)cc1Cl,VP-5,missing,
242,negative:101,Cc1[nH]n(-c2ccccc2)c(=O)c1N=Nc1ccc(-c2ccc(N=Nc3c(C)[nH]n(-c4ccccc4)c3=O)c(Cl)c2)cc1Cl,VP-6,missing,
242,negative:101,Cc1[nH]n(-c2ccccc2)c(=O)c1N=Nc1ccc(-c2ccc(N=Nc3c(C)[nH]n(-c4ccccc4)c3=O)c(Cl)c2)cc1Cl,VP-7,missing,
242,negative:101,Cc1[nH]n(-c2ccccc2)c(=O)c1N=Nc1ccc(-c2ccc(N=Nc3c(C)[nH]n(-c4ccccc4)c3=O)c(Cl)c2)cc1Cl,AVP-0,missing,
242,negative:101,Cc1[nH]n(-c2ccccc2)c(=O)c1N=Nc1ccc(-c2ccc(N=Nc3c(C)[nH]n(-c4ccccc4)c3=O)c(Cl)c2)cc1Cl,AVP-1,missing,
242,negative:101,Cc1[nH]n(-c2ccccc2)c(=O)c1N=Nc1ccc(-c2ccc(N=Nc3c(C)[nH]n(-c4ccccc4)c3=O)c(Cl)c2)cc1Cl,AVP-2,missing,
242,negative:101,Cc1[nH]n(-c2ccccc2)c(=O)c1N=Nc1ccc(-c2ccc(N=Nc3c(C)[nH]n(-c4ccccc4)c3=O)c(Cl)c2)cc1Cl,AVP-3,missing,
242,negative:101,Cc1[nH]n(-c2ccccc2)c(=O)c1N=Nc1ccc(-c2ccc(N=Nc3c(C)[nH]n(-c4ccccc4)c3=O)c(Cl)c2)cc1Cl,AVP-4,missing,
242,negative:101,Cc1[nH]n(-c2ccccc2)c(=O)c1N=Nc1ccc(-c2ccc(N=Nc3c(C)[nH]n(-c4ccccc4)c3=O)c(Cl)c2)cc1Cl,AVP-5,missing,
242,negative:101,Cc1[nH]n(-c2ccccc2)c(=O)c1N=Nc1ccc(-c2ccc(N=Nc3c(C)[nH]n(-c4ccccc4)c3=O)c(Cl)c2)cc1Cl,AVP-6,missing,
242,negative:101,Cc1[nH]n(-c2ccccc2)c(=O)c1N=Nc1ccc(-c2ccc(N=Nc3c(C)[nH]n(-c4ccccc4)c3=O)c(Cl)c2)cc1Cl,AVP-7,missing,
242,negative:101,Cc1[nH]n(-c2ccccc2)c(=O)c1N=Nc1ccc(-c2ccc(N=Nc3c(C)[nH]n(-c4ccccc4)c3=O)c(Cl)c2)cc1Cl,VABC,missing,
258,negative:117,CC(C)Oc1cc(-n2nc(C(C)(C)C)oc2=O)c(Cl)cc1Cl,BCUTw-1l,missing,
258,negative:117,CC(C)Oc1cc(-n2nc(C(C)(C)C)oc2=O)c(Cl)cc1Cl,BCUTw-1h,missing,
258,negative:117,CC(C)Oc1cc(-n2nc(C(C)(C)C)oc2=O)c(Cl)cc1Cl,BCUTc-1l,missing,
258,negative:117,CC(C)Oc1cc(-n2nc(C(C)(C)C)oc2=O)c(Cl)cc1Cl,BCUTc-1h,missing,
258,negative:117,CC(C)Oc1cc(-n2nc(C(C)(C)C)oc2=O)c(Cl)cc1Cl,BCUTp-1l,missing,
258,negative:117,CC(C)Oc1cc(-n2nc(C(C)(C)C)oc2=O)c(Cl)cc1Cl,BCUTp-1h,missing,
258,negative:117,CC(C)Oc1cc(-n2nc(C(C)(C)C)oc2=O)c(Cl)cc1Cl,SCH-3,missing,
258,negative:117,CC(C)Oc1cc(-n2nc(C(C)(C)C)oc2=O)c(Cl)cc1Cl,SCH-4,missing,
258,negative:117,CC(C)Oc1cc(-n2nc(C(C)(C)C)oc2=O)c(Cl)cc1Cl,SCH-5,missing,
258,negative:117,CC(C)Oc1cc(-n2nc(C(C)(C)C)oc2=O)c(Cl)cc1Cl,SCH-6,missing,
258,negative:117,CC(C)Oc1cc(-n2nc(C(C)(C)C)oc2=O)c(Cl)cc1Cl,SCH-7,missing,
258,negative:117,CC(C)Oc1cc(-n2nc(C(C)(C)C)oc2=O)c(Cl)cc1Cl,VCH-3,missing,
258,negative:117,CC(C)Oc1cc(-n2nc(C(C)(C)C)oc2=O)c(Cl)cc1Cl,VCH-4,missing,
258,negative:117,CC(C)Oc1cc(-n2nc(C(C)(C)C)oc2=O)c(Cl)cc1Cl,VCH-5,missing,
258,negative:117,CC(C)Oc1cc(-n2nc(C(C)(C)C)oc2=O)c(Cl)cc1Cl,VCH-6,missing,
258,negative:117,CC(C)Oc1cc(-n2nc(C(C)(C)C)oc2=O)c(Cl)cc1Cl,VCH-7,missing,
258,negative:117,CC(C)Oc1cc(-n2nc(C(C)(C)C)oc2=O)c(Cl)cc1Cl,SC-3,missing,
258,negative:117,CC(C)Oc1cc(-n2nc(C(C)(C)C)oc2=O)c(Cl)cc1Cl,SC-4,missing,
258,negative:117,CC(C)Oc1cc(-n2nc(C(C)(C)C)oc2=O)c(Cl)cc1Cl,SC-5,missing,
258,negative:117,CC(C)Oc1cc(-n2nc(C(C)(C)C)oc2=O)c(Cl)cc1Cl,SC-6,missing,
258,negative:117,CC(C)Oc1cc(-n2nc(C(C)(C)C)oc2=O)c(Cl)cc1Cl,VC-3,missing,
258,negative:117,CC(C)Oc1cc(-n2nc(C(C)(C)C)oc2=O)c(Cl)cc1Cl,VC-4,missing,
258,negative:117,CC(C)Oc1cc(-n2nc(C(C)(C)C)oc2=O)c(Cl)cc1Cl,VC-5,missing,
258,negative:117,CC(C)Oc1cc(-n2nc(C(C)(C)C)oc2=O)c(Cl)cc1Cl,VC-6,missing,
258,negative:117,CC(C)Oc1cc(-n2nc(C(C)(C)C)oc2=O)c(Cl)cc1Cl,SPC-4,missing,
258,negative:117,CC(C)Oc1cc(-n2nc(C(C)(C)C)oc2=O)c(Cl)cc1Cl,SPC-5,missing,
258,negative:117,CC(C)Oc1cc(-n2nc(C(C)(C)C)oc2=O)c(Cl)cc1Cl,SPC-6,missing,
258,negative:117,CC(C)Oc1cc(-n2nc(C(C)(C)C)oc2=O)c(Cl)cc1Cl,VPC-4,missing,
258,negative:117,CC(C)Oc1cc(-n2nc(C(C)(C)C)oc2=O)c(Cl)cc1Cl,VPC-5,missing,
258,negative:117,CC(C)Oc1cc(-n2nc(C(C)(C)C)oc2=O)c(Cl)cc1Cl,VPC-6,missing,
258,negative:117,CC(C)Oc1cc(-n2nc(C(C)(C)C)oc2=O)c(Cl)cc1Cl,SP-0,missing,
258,negative:117,CC(C)Oc1cc(-n2nc(C(C)(C)C)oc2=O)c(Cl)cc1Cl,SP-1,missing,
258,negative:117,CC(C)Oc1cc(-n2nc(C(C)(C)C)oc2=O)c(Cl)cc1Cl,SP-2,missing,
258,negative:117,CC(C)Oc1cc(-n2nc(C(C)(C)C)oc2=O)c(Cl)cc1Cl,SP-3,missing,
258,negative:117,CC(C)Oc1cc(-n2nc(C(C)(C)C)oc2=O)c(Cl)cc1Cl,SP-4,missing,
258,negative:117,CC(C)Oc1cc(-n2nc(C(C)(C)C)oc2=O)c(Cl)cc1Cl,SP-5,missing,
258,negative:117,CC(C)Oc1cc(-n2nc(C(C)(C)C)oc2=O)c(Cl)cc1Cl,SP-6,missing,
258,negative:117,CC(C)Oc1cc(-n2nc(C(C)(C)C)oc2=O)c(Cl)cc1Cl,SP-7,missing,
258,negative:117,CC(C)Oc1cc(-n2nc(C(C)(C)C)oc2=O)c(Cl)cc1Cl,ASP-0,missing,
258,negative:117,CC(C)Oc1cc(-n2nc(C(C)(C)C)oc2=O)c(Cl)cc1Cl,ASP-1,missing,
258,negative:117,CC(C)Oc1cc(-n2nc(C(C)(C)C)oc2=O)c(Cl)cc1Cl,ASP-2,missing,
258,negative:117,CC(C)Oc1cc(-n2nc(C(C)(C)C)oc2=O)c(Cl)cc1Cl,ASP-3,missing,
258,negative:117,CC(C)Oc1cc(-n2nc(C(C)(C)C)oc2=O)c(Cl)cc1Cl,ASP-4,missing,
258,negative:117,CC(C)Oc1cc(-n2nc(C(C)(C)C)oc2=O)c(Cl)cc1Cl,ASP-5,missing,
258,negative:117,CC(C)Oc1cc(-n2nc(C(C)(C)C)oc2=O)c(Cl)cc1Cl,ASP-6,missing,
258,negative:117,CC(C)Oc1cc(-n2nc(C(C)(C)C)oc2=O)c(Cl)cc1Cl,ASP-7,missing,
258,negative:117,CC(C)Oc1cc(-n2nc(C(C)(C)C)oc2=O)c(Cl)cc1Cl,VP-0,missing,
258,negative:117,CC(C)Oc1cc(-n2nc(C(C)(C)C)oc2=O)c(Cl)cc1Cl,VP-1,missing,
258,negative:117,CC(C)Oc1cc(-n2nc(C(C)(C)C)oc2=O)c(Cl)cc1Cl,VP-2,missing,
258,negative:117,CC(C)Oc1cc(-n2nc(C(C)(C)C)oc2=O)c(Cl)cc1Cl,VP-3,missing,
258,negative:117,CC(C)Oc1cc(-n2nc(C(C)(C)C)oc2=O)c(Cl)cc1Cl,VP-4,missing,
258,negative:117,CC(C)Oc1cc(-n2nc(C(C)(C)C)oc2=O)c(Cl)cc1Cl,VP-5,missing,
258,negative:117,CC(C)Oc1cc(-n2nc(C(C)(C)C)oc2=O)c(Cl)cc1Cl,VP-6,missing,
258,negative:117,CC(C)Oc1cc(-n2nc(C(C)(C)C)oc2=O)c(Cl)cc1Cl,VP-7,missing,
258,negative:117,CC(C)Oc1cc(-n2nc(C(C)(C)C)oc2=O)c(Cl)cc1Cl,AVP-0,missing,
258,negative:117,CC(C)Oc1cc(-n2nc(C(C)(C)C)oc2=O)c(Cl)cc1Cl,AVP-1,missing,
258,negative:117,CC(C)Oc1cc(-n2nc(C(C)(C)C)oc2=O)c(Cl)cc1Cl,AVP-2,missing,
258,negative:117,CC(C)Oc1cc(-n2nc(C(C)(C)C)oc2=O)c(Cl)cc1Cl,AVP-3,missing,
258,negative:117,CC(C)Oc1cc(-n2nc(C(C)(C)C)oc2=O)c(Cl)cc1Cl,AVP-4,missing,
258,negative:117,CC(C)Oc1cc(-n2nc(C(C)(C)C)oc2=O)c(Cl)cc1Cl,AVP-5,missing,
258,negative:117,CC(C)Oc1cc(-n2nc(C(C)(C)C)oc2=O)c(Cl)cc1Cl,AVP-6,missing,
258,negative:117,CC(C)Oc1cc(-n2nc(C(C)(C)C)oc2=O)c(Cl)cc1Cl,AVP-7,missing,
258,negative:117,CC(C)Oc1cc(-n2nc(C(C)(C)C)oc2=O)c(Cl)cc1Cl,VABC,missing,
260,negative:119,CCCCCCCCn1sccc1=O,BCUTw-1l,missing,
260,negative:119,CCCCCCCCn1sccc1=O,BCUTw-1h,missing,
260,negative:119,CCCCCCCCn1sccc1=O,BCUTc-1l,missing,
260,negative:119,CCCCCCCCn1sccc1=O,BCUTc-1h,missing,
260,negative:119,CCCCCCCCn1sccc1=O,BCUTp-1l,missing,
260,negative:119,CCCCCCCCn1sccc1=O,BCUTp-1h,missing,
260,negative:119,CCCCCCCCn1sccc1=O,SCH-3,missing,
260,negative:119,CCCCCCCCn1sccc1=O,SCH-4,missing,
260,negative:119,CCCCCCCCn1sccc1=O,SCH-5,missing,
260,negative:119,CCCCCCCCn1sccc1=O,SCH-6,missing,
260,negative:119,CCCCCCCCn1sccc1=O,SCH-7,missing,
260,negative:119,CCCCCCCCn1sccc1=O,VCH-3,missing,
260,negative:119,CCCCCCCCn1sccc1=O,VCH-4,missing,
260,negative:119,CCCCCCCCn1sccc1=O,VCH-5,missing,
260,negative:119,CCCCCCCCn1sccc1=O,VCH-6,missing,
260,negative:119,CCCCCCCCn1sccc1=O,VCH-7,missing,
260,negative:119,CCCCCCCCn1sccc1=O,SC-3,missing,
260,negative:119,CCCCCCCCn1sccc1=O,SC-4,missing,
260,negative:119,CCCCCCCCn1sccc1=O,SC-5,missing,
260,negative:119,CCCCCCCCn1sccc1=O,SC-6,missing,
260,negative:119,CCCCCCCCn1sccc1=O,VC-3,missing,
260,negative:119,CCCCCCCCn1sccc1=O,VC-4,missing,
260,negative:119,CCCCCCCCn1sccc1=O,VC-5,missing,
260,negative:119,CCCCCCCCn1sccc1=O,VC-6,missing,
260,negative:119,CCCCCCCCn1sccc1=O,SPC-4,missing,
260,negative:119,CCCCCCCCn1sccc1=O,SPC-5,missing,
260,negative:119,CCCCCCCCn1sccc1=O,SPC-6,missing,
260,negative:119,CCCCCCCCn1sccc1=O,VPC-4,missing,
260,negative:119,CCCCCCCCn1sccc1=O,VPC-5,missing,
260,negative:119,CCCCCCCCn1sccc1=O,VPC-6,missing,
260,negative:119,CCCCCCCCn1sccc1=O,SP-0,missing,
260,negative:119,CCCCCCCCn1sccc1=O,SP-1,missing,
260,negative:119,CCCCCCCCn1sccc1=O,SP-2,missing,
260,negative:119,CCCCCCCCn1sccc1=O,SP-3,missing,
260,negative:119,CCCCCCCCn1sccc1=O,SP-4,missing,
260,negative:119,CCCCCCCCn1sccc1=O,SP-5,missing,
260,negative:119,CCCCCCCCn1sccc1=O,SP-6,missing,
260,negative:119,CCCCCCCCn1sccc1=O,SP-7,missing,
260,negative:119,CCCCCCCCn1sccc1=O,ASP-0,missing,
260,negative:119,CCCCCCCCn1sccc1=O,ASP-1,missing,
260,negative:119,CCCCCCCCn1sccc1=O,ASP-2,missing,
260,negative:119,CCCCCCCCn1sccc1=O,ASP-3,missing,
260,negative:119,CCCCCCCCn1sccc1=O,ASP-4,missing,
260,negative:119,CCCCCCCCn1sccc1=O,ASP-5,missing,
260,negative:119,CCCCCCCCn1sccc1=O,ASP-6,missing,
260,negative:119,CCCCCCCCn1sccc1=O,ASP-7,missing,
260,negative:119,CCCCCCCCn1sccc1=O,VP-0,missing,
260,negative:119,CCCCCCCCn1sccc1=O,VP-1,missing,
260,negative:119,CCCCCCCCn1sccc1=O,VP-2,missing,
260,negative:119,CCCCCCCCn1sccc1=O,VP-3,missing,
260,negative:119,CCCCCCCCn1sccc1=O,VP-4,missing,
260,negative:119,CCCCCCCCn1sccc1=O,VP-5,missing,
260,negative:119,CCCCCCCCn1sccc1=O,VP-6,missing,
260,negative:119,CCCCCCCCn1sccc1=O,VP-7,missing,
260,negative:119,CCCCCCCCn1sccc1=O,AVP-0,missing,
260,negative:119,CCCCCCCCn1sccc1=O,AVP-1,missing,
260,negative:119,CCCCCCCCn1sccc1=O,AVP-2,missing,
260,negative:119,CCCCCCCCn1sccc1=O,AVP-3,missing,
260,negative:119,CCCCCCCCn1sccc1=O,AVP-4,missing,
260,negative:119,CCCCCCCCn1sccc1=O,AVP-5,missing,
260,negative:119,CCCCCCCCn1sccc1=O,AVP-6,missing,
260,negative:119,CCCCCCCCn1sccc1=O,AVP-7,missing,
260,negative:119,CCCCCCCCn1sccc1=O,VABC,missing,
269,negative:128,Cc1cc(=O)[nH]c(C(C)C)n1,BCUTw-1l,missing,
269,negative:128,Cc1cc(=O)[nH]c(C(C)C)n1,BCUTw-1h,missing,
269,negative:128,Cc1cc(=O)[nH]c(C(C)C)n1,BCUTc-1l,missing,
269,negative:128,Cc1cc(=O)[nH]c(C(C)C)n1,BCUTc-1h,missing,
269,negative:128,Cc1cc(=O)[nH]c(C(C)C)n1,BCUTp-1l,missing,
269,negative:128,Cc1cc(=O)[nH]c(C(C)C)n1,BCUTp-1h,missing,
269,negative:128,Cc1cc(=O)[nH]c(C(C)C)n1,SCH-3,missing,
269,negative:128,Cc1cc(=O)[nH]c(C(C)C)n1,SCH-4,missing,
269,negative:128,Cc1cc(=O)[nH]c(C(C)C)n1,SCH-5,missing,
269,negative:128,Cc1cc(=O)[nH]c(C(C)C)n1,SCH-6,missing,
269,negative:128,Cc1cc(=O)[nH]c(C(C)C)n1,SCH-7,missing,
269,negative:128,Cc1cc(=O)[nH]c(C(C)C)n1,VCH-3,missing,
269,negative:128,Cc1cc(=O)[nH]c(C(C)C)n1,VCH-4,missing,
269,negative:128,Cc1cc(=O)[nH]c(C(C)C)n1,VCH-5,missing,
269,negative:128,Cc1cc(=O)[nH]c(C(C)C)n1,VCH-6,missing,
269,negative:128,Cc1cc(=O)[nH]c(C(C)C)n1,VCH-7,missing,
269,negative:128,Cc1cc(=O)[nH]c(C(C)C)n1,SC-3,missing,
269,negative:128,Cc1cc(=O)[nH]c(C(C)C)n1,SC-4,missing,
269,negative:128,Cc1cc(=O)[nH]c(C(C)C)n1,SC-5,missing,
269,negative:128,Cc1cc(=O)[nH]c(C(C)C)n1,SC-6,missing,
269,negative:128,Cc1cc(=O)[nH]c(C(C)C)n1,VC-3,missing,
269,negative:128,Cc1cc(=O)[nH]c(C(C)C)n1,VC-4,missing,
269,negative:128,Cc1cc(=O)[nH]c(C(C)C)n1,VC-5,missing,
269,negative:128,Cc1cc(=O)[nH]c(C(C)C)n1,VC-6,missing,
269,negative:128,Cc1cc(=O)[nH]c(C(C)C)n1,SPC-4,missing,
269,negative:128,Cc1cc(=O)[nH]c(C(C)C)n1,SPC-5,missing,
269,negative:128,Cc1cc(=O)[nH]c(C(C)C)n1,SPC-6,missing,
269,negative:128,Cc1cc(=O)[nH]c(C(C)C)n1,VPC-4,missing,
269,negative:128,Cc1cc(=O)[nH]c(C(C)C)n1,VPC-5,missing,
269,negative:128,Cc1cc(=O)[nH]c(C(C)C)n1,VPC-6,missing,
269,negative:128,Cc1cc(=O)[nH]c(C(C)C)n1,SP-0,missing,
269,negative:128,Cc1cc(=O)[nH]c(C(C)C)n1,SP-1,missing,
269,negative:128,Cc1cc(=O)[nH]c(C(C)C)n1,SP-2,missing,
269,negative:128,Cc1cc(=O)[nH]c(C(C)C)n1,SP-3,missing,
269,negative:128,Cc1cc(=O)[nH]c(C(C)C)n1,SP-4,missing,
269,negative:128,Cc1cc(=O)[nH]c(C(C)C)n1,SP-5,missing,
269,negative:128,Cc1cc(=O)[nH]c(C(C)C)n1,SP-6,missing,
269,negative:128,Cc1cc(=O)[nH]c(C(C)C)n1,SP-7,missing,
269,negative:128,Cc1cc(=O)[nH]c(C(C)C)n1,ASP-0,missing,
269,negative:128,Cc1cc(=O)[nH]c(C(C)C)n1,ASP-1,missing,
269,negative:128,Cc1cc(=O)[nH]c(C(C)C)n1,ASP-2,missing,
269,negative:128,Cc1cc(=O)[nH]c(C(C)C)n1,ASP-3,missing,
269,negative:128,Cc1cc(=O)[nH]c(C(C)C)n1,ASP-4,missing,
269,negative:128,Cc1cc(=O)[nH]c(C(C)C)n1,ASP-5,missing,
269,negative:128,Cc1cc(=O)[nH]c(C(C)C)n1,ASP-6,missing,
269,negative:128,Cc1cc(=O)[nH]c(C(C)C)n1,ASP-7,missing,
269,negative:128,Cc1cc(=O)[nH]c(C(C)C)n1,VP-0,missing,
269,negative:128,Cc1cc(=O)[nH]c(C(C)C)n1,VP-1,missing,
269,negative:128,Cc1cc(=O)[nH]c(C(C)C)n1,VP-2,missing,
269,negative:128,Cc1cc(=O)[nH]c(C(C)C)n1,VP-3,missing,
269,negative:128,Cc1cc(=O)[nH]c(C(C)C)n1,VP-4,missing,
269,negative:128,Cc1cc(=O)[nH]c(C(C)C)n1,VP-5,missing,
269,negative:128,Cc1cc(=O)[nH]c(C(C)C)n1,VP-6,missing,
269,negative:128,Cc1cc(=O)[nH]c(C(C)C)n1,VP-7,missing,
269,negative:128,Cc1cc(=O)[nH]c(C(C)C)n1,AVP-0,missing,
269,negative:128,Cc1cc(=O)[nH]c(C(C)C)n1,AVP-1,missing,
269,negative:128,Cc1cc(=O)[nH]c(C(C)C)n1,AVP-2,missing,
269,negative:128,Cc1cc(=O)[nH]c(C(C)C)n1,AVP-3,missing,
269,negative:128,Cc1cc(=O)[nH]c(C(C)C)n1,AVP-4,missing,
269,negative:128,Cc1cc(=O)[nH]c(C(C)C)n1,AVP-5,missing,
269,negative:128,Cc1cc(=O)[nH]c(C(C)C)n1,AVP-6,missing,
269,negative:128,Cc1cc(=O)[nH]c(C(C)C)n1,AVP-7,missing,
269,negative:128,Cc1cc(=O)[nH]c(C(C)C)n1,VABC,missing,
273,negative:132,O=C(O)Cn1c(=O)sc2cccc(Cl)c21,BCUTw-1l,missing,
273,negative:132,O=C(O)Cn1c(=O)sc2cccc(Cl)c21,BCUTw-1h,missing,
273,negative:132,O=C(O)Cn1c(=O)sc2cccc(Cl)c21,BCUTc-1l,missing,
273,negative:132,O=C(O)Cn1c(=O)sc2cccc(Cl)c21,BCUTc-1h,missing,
273,negative:132,O=C(O)Cn1c(=O)sc2cccc(Cl)c21,BCUTp-1l,missing,
273,negative:132,O=C(O)Cn1c(=O)sc2cccc(Cl)c21,BCUTp-1h,missing,
273,negative:132,O=C(O)Cn1c(=O)sc2cccc(Cl)c21,SCH-3,missing,
273,negative:132,O=C(O)Cn1c(=O)sc2cccc(Cl)c21,SCH-4,missing,
273,negative:132,O=C(O)Cn1c(=O)sc2cccc(Cl)c21,SCH-5,missing,
273,negative:132,O=C(O)Cn1c(=O)sc2cccc(Cl)c21,SCH-6,missing,
273,negative:132,O=C(O)Cn1c(=O)sc2cccc(Cl)c21,SCH-7,missing,
273,negative:132,O=C(O)Cn1c(=O)sc2cccc(Cl)c21,VCH-3,missing,
273,negative:132,O=C(O)Cn1c(=O)sc2cccc(Cl)c21,VCH-4,missing,
273,negative:132,O=C(O)Cn1c(=O)sc2cccc(Cl)c21,VCH-5,missing,
273,negative:132,O=C(O)Cn1c(=O)sc2cccc(Cl)c21,VCH-6,missing,
273,negative:132,O=C(O)Cn1c(=O)sc2cccc(Cl)c21,VCH-7,missing,
273,negative:132,O=C(O)Cn1c(=O)sc2cccc(Cl)c21,SC-3,missing,
273,negative:132,O=C(O)Cn1c(=O)sc2cccc(Cl)c21,SC-4,missing,
273,negative:132,O=C(O)Cn1c(=O)sc2cccc(Cl)c21,SC-5,missing,
273,negative:132,O=C(O)Cn1c(=O)sc2cccc(Cl)c21,SC-6,missing,
273,negative:132,O=C(O)Cn1c(=O)sc2cccc(Cl)c21,VC-3,missing,
273,negative:132,O=C(O)Cn1c(=O)sc2cccc(Cl)c21,VC-4,missing,
273,negative:132,O=C(O)Cn1c(=O)sc2cccc(Cl)c21,VC-5,missing,
273,negative:132,O=C(O)Cn1c(=O)sc2cccc(Cl)c21,VC-6,missing,
273,negative:132,O=C(O)Cn1c(=O)sc2cccc(Cl)c21,SPC-4,missing,
273,negative:132,O=C(O)Cn1c(=O)sc2cccc(Cl)c21,SPC-5,missing,
273,negative:132,O=C(O)Cn1c(=O)sc2cccc(Cl)c21,SPC-6,missing,
273,negative:132,O=C(O)Cn1c(=O)sc2cccc(Cl)c21,VPC-4,missing,
273,negative:132,O=C(O)Cn1c(=O)sc2cccc(Cl)c21,VPC-5,missing,
273,negative:132,O=C(O)Cn1c(=O)sc2cccc(Cl)c21,VPC-6,missing,
273,negative:132,O=C(O)Cn1c(=O)sc2cccc(Cl)c21,SP-0,missing,
273,negative:132,O=C(O)Cn1c(=O)sc2cccc(Cl)c21,SP-1,missing,
273,negative:132,O=C(O)Cn1c(=O)sc2cccc(Cl)c21,SP-2,missing,
273,negative:132,O=C(O)Cn1c(=O)sc2cccc(Cl)c21,SP-3,missing,
273,negative:132,O=C(O)Cn1c(=O)sc2cccc(Cl)c21,SP-4,missing,
273,negative:132,O=C(O)Cn1c(=O)sc2cccc(Cl)c21,SP-5,missing,
273,negative:132,O=C(O)Cn1c(=O)sc2cccc(Cl)c21,SP-6,missing,
273,negative:132,O=C(O)Cn1c(=O)sc2cccc(Cl)c21,SP-7,missing,
273,negative:132,O=C(O)Cn1c(=O)sc2cccc(Cl)c21,ASP-0,missing,
273,negative:132,O=C(O)Cn1c(=O)sc2cccc(Cl)c21,ASP-1,missing,
273,negative:132,O=C(O)Cn1c(=O)sc2cccc(Cl)c21,ASP-2,missing,
273,negative:132,O=C(O)Cn1c(=O)sc2cccc(Cl)c21,ASP-3,missing,
273,negative:132,O=C(O)Cn1c(=O)sc2cccc(Cl)c21,ASP-4,missing,
273,negative:132,O=C(O)Cn1c(=O)sc2cccc(Cl)c21,ASP-5,missing,
273,negative:132,O=C(O)Cn1c(=O)sc2cccc(Cl)c21,ASP-6,missing,
273,negative:132,O=C(O)Cn1c(=O)sc2cccc(Cl)c21,ASP-7,missing,
273,negative:132,O=C(O)Cn1c(=O)sc2cccc(Cl)c21,VP-0,missing,
273,negative:132,O=C(O)Cn1c(=O)sc2cccc(Cl)c21,VP-1,missing,
273,negative:132,O=C(O)Cn1c(=O)sc2cccc(Cl)c21,VP-2,missing,
273,negative:132,O=C(O)Cn1c(=O)sc2cccc(Cl)c21,VP-3,missing,
273,negative:132,O=C(O)Cn1c(=O)sc2cccc(Cl)c21,VP-4,missing,
273,negative:132,O=C(O)Cn1c(=O)sc2cccc(Cl)c21,VP-5,missing,
273,negative:132,O=C(O)Cn1c(=O)sc2cccc(Cl)c21,VP-6,missing,
273,negative:132,O=C(O)Cn1c(=O)sc2cccc(Cl)c21,VP-7,missing,
273,negative:132,O=C(O)Cn1c(=O)sc2cccc(Cl)c21,AVP-0,missing,
273,negative:132,O=C(O)Cn1c(=O)sc2cccc(Cl)c21,AVP-1,missing,
273,negative:132,O=C(O)Cn1c(=O)sc2cccc(Cl)c21,AVP-2,missing,
273,negative:132,O=C(O)Cn1c(=O)sc2cccc(Cl)c21,AVP-3,missing,
273,negative:132,O=C(O)Cn1c(=O)sc2cccc(Cl)c21,AVP-4,missing,
273,negative:132,O=C(O)Cn1c(=O)sc2cccc(Cl)c21,AVP-5,missing,
273,negative:132,O=C(O)Cn1c(=O)sc2cccc(Cl)c21,AVP-6,missing,
273,negative:132,O=C(O)Cn1c(=O)sc2cccc(Cl)c21,AVP-7,missing,
273,negative:132,O=C(O)Cn1c(=O)sc2cccc(Cl)c21,VABC,missing,
306,negative:165,CCCOc1nc2ccc(I)cc2c(=O)n1CCC,BCUTw-1l,missing,
306,negative:165,CCCOc1nc2ccc(I)cc2c(=O)n1CCC,BCUTw-1h,missing,
306,negative:165,CCCOc1nc2ccc(I)cc2c(=O)n1CCC,BCUTc-1l,missing,
306,negative:165,CCCOc1nc2ccc(I)cc2c(=O)n1CCC,BCUTc-1h,missing,
306,negative:165,CCCOc1nc2ccc(I)cc2c(=O)n1CCC,BCUTp-1l,missing,
306,negative:165,CCCOc1nc2ccc(I)cc2c(=O)n1CCC,BCUTp-1h,missing,
306,negative:165,CCCOc1nc2ccc(I)cc2c(=O)n1CCC,SCH-3,missing,
306,negative:165,CCCOc1nc2ccc(I)cc2c(=O)n1CCC,SCH-4,missing,
306,negative:165,CCCOc1nc2ccc(I)cc2c(=O)n1CCC,SCH-5,missing,
306,negative:165,CCCOc1nc2ccc(I)cc2c(=O)n1CCC,SCH-6,missing,
306,negative:165,CCCOc1nc2ccc(I)cc2c(=O)n1CCC,SCH-7,missing,
306,negative:165,CCCOc1nc2ccc(I)cc2c(=O)n1CCC,VCH-3,missing,
306,negative:165,CCCOc1nc2ccc(I)cc2c(=O)n1CCC,VCH-4,missing,
306,negative:165,CCCOc1nc2ccc(I)cc2c(=O)n1CCC,VCH-5,missing,
306,negative:165,CCCOc1nc2ccc(I)cc2c(=O)n1CCC,VCH-6,missing,
306,negative:165,CCCOc1nc2ccc(I)cc2c(=O)n1CCC,VCH-7,missing,
306,negative:165,CCCOc1nc2ccc(I)cc2c(=O)n1CCC,SC-3,missing,
306,negative:165,CCCOc1nc2ccc(I)cc2c(=O)n1CCC,SC-4,missing,
306,negative:165,CCCOc1nc2ccc(I)cc2c(=O)n1CCC,SC-5,missing,
306,negative:165,CCCOc1nc2ccc(I)cc2c(=O)n1CCC,SC-6,missing,
306,negative:165,CCCOc1nc2ccc(I)cc2c(=O)n1CCC,VC-3,missing,
306,negative:165,CCCOc1nc2ccc(I)cc2c(=O)n1CCC,VC-4,missing,
306,negative:165,CCCOc1nc2ccc(I)cc2c(=O)n1CCC,VC-5,missing,
306,negative:165,CCCOc1nc2ccc(I)cc2c(=O)n1CCC,VC-6,missing,
306,negative:165,CCCOc1nc2ccc(I)cc2c(=O)n1CCC,SPC-4,missing,
306,negative:165,CCCOc1nc2ccc(I)cc2c(=O)n1CCC,SPC-5,missing,
306,negative:165,CCCOc1nc2ccc(I)cc2c(=O)n1CCC,SPC-6,missing,
306,negative:165,CCCOc1nc2ccc(I)cc2c(=O)n1CCC,VPC-4,missing,
306,negative:165,CCCOc1nc2ccc(I)cc2c(=O)n1CCC,VPC-5,missing,
306,negative:165,CCCOc1nc2ccc(I)cc2c(=O)n1CCC,VPC-6,missing,
306,negative:165,CCCOc1nc2ccc(I)cc2c(=O)n1CCC,SP-0,missing,
306,negative:165,CCCOc1nc2ccc(I)cc2c(=O)n1CCC,SP-1,missing,
306,negative:165,CCCOc1nc2ccc(I)cc2c(=O)n1CCC,SP-2,missing,
306,negative:165,CCCOc1nc2ccc(I)cc2c(=O)n1CCC,SP-3,missing,
306,negative:165,CCCOc1nc2ccc(I)cc2c(=O)n1CCC,SP-4,missing,
306,negative:165,CCCOc1nc2ccc(I)cc2c(=O)n1CCC,SP-5,missing,
306,negative:165,CCCOc1nc2ccc(I)cc2c(=O)n1CCC,SP-6,missing,
306,negative:165,CCCOc1nc2ccc(I)cc2c(=O)n1CCC,SP-7,missing,
306,negative:165,CCCOc1nc2ccc(I)cc2c(=O)n1CCC,ASP-0,missing,
306,negative:165,CCCOc1nc2ccc(I)cc2c(=O)n1CCC,ASP-1,missing,
306,negative:165,CCCOc1nc2ccc(I)cc2c(=O)n1CCC,ASP-2,missing,
306,negative:165,CCCOc1nc2ccc(I)cc2c(=O)n1CCC,ASP-3,missing,
306,negative:165,CCCOc1nc2ccc(I)cc2c(=O)n1CCC,ASP-4,missing,
306,negative:165,CCCOc1nc2ccc(I)cc2c(=O)n1CCC,ASP-5,missing,
306,negative:165,CCCOc1nc2ccc(I)cc2c(=O)n1CCC,ASP-6,missing,
306,negative:165,CCCOc1nc2ccc(I)cc2c(=O)n1CCC,ASP-7,missing,
306,negative:165,CCCOc1nc2ccc(I)cc2c(=O)n1CCC,VP-0,missing,
306,negative:165,CCCOc1nc2ccc(I)cc2c(=O)n1CCC,VP-1,missing,
306,negative:165,CCCOc1nc2ccc(I)cc2c(=O)n1CCC,VP-2,missing,
306,negative:165,CCCOc1nc2ccc(I)cc2c(=O)n1CCC,VP-3,missing,
306,negative:165,CCCOc1nc2ccc(I)cc2c(=O)n1CCC,VP-4,missing,
306,negative:165,CCCOc1nc2ccc(I)cc2c(=O)n1CCC,VP-5,missing,
306,negative:165,CCCOc1nc2ccc(I)cc2c(=O)n1CCC,VP-6,missing,
306,negative:165,CCCOc1nc2ccc(I)cc2c(=O)n1CCC,VP-7,missing,
306,negative:165,CCCOc1nc2ccc(I)cc2c(=O)n1CCC,AVP-0,missing,
306,negative:165,CCCOc1nc2ccc(I)cc2c(=O)n1CCC,AVP-1,missing,
306,negative:165,CCCOc1nc2ccc(I)cc2c(=O)n1CCC,AVP-2,missing,
306,negative:165,CCCOc1nc2ccc(I)cc2c(=O)n1CCC,AVP-3,missing,
306,negative:165,CCCOc1nc2ccc(I)cc2c(=O)n1CCC,AVP-4,missing,
306,negative:165,CCCOc1nc2ccc(I)cc2c(=O)n1CCC,AVP-5,missing,
306,negative:165,CCCOc1nc2ccc(I)cc2c(=O)n1CCC,AVP-6,missing,
306,negative:165,CCCOc1nc2ccc(I)cc2c(=O)n1CCC,AVP-7,missing,
306,negative:165,CCCOc1nc2ccc(I)cc2c(=O)n1CCC,VABC,missing,
310,negative:169,Cc1c(C(=O)c2c[nH]n(C)c2=O)ccc(S(C)(=O)=O)c1C1=NOCC1,BCUTw-1l,missing,
310,negative:169,Cc1c(C(=O)c2c[nH]n(C)c2=O)ccc(S(C)(=O)=O)c1C1=NOCC1,BCUTw-1h,missing,
310,negative:169,Cc1c(C(=O)c2c[nH]n(C)c2=O)ccc(S(C)(=O)=O)c1C1=NOCC1,BCUTc-1l,missing,
310,negative:169,Cc1c(C(=O)c2c[nH]n(C)c2=O)ccc(S(C)(=O)=O)c1C1=NOCC1,BCUTc-1h,missing,
310,negative:169,Cc1c(C(=O)c2c[nH]n(C)c2=O)ccc(S(C)(=O)=O)c1C1=NOCC1,BCUTp-1l,missing,
310,negative:169,Cc1c(C(=O)c2c[nH]n(C)c2=O)ccc(S(C)(=O)=O)c1C1=NOCC1,BCUTp-1h,missing,
310,negative:169,Cc1c(C(=O)c2c[nH]n(C)c2=O)ccc(S(C)(=O)=O)c1C1=NOCC1,SCH-3,missing,
310,negative:169,Cc1c(C(=O)c2c[nH]n(C)c2=O)ccc(S(C)(=O)=O)c1C1=NOCC1,SCH-4,missing,
310,negative:169,Cc1c(C(=O)c2c[nH]n(C)c2=O)ccc(S(C)(=O)=O)c1C1=NOCC1,SCH-5,missing,
310,negative:169,Cc1c(C(=O)c2c[nH]n(C)c2=O)ccc(S(C)(=O)=O)c1C1=NOCC1,SCH-6,missing,
310,negative:169,Cc1c(C(=O)c2c[nH]n(C)c2=O)ccc(S(C)(=O)=O)c1C1=NOCC1,SCH-7,missing,
310,negative:169,Cc1c(C(=O)c2c[nH]n(C)c2=O)ccc(S(C)(=O)=O)c1C1=NOCC1,VCH-3,missing,
310,negative:169,Cc1c(C(=O)c2c[nH]n(C)c2=O)ccc(S(C)(=O)=O)c1C1=NOCC1,VCH-4,missing,
310,negative:169,Cc1c(C(=O)c2c[nH]n(C)c2=O)ccc(S(C)(=O)=O)c1C1=NOCC1,VCH-5,missing,
310,negative:169,Cc1c(C(=O)c2c[nH]n(C)c2=O)ccc(S(C)(=O)=O)c1C1=NOCC1,VCH-6,missing,
310,negative:169,Cc1c(C(=O)c2c[nH]n(C)c2=O)ccc(S(C)(=O)=O)c1C1=NOCC1,VCH-7,missing,
310,negative:169,Cc1c(C(=O)c2c[nH]n(C)c2=O)ccc(S(C)(=O)=O)c1C1=NOCC1,SC-3,missing,
310,negative:169,Cc1c(C(=O)c2c[nH]n(C)c2=O)ccc(S(C)(=O)=O)c1C1=NOCC1,SC-4,missing,
310,negative:169,Cc1c(C(=O)c2c[nH]n(C)c2=O)ccc(S(C)(=O)=O)c1C1=NOCC1,SC-5,missing,
310,negative:169,Cc1c(C(=O)c2c[nH]n(C)c2=O)ccc(S(C)(=O)=O)c1C1=NOCC1,SC-6,missing,
310,negative:169,Cc1c(C(=O)c2c[nH]n(C)c2=O)ccc(S(C)(=O)=O)c1C1=NOCC1,VC-3,missing,
310,negative:169,Cc1c(C(=O)c2c[nH]n(C)c2=O)ccc(S(C)(=O)=O)c1C1=NOCC1,VC-4,missing,
310,negative:169,Cc1c(C(=O)c2c[nH]n(C)c2=O)ccc(S(C)(=O)=O)c1C1=NOCC1,VC-5,missing,
310,negative:169,Cc1c(C(=O)c2c[nH]n(C)c2=O)ccc(S(C)(=O)=O)c1C1=NOCC1,VC-6,missing,
310,negative:169,Cc1c(C(=O)c2c[nH]n(C)c2=O)ccc(S(C)(=O)=O)c1C1=NOCC1,SPC-4,missing,
310,negative:169,Cc1c(C(=O)c2c[nH]n(C)c2=O)ccc(S(C)(=O)=O)c1C1=NOCC1,SPC-5,missing,
310,negative:169,Cc1c(C(=O)c2c[nH]n(C)c2=O)ccc(S(C)(=O)=O)c1C1=NOCC1,SPC-6,missing,
310,negative:169,Cc1c(C(=O)c2c[nH]n(C)c2=O)ccc(S(C)(=O)=O)c1C1=NOCC1,VPC-4,missing,
310,negative:169,Cc1c(C(=O)c2c[nH]n(C)c2=O)ccc(S(C)(=O)=O)c1C1=NOCC1,VPC-5,missing,
310,negative:169,Cc1c(C(=O)c2c[nH]n(C)c2=O)ccc(S(C)(=O)=O)c1C1=NOCC1,VPC-6,missing,
310,negative:169,Cc1c(C(=O)c2c[nH]n(C)c2=O)ccc(S(C)(=O)=O)c1C1=NOCC1,SP-0,missing,
310,negative:169,Cc1c(C(=O)c2c[nH]n(C)c2=O)ccc(S(C)(=O)=O)c1C1=NOCC1,SP-1,missing,
310,negative:169,Cc1c(C(=O)c2c[nH]n(C)c2=O)ccc(S(C)(=O)=O)c1C1=NOCC1,SP-2,missing,
310,negative:169,Cc1c(C(=O)c2c[nH]n(C)c2=O)ccc(S(C)(=O)=O)c1C1=NOCC1,SP-3,missing,
310,negative:169,Cc1c(C(=O)c2c[nH]n(C)c2=O)ccc(S(C)(=O)=O)c1C1=NOCC1,SP-4,missing,
310,negative:169,Cc1c(C(=O)c2c[nH]n(C)c2=O)ccc(S(C)(=O)=O)c1C1=NOCC1,SP-5,missing,
310,negative:169,Cc1c(C(=O)c2c[nH]n(C)c2=O)ccc(S(C)(=O)=O)c1C1=NOCC1,SP-6,missing,
310,negative:169,Cc1c(C(=O)c2c[nH]n(C)c2=O)ccc(S(C)(=O)=O)c1C1=NOCC1,SP-7,missing,
310,negative:169,Cc1c(C(=O)c2c[nH]n(C)c2=O)ccc(S(C)(=O)=O)c1C1=NOCC1,ASP-0,missing,
310,negative:169,Cc1c(C(=O)c2c[nH]n(C)c2=O)ccc(S(C)(=O)=O)c1C1=NOCC1,ASP-1,missing,
310,negative:169,Cc1c(C(=O)c2c[nH]n(C)c2=O)ccc(S(C)(=O)=O)c1C1=NOCC1,ASP-2,missing,
310,negative:169,Cc1c(C(=O)c2c[nH]n(C)c2=O)ccc(S(C)(=O)=O)c1C1=NOCC1,ASP-3,missing,
310,negative:169,Cc1c(C(=O)c2c[nH]n(C)c2=O)ccc(S(C)(=O)=O)c1C1=NOCC1,ASP-4,missing,
310,negative:169,Cc1c(C(=O)c2c[nH]n(C)c2=O)ccc(S(C)(=O)=O)c1C1=NOCC1,ASP-5,missing,
310,negative:169,Cc1c(C(=O)c2c[nH]n(C)c2=O)ccc(S(C)(=O)=O)c1C1=NOCC1,ASP-6,missing,
310,negative:169,Cc1c(C(=O)c2c[nH]n(C)c2=O)ccc(S(C)(=O)=O)c1C1=NOCC1,ASP-7,missing,
310,negative:169,Cc1c(C(=O)c2c[nH]n(C)c2=O)ccc(S(C)(=O)=O)c1C1=NOCC1,VP-0,missing,
310,negative:169,Cc1c(C(=O)c2c[nH]n(C)c2=O)ccc(S(C)(=O)=O)c1C1=NOCC1,VP-1,missing,
310,negative:169,Cc1c(C(=O)c2c[nH]n(C)c2=O)ccc(S(C)(=O)=O)c1C1=NOCC1,VP-2,missing,
310,negative:169,Cc1c(C(=O)c2c[nH]n(C)c2=O)ccc(S(C)(=O)=O)c1C1=NOCC1,VP-3,missing,
310,negative:169,Cc1c(C(=O)c2c[nH]n(C)c2=O)ccc(S(C)(=O)=O)c1C1=NOCC1,VP-4,missing,
310,negative:169,Cc1c(C(=O)c2c[nH]n(C)c2=O)ccc(S(C)(=O)=O)c1C1=NOCC1,VP-5,missing,
310,negative:169,Cc1c(C(=O)c2c[nH]n(C)c2=O)ccc(S(C)(=O)=O)c1C1=NOCC1,VP-6,missing,
310,negative:169,Cc1c(C(=O)c2c[nH]n(C)c2=O)ccc(S(C)(=O)=O)c1C1=NOCC1,VP-7,missing,
310,negative:169,Cc1c(C(=O)c2c[nH]n(C)c2=O)ccc(S(C)(=O)=O)c1C1=NOCC1,AVP-0,missing,
310,negative:169,Cc1c(C(=O)c2c[nH]n(C)c2=O)ccc(S(C)(=O)=O)c1C1=NOCC1,AVP-1,missing,
310,negative:169,Cc1c(C(=O)c2c[nH]n(C)c2=O)ccc(S(C)(=O)=O)c1C1=NOCC1,AVP-2,missing,
310,negative:169,Cc1c(C(=O)c2c[nH]n(C)c2=O)ccc(S(C)(=O)=O)c1C1=NOCC1,AVP-3,missing,
310,negative:169,Cc1c(C(=O)c2c[nH]n(C)c2=O)ccc(S(C)(=O)=O)c1C1=NOCC1,AVP-4,missing,
310,negative:169,Cc1c(C(=O)c2c[nH]n(C)c2=O)ccc(S(C)(=O)=O)c1C1=NOCC1,AVP-5,missing,
310,negative:169,Cc1c(C(=O)c2c[nH]n(C)c2=O)ccc(S(C)(=O)=O)c1C1=NOCC1,AVP-6,missing,
310,negative:169,Cc1c(C(=O)c2c[nH]n(C)c2=O)ccc(S(C)(=O)=O)c1C1=NOCC1,AVP-7,missing,
310,negative:169,Cc1c(C(=O)c2c[nH]n(C)c2=O)ccc(S(C)(=O)=O)c1C1=NOCC1,VABC,missing,
311,negative:170,CSc1nnc(C(C)(C)C)c(=O)n1N,BCUTw-1l,missing,
311,negative:170,CSc1nnc(C(C)(C)C)c(=O)n1N,BCUTw-1h,missing,
311,negative:170,CSc1nnc(C(C)(C)C)c(=O)n1N,BCUTc-1l,missing,
311,negative:170,CSc1nnc(C(C)(C)C)c(=O)n1N,BCUTc-1h,missing,
311,negative:170,CSc1nnc(C(C)(C)C)c(=O)n1N,BCUTp-1l,missing,
311,negative:170,CSc1nnc(C(C)(C)C)c(=O)n1N,BCUTp-1h,missing,
311,negative:170,CSc1nnc(C(C)(C)C)c(=O)n1N,SCH-3,missing,
311,negative:170,CSc1nnc(C(C)(C)C)c(=O)n1N,SCH-4,missing,
311,negative:170,CSc1nnc(C(C)(C)C)c(=O)n1N,SCH-5,missing,
311,negative:170,CSc1nnc(C(C)(C)C)c(=O)n1N,SCH-6,missing,
311,negative:170,CSc1nnc(C(C)(C)C)c(=O)n1N,SCH-7,missing,
311,negative:170,CSc1nnc(C(C)(C)C)c(=O)n1N,VCH-3,missing,
311,negative:170,CSc1nnc(C(C)(C)C)c(=O)n1N,VCH-4,missing,
311,negative:170,CSc1nnc(C(C)(C)C)c(=O)n1N,VCH-5,missing,
311,negative:170,CSc1nnc(C(C)(C)C)c(=O)n1N,VCH-6,missing,
311,negative:170,CSc1nnc(C(C)(C)C)c(=O)n1N,VCH-7,missing,
311,negative:170,CSc1nnc(C(C)(C)C)c(=O)n1N,SC-3,missing,
311,negative:170,CSc1nnc(C(C)(C)C)c(=O)n1N,SC-4,missing,
311,negative:170,CSc1nnc(C(C)(C)C)c(=O)n1N,SC-5,missing,
311,negative:170,CSc1nnc(C(C)(C)C)c(=O)n1N,SC-6,missing,
311,negative:170,CSc1nnc(C(C)(C)C)c(=O)n1N,VC-3,missing,
311,negative:170,CSc1nnc(C(C)(C)C)c(=O)n1N,VC-4,missing,
311,negative:170,CSc1nnc(C(C)(C)C)c(=O)n1N,VC-5,missing,
311,negative:170,CSc1nnc(C(C)(C)C)c(=O)n1N,VC-6,missing,
311,negative:170,CSc1nnc(C(C)(C)C)c(=O)n1N,SPC-4,missing,
311,negative:170,CSc1nnc(C(C)(C)C)c(=O)n1N,SPC-5,missing,
311,negative:170,CSc1nnc(C(C)(C)C)c(=O)n1N,SPC-6,missing,
311,negative:170,CSc1nnc(C(C)(C)C)c(=O)n1N,VPC-4,missing,
311,negative:170,CSc1nnc(C(C)(C)C)c(=O)n1N,VPC-5,missing,
311,negative:170,CSc1nnc(C(C)(C)C)c(=O)n1N,VPC-6,missing,
311,negative:170,CSc1nnc(C(C)(C)C)c(=O)n1N,SP-0,missing,
311,negative:170,CSc1nnc(C(C)(C)C)c(=O)n1N,SP-1,missing,
311,negative:170,CSc1nnc(C(C)(C)C)c(=O)n1N,SP-2,missing,
311,negative:170,CSc1nnc(C(C)(C)C)c(=O)n1N,SP-3,missing,
311,negative:170,CSc1nnc(C(C)(C)C)c(=O)n1N,SP-4,missing,
311,negative:170,CSc1nnc(C(C)(C)C)c(=O)n1N,SP-5,missing,
311,negative:170,CSc1nnc(C(C)(C)C)c(=O)n1N,SP-6,missing,
311,negative:170,CSc1nnc(C(C)(C)C)c(=O)n1N,SP-7,missing,
311,negative:170,CSc1nnc(C(C)(C)C)c(=O)n1N,ASP-0,missing,
311,negative:170,CSc1nnc(C(C)(C)C)c(=O)n1N,ASP-1,missing,
311,negative:170,CSc1nnc(C(C)(C)C)c(=O)n1N,ASP-2,missing,
311,negative:170,CSc1nnc(C(C)(C)C)c(=O)n1N,ASP-3,missing,
311,negative:170,CSc1nnc(C(C)(C)C)c(=O)n1N,ASP-4,missing,
311,negative:170,CSc1nnc(C(C)(C)C)c(=O)n1N,ASP-5,missing,
311,negative:170,CSc1nnc(C(C)(C)C)c(=O)n1N,ASP-6,missing,
311,negative:170,CSc1nnc(C(C)(C)C)c(=O)n1N,ASP-7,missing,
311,negative:170,CSc1nnc(C(C)(C)C)c(=O)n1N,VP-0,missing,
311,negative:170,CSc1nnc(C(C)(C)C)c(=O)n1N,VP-1,missing,
311,negative:170,CSc1nnc(C(C)(C)C)c(=O)n1N,VP-2,missing,
311,negative:170,CSc1nnc(C(C)(C)C)c(=O)n1N,VP-3,missing,
311,negative:170,CSc1nnc(C(C)(C)C)c(=O)n1N,VP-4,missing,
311,negative:170,CSc1nnc(C(C)(C)C)c(=O)n1N,VP-5,missing,
311,negative:170,CSc1nnc(C(C)(C)C)c(=O)n1N,VP-6,missing,
311,negative:170,CSc1nnc(C(C)(C)C)c(=O)n1N,VP-7,missing,
311,negative:170,CSc1nnc(C(C)(C)C)c(=O)n1N,AVP-0,missing,
311,negative:170,CSc1nnc(C(C)(C)C)c(=O)n1N,AVP-1,missing,
311,negative:170,CSc1nnc(C(C)(C)C)c(=O)n1N,AVP-2,missing,
311,negative:170,CSc1nnc(C(C)(C)C)c(=O)n1N,AVP-3,missing,
311,negative:170,CSc1nnc(C(C)(C)C)c(=O)n1N,AVP-4,missing,
311,negative:170,CSc1nnc(C(C)(C)C)c(=O)n1N,AVP-5,missing,
311,negative:170,CSc1nnc(C(C)(C)C)c(=O)n1N,AVP-6,missing,
311,negative:170,CSc1nnc(C(C)(C)C)c(=O)n1N,AVP-7,missing,
311,negative:170,CSc1nnc(C(C)(C)C)c(=O)n1N,VABC,missing,
315,negative:174,CCOP(=S)(OCC)SCn1c(=O)oc2cc(Cl)ccc21,BCUTw-1l,missing,
315,negative:174,CCOP(=S)(OCC)SCn1c(=O)oc2cc(Cl)ccc21,BCUTw-1h,missing,
315,negative:174,CCOP(=S)(OCC)SCn1c(=O)oc2cc(Cl)ccc21,BCUTc-1l,missing,
315,negative:174,CCOP(=S)(OCC)SCn1c(=O)oc2cc(Cl)ccc21,BCUTc-1h,missing,
315,negative:174,CCOP(=S)(OCC)SCn1c(=O)oc2cc(Cl)ccc21,BCUTp-1l,missing,
315,negative:174,CCOP(=S)(OCC)SCn1c(=O)oc2cc(Cl)ccc21,BCUTp-1h,missing,
315,negative:174,CCOP(=S)(OCC)SCn1c(=O)oc2cc(Cl)ccc21,SCH-3,missing,
315,negative:174,CCOP(=S)(OCC)SCn1c(=O)oc2cc(Cl)ccc21,SCH-4,missing,
315,negative:174,CCOP(=S)(OCC)SCn1c(=O)oc2cc(Cl)ccc21,SCH-5,missing,
315,negative:174,CCOP(=S)(OCC)SCn1c(=O)oc2cc(Cl)ccc21,SCH-6,missing,
315,negative:174,CCOP(=S)(OCC)SCn1c(=O)oc2cc(Cl)ccc21,SCH-7,missing,
315,negative:174,CCOP(=S)(OCC)SCn1c(=O)oc2cc(Cl)ccc21,VCH-3,missing,
315,negative:174,CCOP(=S)(OCC)SCn1c(=O)oc2cc(Cl)ccc21,VCH-4,missing,
315,negative:174,CCOP(=S)(OCC)SCn1c(=O)oc2cc(Cl)ccc21,VCH-5,missing,
315,negative:174,CCOP(=S)(OCC)SCn1c(=O)oc2cc(Cl)ccc21,VCH-6,missing,
315,negative:174,CCOP(=S)(OCC)SCn1c(=O)oc2cc(Cl)ccc21,VCH-7,missing,
315,negative:174,CCOP(=S)(OCC)SCn1c(=O)oc2cc(Cl)ccc21,SC-3,missing,
315,negative:174,CCOP(=S)(OCC)SCn1c(=O)oc2cc(Cl)ccc21,SC-4,missing,
315,negative:174,CCOP(=S)(OCC)SCn1c(=O)oc2cc(Cl)ccc21,SC-5,missing,
315,negative:174,CCOP(=S)(OCC)SCn1c(=O)oc2cc(Cl)ccc21,SC-6,missing,
315,negative:174,CCOP(=S)(OCC)SCn1c(=O)oc2cc(Cl)ccc21,VC-3,missing,
315,negative:174,CCOP(=S)(OCC)SCn1c(=O)oc2cc(Cl)ccc21,VC-4,missing,
315,negative:174,CCOP(=S)(OCC)SCn1c(=O)oc2cc(Cl)ccc21,VC-5,missing,
315,negative:174,CCOP(=S)(OCC)SCn1c(=O)oc2cc(Cl)ccc21,VC-6,missing,
315,negative:174,CCOP(=S)(OCC)SCn1c(=O)oc2cc(Cl)ccc21,SPC-4,missing,
315,negative:174,CCOP(=S)(OCC)SCn1c(=O)oc2cc(Cl)ccc21,SPC-5,missing,
315,negative:174,CCOP(=S)(OCC)SCn1c(=O)oc2cc(Cl)ccc21,SPC-6,missing,
315,negative:174,CCOP(=S)(OCC)SCn1c(=O)oc2cc(Cl)ccc21,VPC-4,missing,
315,negative:174,CCOP(=S)(OCC)SCn1c(=O)oc2cc(Cl)ccc21,VPC-5,missing,
315,negative:174,CCOP(=S)(OCC)SCn1c(=O)oc2cc(Cl)ccc21,VPC-6,missing,
315,negative:174,CCOP(=S)(OCC)SCn1c(=O)oc2cc(Cl)ccc21,SP-0,missing,
315,negative:174,CCOP(=S)(OCC)SCn1c(=O)oc2cc(Cl)ccc21,SP-1,missing,
315,negative:174,CCOP(=S)(OCC)SCn1c(=O)oc2cc(Cl)ccc21,SP-2,missing,
315,negative:174,CCOP(=S)(OCC)SCn1c(=O)oc2cc(Cl)ccc21,SP-3,missing,
315,negative:174,CCOP(=S)(OCC)SCn1c(=O)oc2cc(Cl)ccc21,SP-4,missing,
315,negative:174,CCOP(=S)(OCC)SCn1c(=O)oc2cc(Cl)ccc21,SP-5,missing,
315,negative:174,CCOP(=S)(OCC)SCn1c(=O)oc2cc(Cl)ccc21,SP-6,missing,
315,negative:174,CCOP(=S)(OCC)SCn1c(=O)oc2cc(Cl)ccc21,SP-7,missing,
315,negative:174,CCOP(=S)(OCC)SCn1c(=O)oc2cc(Cl)ccc21,ASP-0,missing,
315,negative:174,CCOP(=S)(OCC)SCn1c(=O)oc2cc(Cl)ccc21,ASP-1,missing,
315,negative:174,CCOP(=S)(OCC)SCn1c(=O)oc2cc(Cl)ccc21,ASP-2,missing,
315,negative:174,CCOP(=S)(OCC)SCn1c(=O)oc2cc(Cl)ccc21,ASP-3,missing,
315,negative:174,CCOP(=S)(OCC)SCn1c(=O)oc2cc(Cl)ccc21,ASP-4,missing,
315,negative:174,CCOP(=S)(OCC)SCn1c(=O)oc2cc(Cl)ccc21,ASP-5,missing,
315,negative:174,CCOP(=S)(OCC)SCn1c(=O)oc2cc(Cl)ccc21,ASP-6,missing,
315,negative:174,CCOP(=S)(OCC)SCn1c(=O)oc2cc(Cl)ccc21,ASP-7,missing,
315,negative:174,CCOP(=S)(OCC)SCn1c(=O)oc2cc(Cl)ccc21,VP-0,missing,
315,negative:174,CCOP(=S)(OCC)SCn1c(=O)oc2cc(Cl)ccc21,VP-1,missing,
315,negative:174,CCOP(=S)(OCC)SCn1c(=O)oc2cc(Cl)ccc21,VP-2,missing,
315,negative:174,CCOP(=S)(OCC)SCn1c(=O)oc2cc(Cl)ccc21,VP-3,missing,
315,negative:174,CCOP(=S)(OCC)SCn1c(=O)oc2cc(Cl)ccc21,VP-4,missing,
315,negative:174,CCOP(=S)(OCC)SCn1c(=O)oc2cc(Cl)ccc21,VP-5,missing,
315,negative:174,CCOP(=S)(OCC)SCn1c(=O)oc2cc(Cl)ccc21,VP-6,missing,
315,negative:174,CCOP(=S)(OCC)SCn1c(=O)oc2cc(Cl)ccc21,VP-7,missing,
315,negative:174,CCOP(=S)(OCC)SCn1c(=O)oc2cc(Cl)ccc21,AVP-0,missing,
315,negative:174,CCOP(=S)(OCC)SCn1c(=O)oc2cc(Cl)ccc21,AVP-1,missing,
315,negative:174,CCOP(=S)(OCC)SCn1c(=O)oc2cc(Cl)ccc21,AVP-2,missing,
315,negative:174,CCOP(=S)(OCC)SCn1c(=O)oc2cc(Cl)ccc21,AVP-3,missing,
315,negative:174,CCOP(=S)(OCC)SCn1c(=O)oc2cc(Cl)ccc21,AVP-4,missing,
315,negative:174,CCOP(=S)(OCC)SCn1c(=O)oc2cc(Cl)ccc21,AVP-5,missing,
315,negative:174,CCOP(=S)(OCC)SCn1c(=O)oc2cc(Cl)ccc21,AVP-6,missing,
315,negative:174,CCOP(=S)(OCC)SCn1c(=O)oc2cc(Cl)ccc21,AVP-7,missing,
315,negative:174,CCOP(=S)(OCC)SCn1c(=O)oc2cc(Cl)ccc21,VABC,missing,
324,negative:183,CNc1cnn(-c2cccc(C(F)(F)F)c2)c(=O)c1Cl,BCUTw-1l,missing,
324,negative:183,CNc1cnn(-c2cccc(C(F)(F)F)c2)c(=O)c1Cl,BCUTw-1h,missing,
324,negative:183,CNc1cnn(-c2cccc(C(F)(F)F)c2)c(=O)c1Cl,BCUTc-1l,missing,
324,negative:183,CNc1cnn(-c2cccc(C(F)(F)F)c2)c(=O)c1Cl,BCUTc-1h,missing,
324,negative:183,CNc1cnn(-c2cccc(C(F)(F)F)c2)c(=O)c1Cl,BCUTp-1l,missing,
324,negative:183,CNc1cnn(-c2cccc(C(F)(F)F)c2)c(=O)c1Cl,BCUTp-1h,missing,
324,negative:183,CNc1cnn(-c2cccc(C(F)(F)F)c2)c(=O)c1Cl,SCH-3,missing,
324,negative:183,CNc1cnn(-c2cccc(C(F)(F)F)c2)c(=O)c1Cl,SCH-4,missing,
324,negative:183,CNc1cnn(-c2cccc(C(F)(F)F)c2)c(=O)c1Cl,SCH-5,missing,
324,negative:183,CNc1cnn(-c2cccc(C(F)(F)F)c2)c(=O)c1Cl,SCH-6,missing,
324,negative:183,CNc1cnn(-c2cccc(C(F)(F)F)c2)c(=O)c1Cl,SCH-7,missing,
324,negative:183,CNc1cnn(-c2cccc(C(F)(F)F)c2)c(=O)c1Cl,VCH-3,missing,
324,negative:183,CNc1cnn(-c2cccc(C(F)(F)F)c2)c(=O)c1Cl,VCH-4,missing,
324,negative:183,CNc1cnn(-c2cccc(C(F)(F)F)c2)c(=O)c1Cl,VCH-5,missing,
324,negative:183,CNc1cnn(-c2cccc(C(F)(F)F)c2)c(=O)c1Cl,VCH-6,missing,
324,negative:183,CNc1cnn(-c2cccc(C(F)(F)F)c2)c(=O)c1Cl,VCH-7,missing,
324,negative:183,CNc1cnn(-c2cccc(C(F)(F)F)c2)c(=O)c1Cl,SC-3,missing,
324,negative:183,CNc1cnn(-c2cccc(C(F)(F)F)c2)c(=O)c1Cl,SC-4,missing,
324,negative:183,CNc1cnn(-c2cccc(C(F)(F)F)c2)c(=O)c1Cl,SC-5,missing,
324,negative:183,CNc1cnn(-c2cccc(C(F)(F)F)c2)c(=O)c1Cl,SC-6,missing,
324,negative:183,CNc1cnn(-c2cccc(C(F)(F)F)c2)c(=O)c1Cl,VC-3,missing,
324,negative:183,CNc1cnn(-c2cccc(C(F)(F)F)c2)c(=O)c1Cl,VC-4,missing,
324,negative:183,CNc1cnn(-c2cccc(C(F)(F)F)c2)c(=O)c1Cl,VC-5,missing,
324,negative:183,CNc1cnn(-c2cccc(C(F)(F)F)c2)c(=O)c1Cl,VC-6,missing,
324,negative:183,CNc1cnn(-c2cccc(C(F)(F)F)c2)c(=O)c1Cl,SPC-4,missing,
324,negative:183,CNc1cnn(-c2cccc(C(F)(F)F)c2)c(=O)c1Cl,SPC-5,missing,
324,negative:183,CNc1cnn(-c2cccc(C(F)(F)F)c2)c(=O)c1Cl,SPC-6,missing,
324,negative:183,CNc1cnn(-c2cccc(C(F)(F)F)c2)c(=O)c1Cl,VPC-4,missing,
324,negative:183,CNc1cnn(-c2cccc(C(F)(F)F)c2)c(=O)c1Cl,VPC-5,missing,
324,negative:183,CNc1cnn(-c2cccc(C(F)(F)F)c2)c(=O)c1Cl,VPC-6,missing,
324,negative:183,CNc1cnn(-c2cccc(C(F)(F)F)c2)c(=O)c1Cl,SP-0,missing,
324,negative:183,CNc1cnn(-c2cccc(C(F)(F)F)c2)c(=O)c1Cl,SP-1,missing,
324,negative:183,CNc1cnn(-c2cccc(C(F)(F)F)c2)c(=O)c1Cl,SP-2,missing,
324,negative:183,CNc1cnn(-c2cccc(C(F)(F)F)c2)c(=O)c1Cl,SP-3,missing,
324,negative:183,CNc1cnn(-c2cccc(C(F)(F)F)c2)c(=O)c1Cl,SP-4,missing,
324,negative:183,CNc1cnn(-c2cccc(C(F)(F)F)c2)c(=O)c1Cl,SP-5,missing,
324,negative:183,CNc1cnn(-c2cccc(C(F)(F)F)c2)c(=O)c1Cl,SP-6,missing,
324,negative:183,CNc1cnn(-c2cccc(C(F)(F)F)c2)c(=O)c1Cl,SP-7,missing,
324,negative:183,CNc1cnn(-c2cccc(C(F)(F)F)c2)c(=O)c1Cl,ASP-0,missing,
324,negative:183,CNc1cnn(-c2cccc(C(F)(F)F)c2)c(=O)c1Cl,ASP-1,missing,
324,negative:183,CNc1cnn(-c2cccc(C(F)(F)F)c2)c(=O)c1Cl,ASP-2,missing,
324,negative:183,CNc1cnn(-c2cccc(C(F)(F)F)c2)c(=O)c1Cl,ASP-3,missing,
324,negative:183,CNc1cnn(-c2cccc(C(F)(F)F)c2)c(=O)c1Cl,ASP-4,missing,
324,negative:183,CNc1cnn(-c2cccc(C(F)(F)F)c2)c(=O)c1Cl,ASP-5,missing,
324,negative:183,CNc1cnn(-c2cccc(C(F)(F)F)c2)c(=O)c1Cl,ASP-6,missing,
324,negative:183,CNc1cnn(-c2cccc(C(F)(F)F)c2)c(=O)c1Cl,ASP-7,missing,
324,negative:183,CNc1cnn(-c2cccc(C(F)(F)F)c2)c(=O)c1Cl,VP-0,missing,
324,negative:183,CNc1cnn(-c2cccc(C(F)(F)F)c2)c(=O)c1Cl,VP-1,missing,
324,negative:183,CNc1cnn(-c2cccc(C(F)(F)F)c2)c(=O)c1Cl,VP-2,missing,
324,negative:183,CNc1cnn(-c2cccc(C(F)(F)F)c2)c(=O)c1Cl,VP-3,missing,
324,negative:183,CNc1cnn(-c2cccc(C(F)(F)F)c2)c(=O)c1Cl,VP-4,missing,
324,negative:183,CNc1cnn(-c2cccc(C(F)(F)F)c2)c(=O)c1Cl,VP-5,missing,
324,negative:183,CNc1cnn(-c2cccc(C(F)(F)F)c2)c(=O)c1Cl,VP-6,missing,
324,negative:183,CNc1cnn(-c2cccc(C(F)(F)F)c2)c(=O)c1Cl,VP-7,missing,
324,negative:183,CNc1cnn(-c2cccc(C(F)(F)F)c2)c(=O)c1Cl,AVP-0,missing,
324,negative:183,CNc1cnn(-c2cccc(C(F)(F)F)c2)c(=O)c1Cl,AVP-1,missing,
324,negative:183,CNc1cnn(-c2cccc(C(F)(F)F)c2)c(=O)c1Cl,AVP-2,missing,
324,negative:183,CNc1cnn(-c2cccc(C(F)(F)F)c2)c(=O)c1Cl,AVP-3,missing,
324,negative:183,CNc1cnn(-c2cccc(C(F)(F)F)c2)c(=O)c1Cl,AVP-4,missing,
324,negative:183,CNc1cnn(-c2cccc(C(F)(F)F)c2)c(=O)c1Cl,AVP-5,missing,
324,negative:183,CNc1cnn(-c2cccc(C(F)(F)F)c2)c(=O)c1Cl,AVP-6,missing,
324,negative:183,CNc1cnn(-c2cccc(C(F)(F)F)c2)c(=O)c1Cl,AVP-7,missing,
324,negative:183,CNc1cnn(-c2cccc(C(F)(F)F)c2)c(=O)c1Cl,VABC,missing,
326,negative:185,O=c1c(C(CC(O)c2ccc(-c3ccc(Br)cc3)cc2)c2ccccc2)c(O)oc2ccccc12,BCUTw-1l,missing,
326,negative:185,O=c1c(C(CC(O)c2ccc(-c3ccc(Br)cc3)cc2)c2ccccc2)c(O)oc2ccccc12,BCUTw-1h,missing,
326,negative:185,O=c1c(C(CC(O)c2ccc(-c3ccc(Br)cc3)cc2)c2ccccc2)c(O)oc2ccccc12,BCUTc-1l,missing,
326,negative:185,O=c1c(C(CC(O)c2ccc(-c3ccc(Br)cc3)cc2)c2ccccc2)c(O)oc2ccccc12,BCUTc-1h,missing,
326,negative:185,O=c1c(C(CC(O)c2ccc(-c3ccc(Br)cc3)cc2)c2ccccc2)c(O)oc2ccccc12,BCUTp-1l,missing,
326,negative:185,O=c1c(C(CC(O)c2ccc(-c3ccc(Br)cc3)cc2)c2ccccc2)c(O)oc2ccccc12,BCUTp-1h,missing,
326,negative:185,O=c1c(C(CC(O)c2ccc(-c3ccc(Br)cc3)cc2)c2ccccc2)c(O)oc2ccccc12,SCH-3,missing,
326,negative:185,O=c1c(C(CC(O)c2ccc(-c3ccc(Br)cc3)cc2)c2ccccc2)c(O)oc2ccccc12,SCH-4,missing,
326,negative:185,O=c1c(C(CC(O)c2ccc(-c3ccc(Br)cc3)cc2)c2ccccc2)c(O)oc2ccccc12,SCH-5,missing,
326,negative:185,O=c1c(C(CC(O)c2ccc(-c3ccc(Br)cc3)cc2)c2ccccc2)c(O)oc2ccccc12,SCH-6,missing,
326,negative:185,O=c1c(C(CC(O)c2ccc(-c3ccc(Br)cc3)cc2)c2ccccc2)c(O)oc2ccccc12,SCH-7,missing,
326,negative:185,O=c1c(C(CC(O)c2ccc(-c3ccc(Br)cc3)cc2)c2ccccc2)c(O)oc2ccccc12,VCH-3,missing,
326,negative:185,O=c1c(C(CC(O)c2ccc(-c3ccc(Br)cc3)cc2)c2ccccc2)c(O)oc2ccccc12,VCH-4,missing,
326,negative:185,O=c1c(C(CC(O)c2ccc(-c3ccc(Br)cc3)cc2)c2ccccc2)c(O)oc2ccccc12,VCH-5,missing,
326,negative:185,O=c1c(C(CC(O)c2ccc(-c3ccc(Br)cc3)cc2)c2ccccc2)c(O)oc2ccccc12,VCH-6,missing,
326,negative:185,O=c1c(C(CC(O)c2ccc(-c3ccc(Br)cc3)cc2)c2ccccc2)c(O)oc2ccccc12,VCH-7,missing,
326,negative:185,O=c1c(C(CC(O)c2ccc(-c3ccc(Br)cc3)cc2)c2ccccc2)c(O)oc2ccccc12,SC-3,missing,
326,negative:185,O=c1c(C(CC(O)c2ccc(-c3ccc(Br)cc3)cc2)c2ccccc2)c(O)oc2ccccc12,SC-4,missing,
326,negative:185,O=c1c(C(CC(O)c2ccc(-c3ccc(Br)cc3)cc2)c2ccccc2)c(O)oc2ccccc12,SC-5,missing,
326,negative:185,O=c1c(C(CC(O)c2ccc(-c3ccc(Br)cc3)cc2)c2ccccc2)c(O)oc2ccccc12,SC-6,missing,
326,negative:185,O=c1c(C(CC(O)c2ccc(-c3ccc(Br)cc3)cc2)c2ccccc2)c(O)oc2ccccc12,VC-3,missing,
326,negative:185,O=c1c(C(CC(O)c2ccc(-c3ccc(Br)cc3)cc2)c2ccccc2)c(O)oc2ccccc12,VC-4,missing,
326,negative:185,O=c1c(C(CC(O)c2ccc(-c3ccc(Br)cc3)cc2)c2ccccc2)c(O)oc2ccccc12,VC-5,missing,
326,negative:185,O=c1c(C(CC(O)c2ccc(-c3ccc(Br)cc3)cc2)c2ccccc2)c(O)oc2ccccc12,VC-6,missing,
326,negative:185,O=c1c(C(CC(O)c2ccc(-c3ccc(Br)cc3)cc2)c2ccccc2)c(O)oc2ccccc12,SPC-4,missing,
326,negative:185,O=c1c(C(CC(O)c2ccc(-c3ccc(Br)cc3)cc2)c2ccccc2)c(O)oc2ccccc12,SPC-5,missing,
326,negative:185,O=c1c(C(CC(O)c2ccc(-c3ccc(Br)cc3)cc2)c2ccccc2)c(O)oc2ccccc12,SPC-6,missing,
326,negative:185,O=c1c(C(CC(O)c2ccc(-c3ccc(Br)cc3)cc2)c2ccccc2)c(O)oc2ccccc12,VPC-4,missing,
326,negative:185,O=c1c(C(CC(O)c2ccc(-c3ccc(Br)cc3)cc2)c2ccccc2)c(O)oc2ccccc12,VPC-5,missing,
326,negative:185,O=c1c(C(CC(O)c2ccc(-c3ccc(Br)cc3)cc2)c2ccccc2)c(O)oc2ccccc12,VPC-6,missing,
326,negative:185,O=c1c(C(CC(O)c2ccc(-c3ccc(Br)cc3)cc2)c2ccccc2)c(O)oc2ccccc12,SP-0,missing,
326,negative:185,O=c1c(C(CC(O)c2ccc(-c3ccc(Br)cc3)cc2)c2ccccc2)c(O)oc2ccccc12,SP-1,missing,
326,negative:185,O=c1c(C(CC(O)c2ccc(-c3ccc(Br)cc3)cc2)c2ccccc2)c(O)oc2ccccc12,SP-2,missing,
326,negative:185,O=c1c(C(CC(O)c2ccc(-c3ccc(Br)cc3)cc2)c2ccccc2)c(O)oc2ccccc12,SP-3,missing,
326,negative:185,O=c1c(C(CC(O)c2ccc(-c3ccc(Br)cc3)cc2)c2ccccc2)c(O)oc2ccccc12,SP-4,missing,
326,negative:185,O=c1c(C(CC(O)c2ccc(-c3ccc(Br)cc3)cc2)c2ccccc2)c(O)oc2ccccc12,SP-5,missing,
326,negative:185,O=c1c(C(CC(O)c2ccc(-c3ccc(Br)cc3)cc2)c2ccccc2)c(O)oc2ccccc12,SP-6,missing,
326,negative:185,O=c1c(C(CC(O)c2ccc(-c3ccc(Br)cc3)cc2)c2ccccc2)c(O)oc2ccccc12,SP-7,missing,
326,negative:185,O=c1c(C(CC(O)c2ccc(-c3ccc(Br)cc3)cc2)c2ccccc2)c(O)oc2ccccc12,ASP-0,missing,
326,negative:185,O=c1c(C(CC(O)c2ccc(-c3ccc(Br)cc3)cc2)c2ccccc2)c(O)oc2ccccc12,ASP-1,missing,
326,negative:185,O=c1c(C(CC(O)c2ccc(-c3ccc(Br)cc3)cc2)c2ccccc2)c(O)oc2ccccc12,ASP-2,missing,
326,negative:185,O=c1c(C(CC(O)c2ccc(-c3ccc(Br)cc3)cc2)c2ccccc2)c(O)oc2ccccc12,ASP-3,missing,
326,negative:185,O=c1c(C(CC(O)c2ccc(-c3ccc(Br)cc3)cc2)c2ccccc2)c(O)oc2ccccc12,ASP-4,missing,
326,negative:185,O=c1c(C(CC(O)c2ccc(-c3ccc(Br)cc3)cc2)c2ccccc2)c(O)oc2ccccc12,ASP-5,missing,
326,negative:185,O=c1c(C(CC(O)c2ccc(-c3ccc(Br)cc3)cc2)c2ccccc2)c(O)oc2ccccc12,ASP-6,missing,
326,negative:185,O=c1c(C(CC(O)c2ccc(-c3ccc(Br)cc3)cc2)c2ccccc2)c(O)oc2ccccc12,ASP-7,missing,
326,negative:185,O=c1c(C(CC(O)c2ccc(-c3ccc(Br)cc3)cc2)c2ccccc2)c(O)oc2ccccc12,VP-0,missing,
326,negative:185,O=c1c(C(CC(O)c2ccc(-c3ccc(Br)cc3)cc2)c2ccccc2)c(O)oc2ccccc12,VP-1,missing,
326,negative:185,O=c1c(C(CC(O)c2ccc(-c3ccc(Br)cc3)cc2)c2ccccc2)c(O)oc2ccccc12,VP-2,missing,
326,negative:185,O=c1c(C(CC(O)c2ccc(-c3ccc(Br)cc3)cc2)c2ccccc2)c(O)oc2ccccc12,VP-3,missing,
326,negative:185,O=c1c(C(CC(O)c2ccc(-c3ccc(Br)cc3)cc2)c2ccccc2)c(O)oc2ccccc12,VP-4,missing,
326,negative:185,O=c1c(C(CC(O)c2ccc(-c3ccc(Br)cc3)cc2)c2ccccc2)c(O)oc2ccccc12,VP-5,missing,
326,negative:185,O=c1c(C(CC(O)c2ccc(-c3ccc(Br)cc3)cc2)c2ccccc2)c(O)oc2ccccc12,VP-6,missing,
326,negative:185,O=c1c(C(CC(O)c2ccc(-c3ccc(Br)cc3)cc2)c2ccccc2)c(O)oc2ccccc12,VP-7,missing,
326,negative:185,O=c1c(C(CC(O)c2ccc(-c3ccc(Br)cc3)cc2)c2ccccc2)c(O)oc2ccccc12,AVP-0,missing,
326,negative:185,O=c1c(C(CC(O)c2ccc(-c3ccc(Br)cc3)cc2)c2ccccc2)c(O)oc2ccccc12,AVP-1,missing,
326,negative:185,O=c1c(C(CC(O)c2ccc(-c3ccc(Br)cc3)cc2)c2ccccc2)c(O)oc2ccccc12,AVP-2,missing,
326,negative:185,O=c1c(C(CC(O)c2ccc(-c3ccc(Br)cc3)cc2)c2ccccc2)c(O)oc2ccccc12,AVP-3,missing,
326,negative:185,O=c1c(C(CC(O)c2ccc(-c3ccc(Br)cc3)cc2)c2ccccc2)c(O)oc2ccccc12,AVP-4,missing,
326,negative:185,O=c1c(C(CC(O)c2ccc(-c3ccc(Br)cc3)cc2)c2ccccc2)c(O)oc2ccccc12,AVP-5,missing,
326,negative:185,O=c1c(C(CC(O)c2ccc(-c3ccc(Br)cc3)cc2)c2ccccc2)c(O)oc2ccccc12,AVP-6,missing,
326,negative:185,O=c1c(C(CC(O)c2ccc(-c3ccc(Br)cc3)cc2)c2ccccc2)c(O)oc2ccccc12,AVP-7,missing,
326,negative:185,O=c1c(C(CC(O)c2ccc(-c3ccc(Br)cc3)cc2)c2ccccc2)c(O)oc2ccccc12,VABC,missing,
332,negative:191,CCC(C)n1c(=O)[nH]c(C)c(Br)c1=O,BCUTw-1l,missing,
332,negative:191,CCC(C)n1c(=O)[nH]c(C)c(Br)c1=O,BCUTw-1h,missing,
332,negative:191,CCC(C)n1c(=O)[nH]c(C)c(Br)c1=O,BCUTc-1l,missing,
332,negative:191,CCC(C)n1c(=O)[nH]c(C)c(Br)c1=O,BCUTc-1h,missing,
332,negative:191,CCC(C)n1c(=O)[nH]c(C)c(Br)c1=O,BCUTp-1l,missing,
332,negative:191,CCC(C)n1c(=O)[nH]c(C)c(Br)c1=O,BCUTp-1h,missing,
332,negative:191,CCC(C)n1c(=O)[nH]c(C)c(Br)c1=O,SCH-3,missing,
332,negative:191,CCC(C)n1c(=O)[nH]c(C)c(Br)c1=O,SCH-4,missing,
332,negative:191,CCC(C)n1c(=O)[nH]c(C)c(Br)c1=O,SCH-5,missing,
332,negative:191,CCC(C)n1c(=O)[nH]c(C)c(Br)c1=O,SCH-6,missing,
332,negative:191,CCC(C)n1c(=O)[nH]c(C)c(Br)c1=O,SCH-7,missing,
332,negative:191,CCC(C)n1c(=O)[nH]c(C)c(Br)c1=O,VCH-3,missing,
332,negative:191,CCC(C)n1c(=O)[nH]c(C)c(Br)c1=O,VCH-4,missing,
332,negative:191,CCC(C)n1c(=O)[nH]c(C)c(Br)c1=O,VCH-5,missing,
332,negative:191,CCC(C)n1c(=O)[nH]c(C)c(Br)c1=O,VCH-6,missing,
332,negative:191,CCC(C)n1c(=O)[nH]c(C)c(Br)c1=O,VCH-7,missing,
332,negative:191,CCC(C)n1c(=O)[nH]c(C)c(Br)c1=O,SC-3,missing,
332,negative:191,CCC(C)n1c(=O)[nH]c(C)c(Br)c1=O,SC-4,missing,
332,negative:191,CCC(C)n1c(=O)[nH]c(C)c(Br)c1=O,SC-5,missing,
332,negative:191,CCC(C)n1c(=O)[nH]c(C)c(Br)c1=O,SC-6,missing,
332,negative:191,CCC(C)n1c(=O)[nH]c(C)c(Br)c1=O,VC-3,missing,
332,negative:191,CCC(C)n1c(=O)[nH]c(C)c(Br)c1=O,VC-4,missing,
332,negative:191,CCC(C)n1c(=O)[nH]c(C)c(Br)c1=O,VC-5,missing,
332,negative:191,CCC(C)n1c(=O)[nH]c(C)c(Br)c1=O,VC-6,missing,
332,negative:191,CCC(C)n1c(=O)[nH]c(C)c(Br)c1=O,SPC-4,missing,
332,negative:191,CCC(C)n1c(=O)[nH]c(C)c(Br)c1=O,SPC-5,missing,
332,negative:191,CCC(C)n1c(=O)[nH]c(C)c(Br)c1=O,SPC-6,missing,
332,negative:191,CCC(C)n1c(=O)[nH]c(C)c(Br)c1=O,VPC-4,missing,
332,negative:191,CCC(C)n1c(=O)[nH]c(C)c(Br)c1=O,VPC-5,missing,
332,negative:191,CCC(C)n1c(=O)[nH]c(C)c(Br)c1=O,VPC-6,missing,
332,negative:191,CCC(C)n1c(=O)[nH]c(C)c(Br)c1=O,SP-0,missing,
332,negative:191,CCC(C)n1c(=O)[nH]c(C)c(Br)c1=O,SP-1,missing,
332,negative:191,CCC(C)n1c(=O)[nH]c(C)c(Br)c1=O,SP-2,missing,
332,negative:191,CCC(C)n1c(=O)[nH]c(C)c(Br)c1=O,SP-3,missing,
332,negative:191,CCC(C)n1c(=O)[nH]c(C)c(Br)c1=O,SP-4,missing,
332,negative:191,CCC(C)n1c(=O)[nH]c(C)c(Br)c1=O,SP-5,missing,
332,negative:191,CCC(C)n1c(=O)[nH]c(C)c(Br)c1=O,SP-6,missing,
332,negative:191,CCC(C)n1c(=O)[nH]c(C)c(Br)c1=O,SP-7,missing,
332,negative:191,CCC(C)n1c(=O)[nH]c(C)c(Br)c1=O,ASP-0,missing,
332,negative:191,CCC(C)n1c(=O)[nH]c(C)c(Br)c1=O,ASP-1,missing,
332,negative:191,CCC(C)n1c(=O)[nH]c(C)c(Br)c1=O,ASP-2,missing,
332,negative:191,CCC(C)n1c(=O)[nH]c(C)c(Br)c1=O,ASP-3,missing,
332,negative:191,CCC(C)n1c(=O)[nH]c(C)c(Br)c1=O,ASP-4,missing,
332,negative:191,CCC(C)n1c(=O)[nH]c(C)c(Br)c1=O,ASP-5,missing,
332,negative:191,CCC(C)n1c(=O)[nH]c(C)c(Br)c1=O,ASP-6,missing,
332,negative:191,CCC(C)n1c(=O)[nH]c(C)c(Br)c1=O,ASP-7,missing,
332,negative:191,CCC(C)n1c(=O)[nH]c(C)c(Br)c1=O,VP-0,missing,
332,negative:191,CCC(C)n1c(=O)[nH]c(C)c(Br)c1=O,VP-1,missing,
332,negative:191,CCC(C)n1c(=O)[nH]c(C)c(Br)c1=O,VP-2,missing,
332,negative:191,CCC(C)n1c(=O)[nH]c(C)c(Br)c1=O,VP-3,missing,
332,negative:191,CCC(C)n1c(=O)[nH]c(C)c(Br)c1=O,VP-4,missing,
332,negative:191,CCC(C)n1c(=O)[nH]c(C)c(Br)c1=O,VP-5,missing,
332,negative:191,CCC(C)n1c(=O)[nH]c(C)c(Br)c1=O,VP-6,missing,
332,negative:191,CCC(C)n1c(=O)[nH]c(C)c(Br)c1=O,VP-7,missing,
332,negative:191,CCC(C)n1c(=O)[nH]c(C)c(Br)c1=O,AVP-0,missing,
332,negative:191,CCC(C)n1c(=O)[nH]c(C)c(Br)c1=O,AVP-1,missing,
332,negative:191,CCC(C)n1c(=O)[nH]c(C)c(Br)c1=O,AVP-2,missing,
332,negative:191,CCC(C)n1c(=O)[nH]c(C)c(Br)c1=O,AVP-3,missing,
332,negative:191,CCC(C)n1c(=O)[nH]c(C)c(Br)c1=O,AVP-4,missing,
332,negative:191,CCC(C)n1c(=O)[nH]c(C)c(Br)c1=O,AVP-5,missing,
332,negative:191,CCC(C)n1c(=O)[nH]c(C)c(Br)c1=O,AVP-6,missing,
332,negative:191,CCC(C)n1c(=O)[nH]c(C)c(Br)c1=O,AVP-7,missing,
332,negative:191,CCC(C)n1c(=O)[nH]c(C)c(Br)c1=O,VABC,missing,
333,negative:192,COP(=O)(OC)SCn1c(=O)oc2cc(Cl)cnc21,BCUTw-1l,missing,
333,negative:192,COP(=O)(OC)SCn1c(=O)oc2cc(Cl)cnc21,BCUTw-1h,missing,
333,negative:192,COP(=O)(OC)SCn1c(=O)oc2cc(Cl)cnc21,BCUTc-1l,missing,
333,negative:192,COP(=O)(OC)SCn1c(=O)oc2cc(Cl)cnc21,BCUTc-1h,missing,
333,negative:192,COP(=O)(OC)SCn1c(=O)oc2cc(Cl)cnc21,BCUTp-1l,missing,
333,negative:192,COP(=O)(OC)SCn1c(=O)oc2cc(Cl)cnc21,BCUTp-1h,missing,
333,negative:192,COP(=O)(OC)SCn1c(=O)oc2cc(Cl)cnc21,SCH-3,missing,
333,negative:192,COP(=O)(OC)SCn1c(=O)oc2cc(Cl)cnc21,SCH-4,missing,
333,negative:192,COP(=O)(OC)SCn1c(=O)oc2cc(Cl)cnc21,SCH-5,missing,
333,negative:192,COP(=O)(OC)SCn1c(=O)oc2cc(Cl)cnc21,SCH-6,missing,
333,negative:192,COP(=O)(OC)SCn1c(=O)oc2cc(Cl)cnc21,SCH-7,missing,
333,negative:192,COP(=O)(OC)SCn1c(=O)oc2cc(Cl)cnc21,VCH-3,missing,
333,negative:192,COP(=O)(OC)SCn1c(=O)oc2cc(Cl)cnc21,VCH-4,missing,
333,negative:192,COP(=O)(OC)SCn1c(=O)oc2cc(Cl)cnc21,VCH-5,missing,
333,negative:192,COP(=O)(OC)SCn1c(=O)oc2cc(Cl)cnc21,VCH-6,missing,
333,negative:192,COP(=O)(OC)SCn1c(=O)oc2cc(Cl)cnc21,VCH-7,missing,
333,negative:192,COP(=O)(OC)SCn1c(=O)oc2cc(Cl)cnc21,SC-3,missing,
333,negative:192,COP(=O)(OC)SCn1c(=O)oc2cc(Cl)cnc21,SC-4,missing,
333,negative:192,COP(=O)(OC)SCn1c(=O)oc2cc(Cl)cnc21,SC-5,missing,
333,negative:192,COP(=O)(OC)SCn1c(=O)oc2cc(Cl)cnc21,SC-6,missing,
333,negative:192,COP(=O)(OC)SCn1c(=O)oc2cc(Cl)cnc21,VC-3,missing,
333,negative:192,COP(=O)(OC)SCn1c(=O)oc2cc(Cl)cnc21,VC-4,missing,
333,negative:192,COP(=O)(OC)SCn1c(=O)oc2cc(Cl)cnc21,VC-5,missing,
333,negative:192,COP(=O)(OC)SCn1c(=O)oc2cc(Cl)cnc21,VC-6,missing,
333,negative:192,COP(=O)(OC)SCn1c(=O)oc2cc(Cl)cnc21,SPC-4,missing,
333,negative:192,COP(=O)(OC)SCn1c(=O)oc2cc(Cl)cnc21,SPC-5,missing,
333,negative:192,COP(=O)(OC)SCn1c(=O)oc2cc(Cl)cnc21,SPC-6,missing,
333,negative:192,COP(=O)(OC)SCn1c(=O)oc2cc(Cl)cnc21,VPC-4,missing,
333,negative:192,COP(=O)(OC)SCn1c(=O)oc2cc(Cl)cnc21,VPC-5,missing,
333,negative:192,COP(=O)(OC)SCn1c(=O)oc2cc(Cl)cnc21,VPC-6,missing,
333,negative:192,COP(=O)(OC)SCn1c(=O)oc2cc(Cl)cnc21,SP-0,missing,
333,negative:192,COP(=O)(OC)SCn1c(=O)oc2cc(Cl)cnc21,SP-1,missing,
333,negative:192,COP(=O)(OC)SCn1c(=O)oc2cc(Cl)cnc21,SP-2,missing,
333,negative:192,COP(=O)(OC)SCn1c(=O)oc2cc(Cl)cnc21,SP-3,missing,
333,negative:192,COP(=O)(OC)SCn1c(=O)oc2cc(Cl)cnc21,SP-4,missing,
333,negative:192,COP(=O)(OC)SCn1c(=O)oc2cc(Cl)cnc21,SP-5,missing,
333,negative:192,COP(=O)(OC)SCn1c(=O)oc2cc(Cl)cnc21,SP-6,missing,
333,negative:192,COP(=O)(OC)SCn1c(=O)oc2cc(Cl)cnc21,SP-7,missing,
333,negative:192,COP(=O)(OC)SCn1c(=O)oc2cc(Cl)cnc21,ASP-0,missing,
333,negative:192,COP(=O)(OC)SCn1c(=O)oc2cc(Cl)cnc21,ASP-1,missing,
333,negative:192,COP(=O)(OC)SCn1c(=O)oc2cc(Cl)cnc21,ASP-2,missing,
333,negative:192,COP(=O)(OC)SCn1c(=O)oc2cc(Cl)cnc21,ASP-3,missing,
333,negative:192,COP(=O)(OC)SCn1c(=O)oc2cc(Cl)cnc21,ASP-4,missing,
333,negative:192,COP(=O)(OC)SCn1c(=O)oc2cc(Cl)cnc21,ASP-5,missing,
333,negative:192,COP(=O)(OC)SCn1c(=O)oc2cc(Cl)cnc21,ASP-6,missing,
333,negative:192,COP(=O)(OC)SCn1c(=O)oc2cc(Cl)cnc21,ASP-7,missing,
333,negative:192,COP(=O)(OC)SCn1c(=O)oc2cc(Cl)cnc21,VP-0,missing,
333,negative:192,COP(=O)(OC)SCn1c(=O)oc2cc(Cl)cnc21,VP-1,missing,
333,negative:192,COP(=O)(OC)SCn1c(=O)oc2cc(Cl)cnc21,VP-2,missing,
333,negative:192,COP(=O)(OC)SCn1c(=O)oc2cc(Cl)cnc21,VP-3,missing,
333,negative:192,COP(=O)(OC)SCn1c(=O)oc2cc(Cl)cnc21,VP-4,missing,
333,negative:192,COP(=O)(OC)SCn1c(=O)oc2cc(Cl)cnc21,VP-5,missing,
333,negative:192,COP(=O)(OC)SCn1c(=O)oc2cc(Cl)cnc21,VP-6,missing,
333,negative:192,COP(=O)(OC)SCn1c(=O)oc2cc(Cl)cnc21,VP-7,missing,
333,negative:192,COP(=O)(OC)SCn1c(=O)oc2cc(Cl)cnc21,AVP-0,missing,
333,negative:192,COP(=O)(OC)SCn1c(=O)oc2cc(Cl)cnc21,AVP-1,missing,
333,negative:192,COP(=O)(OC)SCn1c(=O)oc2cc(Cl)cnc21,AVP-2,missing,
333,negative:192,COP(=O)(OC)SCn1c(=O)oc2cc(Cl)cnc21,AVP-3,missing,
333,negative:192,COP(=O)(OC)SCn1c(=O)oc2cc(Cl)cnc21,AVP-4,missing,
333,negative:192,COP(=O)(OC)SCn1c(=O)oc2cc(Cl)cnc21,AVP-5,missing,
333,negative:192,COP(=O)(OC)SCn1c(=O)oc2cc(Cl)cnc21,AVP-6,missing,
333,negative:192,COP(=O)(OC)SCn1c(=O)oc2cc(Cl)cnc21,AVP-7,missing,
333,negative:192,COP(=O)(OC)SCn1c(=O)oc2cc(Cl)cnc21,VABC,missing,
336,negative:195,C#CCOc1cc(-n2nc(C(C)(C)C)oc2=O)c(Cl)cc1Cl,BCUTw-1l,missing,
336,negative:195,C#CCOc1cc(-n2nc(C(C)(C)C)oc2=O)c(Cl)cc1Cl,BCUTw-1h,missing,
336,negative:195,C#CCOc1cc(-n2nc(C(C)(C)C)oc2=O)c(Cl)cc1Cl,BCUTc-1l,missing,
336,negative:195,C#CCOc1cc(-n2nc(C(C)(C)C)oc2=O)c(Cl)cc1Cl,BCUTc-1h,missing,
336,negative:195,C#CCOc1cc(-n2nc(C(C)(C)C)oc2=O)c(Cl)cc1Cl,BCUTp-1l,missing,
336,negative:195,C#CCOc1cc(-n2nc(C(C)(C)C)oc2=O)c(Cl)cc1Cl,BCUTp-1h,missing,
336,negative:195,C#CCOc1cc(-n2nc(C(C)(C)C)oc2=O)c(Cl)cc1Cl,SCH-3,missing,
336,negative:195,C#CCOc1cc(-n2nc(C(C)(C)C)oc2=O)c(Cl)cc1Cl,SCH-4,missing,
336,negative:195,C#CCOc1cc(-n2nc(C(C)(C)C)oc2=O)c(Cl)cc1Cl,SCH-5,missing,
336,negative:195,C#CCOc1cc(-n2nc(C(C)(C)C)oc2=O)c(Cl)cc1Cl,SCH-6,missing,
336,negative:195,C#CCOc1cc(-n2nc(C(C)(C)C)oc2=O)c(Cl)cc1Cl,SCH-7,missing,
336,negative:195,C#CCOc1cc(-n2nc(C(C)(C)C)oc2=O)c(Cl)cc1Cl,VCH-3,missing,
336,negative:195,C#CCOc1cc(-n2nc(C(C)(C)C)oc2=O)c(Cl)cc1Cl,VCH-4,missing,
336,negative:195,C#CCOc1cc(-n2nc(C(C)(C)C)oc2=O)c(Cl)cc1Cl,VCH-5,missing,
336,negative:195,C#CCOc1cc(-n2nc(C(C)(C)C)oc2=O)c(Cl)cc1Cl,VCH-6,missing,
336,negative:195,C#CCOc1cc(-n2nc(C(C)(C)C)oc2=O)c(Cl)cc1Cl,VCH-7,missing,
336,negative:195,C#CCOc1cc(-n2nc(C(C)(C)C)oc2=O)c(Cl)cc1Cl,SC-3,missing,
336,negative:195,C#CCOc1cc(-n2nc(C(C)(C)C)oc2=O)c(Cl)cc1Cl,SC-4,missing,
336,negative:195,C#CCOc1cc(-n2nc(C(C)(C)C)oc2=O)c(Cl)cc1Cl,SC-5,missing,
336,negative:195,C#CCOc1cc(-n2nc(C(C)(C)C)oc2=O)c(Cl)cc1Cl,SC-6,missing,
336,negative:195,C#CCOc1cc(-n2nc(C(C)(C)C)oc2=O)c(Cl)cc1Cl,VC-3,missing,
336,negative:195,C#CCOc1cc(-n2nc(C(C)(C)C)oc2=O)c(Cl)cc1Cl,VC-4,missing,
336,negative:195,C#CCOc1cc(-n2nc(C(C)(C)C)oc2=O)c(Cl)cc1Cl,VC-5,missing,
336,negative:195,C#CCOc1cc(-n2nc(C(C)(C)C)oc2=O)c(Cl)cc1Cl,VC-6,missing,
336,negative:195,C#CCOc1cc(-n2nc(C(C)(C)C)oc2=O)c(Cl)cc1Cl,SPC-4,missing,
336,negative:195,C#CCOc1cc(-n2nc(C(C)(C)C)oc2=O)c(Cl)cc1Cl,SPC-5,missing,
336,negative:195,C#CCOc1cc(-n2nc(C(C)(C)C)oc2=O)c(Cl)cc1Cl,SPC-6,missing,
336,negative:195,C#CCOc1cc(-n2nc(C(C)(C)C)oc2=O)c(Cl)cc1Cl,VPC-4,missing,
336,negative:195,C#CCOc1cc(-n2nc(C(C)(C)C)oc2=O)c(Cl)cc1Cl,VPC-5,missing,
336,negative:195,C#CCOc1cc(-n2nc(C(C)(C)C)oc2=O)c(Cl)cc1Cl,VPC-6,missing,
336,negative:195,C#CCOc1cc(-n2nc(C(C)(C)C)oc2=O)c(Cl)cc1Cl,SP-0,missing,
336,negative:195,C#CCOc1cc(-n2nc(C(C)(C)C)oc2=O)c(Cl)cc1Cl,SP-1,missing,
336,negative:195,C#CCOc1cc(-n2nc(C(C)(C)C)oc2=O)c(Cl)cc1Cl,SP-2,missing,
336,negative:195,C#CCOc1cc(-n2nc(C(C)(C)C)oc2=O)c(Cl)cc1Cl,SP-3,missing,
336,negative:195,C#CCOc1cc(-n2nc(C(C)(C)C)oc2=O)c(Cl)cc1Cl,SP-4,missing,
336,negative:195,C#CCOc1cc(-n2nc(C(C)(C)C)oc2=O)c(Cl)cc1Cl,SP-5,missing,
336,negative:195,C#CCOc1cc(-n2nc(C(C)(C)C)oc2=O)c(Cl)cc1Cl,SP-6,missing,
336,negative:195,C#CCOc1cc(-n2nc(C(C)(C)C)oc2=O)c(Cl)cc1Cl,SP-7,missing,
336,negative:195,C#CCOc1cc(-n2nc(C(C)(C)C)oc2=O)c(Cl)cc1Cl,ASP-0,missing,
336,negative:195,C#CCOc1cc(-n2nc(C(C)(C)C)oc2=O)c(Cl)cc1Cl,ASP-1,missing,
336,negative:195,C#CCOc1cc(-n2nc(C(C)(C)C)oc2=O)c(Cl)cc1Cl,ASP-2,missing,
336,negative:195,C#CCOc1cc(-n2nc(C(C)(C)C)oc2=O)c(Cl)cc1Cl,ASP-3,missing,
336,negative:195,C#CCOc1cc(-n2nc(C(C)(C)C)oc2=O)c(Cl)cc1Cl,ASP-4,missing,
336,negative:195,C#CCOc1cc(-n2nc(C(C)(C)C)oc2=O)c(Cl)cc1Cl,ASP-5,missing,
336,negative:195,C#CCOc1cc(-n2nc(C(C)(C)C)oc2=O)c(Cl)cc1Cl,ASP-6,missing,
336,negative:195,C#CCOc1cc(-n2nc(C(C)(C)C)oc2=O)c(Cl)cc1Cl,ASP-7,missing,
336,negative:195,C#CCOc1cc(-n2nc(C(C)(C)C)oc2=O)c(Cl)cc1Cl,VP-0,missing,
336,negative:195,C#CCOc1cc(-n2nc(C(C)(C)C)oc2=O)c(Cl)cc1Cl,VP-1,missing,
336,negative:195,C#CCOc1cc(-n2nc(C(C)(C)C)oc2=O)c(Cl)cc1Cl,VP-2,missing,
336,negative:195,C#CCOc1cc(-n2nc(C(C)(C)C)oc2=O)c(Cl)cc1Cl,VP-3,missing,
336,negative:195,C#CCOc1cc(-n2nc(C(C)(C)C)oc2=O)c(Cl)cc1Cl,VP-4,missing,
336,negative:195,C#CCOc1cc(-n2nc(C(C)(C)C)oc2=O)c(Cl)cc1Cl,VP-5,missing,
336,negative:195,C#CCOc1cc(-n2nc(C(C)(C)C)oc2=O)c(Cl)cc1Cl,VP-6,missing,
336,negative:195,C#CCOc1cc(-n2nc(C(C)(C)C)oc2=O)c(Cl)cc1Cl,VP-7,missing,
336,negative:195,C#CCOc1cc(-n2nc(C(C)(C)C)oc2=O)c(Cl)cc1Cl,AVP-0,missing,
336,negative:195,C#CCOc1cc(-n2nc(C(C)(C)C)oc2=O)c(Cl)cc1Cl,AVP-1,missing,
336,negative:195,C#CCOc1cc(-n2nc(C(C)(C)C)oc2=O)c(Cl)cc1Cl,AVP-2,missing,
336,negative:195,C#CCOc1cc(-n2nc(C(C)(C)C)oc2=O)c(Cl)cc1Cl,AVP-3,missing,
336,negative:195,C#CCOc1cc(-n2nc(C(C)(C)C)oc2=O)c(Cl)cc1Cl,AVP-4,missing,
336,negative:195,C#CCOc1cc(-n2nc(C(C)(C)C)oc2=O)c(Cl)cc1Cl,AVP-5,missing,
336,negative:195,C#CCOc1cc(-n2nc(C(C)(C)C)oc2=O)c(Cl)cc1Cl,AVP-6,missing,
336,negative:195,C#CCOc1cc(-n2nc(C(C)(C)C)oc2=O)c(Cl)cc1Cl,AVP-7,missing,
336,negative:195,C#CCOc1cc(-n2nc(C(C)(C)C)oc2=O)c(Cl)cc1Cl,VABC,missing,
337,negative:196,Cc1nnc(-c2ccccc2)c(=O)n1N,BCUTw-1l,missing,
337,negative:196,Cc1nnc(-c2ccccc2)c(=O)n1N,BCUTw-1h,missing,
337,negative:196,Cc1nnc(-c2ccccc2)c(=O)n1N,BCUTc-1l,missing,
337,negative:196,Cc1nnc(-c2ccccc2)c(=O)n1N,BCUTc-1h,missing,
337,negative:196,Cc1nnc(-c2ccccc2)c(=O)n1N,BCUTp-1l,missing,
337,negative:196,Cc1nnc(-c2ccccc2)c(=O)n1N,BCUTp-1h,missing,
337,negative:196,Cc1nnc(-c2ccccc2)c(=O)n1N,SCH-3,missing,
337,negative:196,Cc1nnc(-c2ccccc2)c(=O)n1N,SCH-4,missing,
337,negative:196,Cc1nnc(-c2ccccc2)c(=O)n1N,SCH-5,missing,
337,negative:196,Cc1nnc(-c2ccccc2)c(=O)n1N,SCH-6,missing,
337,negative:196,Cc1nnc(-c2ccccc2)c(=O)n1N,SCH-7,missing,
337,negative:196,Cc1nnc(-c2ccccc2)c(=O)n1N,VCH-3,missing,
337,negative:196,Cc1nnc(-c2ccccc2)c(=O)n1N,VCH-4,missing,
337,negative:196,Cc1nnc(-c2ccccc2)c(=O)n1N,VCH-5,missing,
337,negative:196,Cc1nnc(-c2ccccc2)c(=O)n1N,VCH-6,missing,
337,negative:196,Cc1nnc(-c2ccccc2)c(=O)n1N,VCH-7,missing,
337,negative:196,Cc1nnc(-c2ccccc2)c(=O)n1N,SC-3,missing,
337,negative:196,Cc1nnc(-c2ccccc2)c(=O)n1N,SC-4,missing,
337,negative:196,Cc1nnc(-c2ccccc2)c(=O)n1N,SC-5,missing,
337,negative:196,Cc1nnc(-c2ccccc2)c(=O)n1N,SC-6,missing,
337,negative:196,Cc1nnc(-c2ccccc2)c(=O)n1N,VC-3,missing,
337,negative:196,Cc1nnc(-c2ccccc2)c(=O)n1N,VC-4,missing,
337,negative:196,Cc1nnc(-c2ccccc2)c(=O)n1N,VC-5,missing,
337,negative:196,Cc1nnc(-c2ccccc2)c(=O)n1N,VC-6,missing,
337,negative:196,Cc1nnc(-c2ccccc2)c(=O)n1N,SPC-4,missing,
337,negative:196,Cc1nnc(-c2ccccc2)c(=O)n1N,SPC-5,missing,
337,negative:196,Cc1nnc(-c2ccccc2)c(=O)n1N,SPC-6,missing,
337,negative:196,Cc1nnc(-c2ccccc2)c(=O)n1N,VPC-4,missing,
337,negative:196,Cc1nnc(-c2ccccc2)c(=O)n1N,VPC-5,missing,
337,negative:196,Cc1nnc(-c2ccccc2)c(=O)n1N,VPC-6,missing,
337,negative:196,Cc1nnc(-c2ccccc2)c(=O)n1N,SP-0,missing,
337,negative:196,Cc1nnc(-c2ccccc2)c(=O)n1N,SP-1,missing,
337,negative:196,Cc1nnc(-c2ccccc2)c(=O)n1N,SP-2,missing,
337,negative:196,Cc1nnc(-c2ccccc2)c(=O)n1N,SP-3,missing,
337,negative:196,Cc1nnc(-c2ccccc2)c(=O)n1N,SP-4,missing,
337,negative:196,Cc1nnc(-c2ccccc2)c(=O)n1N,SP-5,missing,
337,negative:196,Cc1nnc(-c2ccccc2)c(=O)n1N,SP-6,missing,
337,negative:196,Cc1nnc(-c2ccccc2)c(=O)n1N,SP-7,missing,
337,negative:196,Cc1nnc(-c2ccccc2)c(=O)n1N,ASP-0,missing,
337,negative:196,Cc1nnc(-c2ccccc2)c(=O)n1N,ASP-1,missing,
337,negative:196,Cc1nnc(-c2ccccc2)c(=O)n1N,ASP-2,missing,
337,negative:196,Cc1nnc(-c2ccccc2)c(=O)n1N,ASP-3,missing,
337,negative:196,Cc1nnc(-c2ccccc2)c(=O)n1N,ASP-4,missing,
337,negative:196,Cc1nnc(-c2ccccc2)c(=O)n1N,ASP-5,missing,
337,negative:196,Cc1nnc(-c2ccccc2)c(=O)n1N,ASP-6,missing,
337,negative:196,Cc1nnc(-c2ccccc2)c(=O)n1N,ASP-7,missing,
337,negative:196,Cc1nnc(-c2ccccc2)c(=O)n1N,VP-0,missing,
337,negative:196,Cc1nnc(-c2ccccc2)c(=O)n1N,VP-1,missing,
337,negative:196,Cc1nnc(-c2ccccc2)c(=O)n1N,VP-2,missing,
337,negative:196,Cc1nnc(-c2ccccc2)c(=O)n1N,VP-3,missing,
337,negative:196,Cc1nnc(-c2ccccc2)c(=O)n1N,VP-4,missing,
337,negative:196,Cc1nnc(-c2ccccc2)c(=O)n1N,VP-5,missing,
337,negative:196,Cc1nnc(-c2ccccc2)c(=O)n1N,VP-6,missing,
337,negative:196,Cc1nnc(-c2ccccc2)c(=O)n1N,VP-7,missing,
337,negative:196,Cc1nnc(-c2ccccc2)c(=O)n1N,AVP-0,missing,
337,negative:196,Cc1nnc(-c2ccccc2)c(=O)n1N,AVP-1,missing,
337,negative:196,Cc1nnc(-c2ccccc2)c(=O)n1N,AVP-2,missing,
337,negative:196,Cc1nnc(-c2ccccc2)c(=O)n1N,AVP-3,missing,
337,negative:196,Cc1nnc(-c2ccccc2)c(=O)n1N,AVP-4,missing,
337,negative:196,Cc1nnc(-c2ccccc2)c(=O)n1N,AVP-5,missing,
337,negative:196,Cc1nnc(-c2ccccc2)c(=O)n1N,AVP-6,missing,
337,negative:196,Cc1nnc(-c2ccccc2)c(=O)n1N,AVP-7,missing,
337,negative:196,Cc1nnc(-c2ccccc2)c(=O)n1N,VABC,missing,
349,negative:208,Cn1cc(-c2ccccc2)c(=O)c(-c2cccc(C(F)(F)F)c2)c1,BCUTw-1l,missing,
349,negative:208,Cn1cc(-c2ccccc2)c(=O)c(-c2cccc(C(F)(F)F)c2)c1,BCUTw-1h,missing,
349,negative:208,Cn1cc(-c2ccccc2)c(=O)c(-c2cccc(C(F)(F)F)c2)c1,BCUTc-1l,missing,
349,negative:208,Cn1cc(-c2ccccc2)c(=O)c(-c2cccc(C(F)(F)F)c2)c1,BCUTc-1h,missing,
349,negative:208,Cn1cc(-c2ccccc2)c(=O)c(-c2cccc(C(F)(F)F)c2)c1,BCUTp-1l,missing,
349,negative:208,Cn1cc(-c2ccccc2)c(=O)c(-c2cccc(C(F)(F)F)c2)c1,BCUTp-1h,missing,
349,negative:208,Cn1cc(-c2ccccc2)c(=O)c(-c2cccc(C(F)(F)F)c2)c1,SCH-3,missing,
349,negative:208,Cn1cc(-c2ccccc2)c(=O)c(-c2cccc(C(F)(F)F)c2)c1,SCH-4,missing,
349,negative:208,Cn1cc(-c2ccccc2)c(=O)c(-c2cccc(C(F)(F)F)c2)c1,SCH-5,missing,
349,negative:208,Cn1cc(-c2ccccc2)c(=O)c(-c2cccc(C(F)(F)F)c2)c1,SCH-6,missing,
349,negative:208,Cn1cc(-c2ccccc2)c(=O)c(-c2cccc(C(F)(F)F)c2)c1,SCH-7,missing,
349,negative:208,Cn1cc(-c2ccccc2)c(=O)c(-c2cccc(C(F)(F)F)c2)c1,VCH-3,missing,
349,negative:208,Cn1cc(-c2ccccc2)c(=O)c(-c2cccc(C(F)(F)F)c2)c1,VCH-4,missing,
349,negative:208,Cn1cc(-c2ccccc2)c(=O)c(-c2cccc(C(F)(F)F)c2)c1,VCH-5,missing,
349,negative:208,Cn1cc(-c2ccccc2)c(=O)c(-c2cccc(C(F)(F)F)c2)c1,VCH-6,missing,
349,negative:208,Cn1cc(-c2ccccc2)c(=O)c(-c2cccc(C(F)(F)F)c2)c1,VCH-7,missing,
349,negative:208,Cn1cc(-c2ccccc2)c(=O)c(-c2cccc(C(F)(F)F)c2)c1,SC-3,missing,
349,negative:208,Cn1cc(-c2ccccc2)c(=O)c(-c2cccc(C(F)(F)F)c2)c1,SC-4,missing,
349,negative:208,Cn1cc(-c2ccccc2)c(=O)c(-c2cccc(C(F)(F)F)c2)c1,SC-5,missing,
349,negative:208,Cn1cc(-c2ccccc2)c(=O)c(-c2cccc(C(F)(F)F)c2)c1,SC-6,missing,
349,negative:208,Cn1cc(-c2ccccc2)c(=O)c(-c2cccc(C(F)(F)F)c2)c1,VC-3,missing,
349,negative:208,Cn1cc(-c2ccccc2)c(=O)c(-c2cccc(C(F)(F)F)c2)c1,VC-4,missing,
349,negative:208,Cn1cc(-c2ccccc2)c(=O)c(-c2cccc(C(F)(F)F)c2)c1,VC-5,missing,
349,negative:208,Cn1cc(-c2ccccc2)c(=O)c(-c2cccc(C(F)(F)F)c2)c1,VC-6,missing,
349,negative:208,Cn1cc(-c2ccccc2)c(=O)c(-c2cccc(C(F)(F)F)c2)c1,SPC-4,missing,
349,negative:208,Cn1cc(-c2ccccc2)c(=O)c(-c2cccc(C(F)(F)F)c2)c1,SPC-5,missing,
349,negative:208,Cn1cc(-c2ccccc2)c(=O)c(-c2cccc(C(F)(F)F)c2)c1,SPC-6,missing,
349,negative:208,Cn1cc(-c2ccccc2)c(=O)c(-c2cccc(C(F)(F)F)c2)c1,VPC-4,missing,
349,negative:208,Cn1cc(-c2ccccc2)c(=O)c(-c2cccc(C(F)(F)F)c2)c1,VPC-5,missing,
349,negative:208,Cn1cc(-c2ccccc2)c(=O)c(-c2cccc(C(F)(F)F)c2)c1,VPC-6,missing,
349,negative:208,Cn1cc(-c2ccccc2)c(=O)c(-c2cccc(C(F)(F)F)c2)c1,SP-0,missing,
349,negative:208,Cn1cc(-c2ccccc2)c(=O)c(-c2cccc(C(F)(F)F)c2)c1,SP-1,missing,
349,negative:208,Cn1cc(-c2ccccc2)c(=O)c(-c2cccc(C(F)(F)F)c2)c1,SP-2,missing,
349,negative:208,Cn1cc(-c2ccccc2)c(=O)c(-c2cccc(C(F)(F)F)c2)c1,SP-3,missing,
349,negative:208,Cn1cc(-c2ccccc2)c(=O)c(-c2cccc(C(F)(F)F)c2)c1,SP-4,missing,
349,negative:208,Cn1cc(-c2ccccc2)c(=O)c(-c2cccc(C(F)(F)F)c2)c1,SP-5,missing,
349,negative:208,Cn1cc(-c2ccccc2)c(=O)c(-c2cccc(C(F)(F)F)c2)c1,SP-6,missing,
349,negative:208,Cn1cc(-c2ccccc2)c(=O)c(-c2cccc(C(F)(F)F)c2)c1,SP-7,missing,
349,negative:208,Cn1cc(-c2ccccc2)c(=O)c(-c2cccc(C(F)(F)F)c2)c1,ASP-0,missing,
349,negative:208,Cn1cc(-c2ccccc2)c(=O)c(-c2cccc(C(F)(F)F)c2)c1,ASP-1,missing,
349,negative:208,Cn1cc(-c2ccccc2)c(=O)c(-c2cccc(C(F)(F)F)c2)c1,ASP-2,missing,
349,negative:208,Cn1cc(-c2ccccc2)c(=O)c(-c2cccc(C(F)(F)F)c2)c1,ASP-3,missing,
349,negative:208,Cn1cc(-c2ccccc2)c(=O)c(-c2cccc(C(F)(F)F)c2)c1,ASP-4,missing,
349,negative:208,Cn1cc(-c2ccccc2)c(=O)c(-c2cccc(C(F)(F)F)c2)c1,ASP-5,missing,
349,negative:208,Cn1cc(-c2ccccc2)c(=O)c(-c2cccc(C(F)(F)F)c2)c1,ASP-6,missing,
349,negative:208,Cn1cc(-c2ccccc2)c(=O)c(-c2cccc(C(F)(F)F)c2)c1,ASP-7,missing,
349,negative:208,Cn1cc(-c2ccccc2)c(=O)c(-c2cccc(C(F)(F)F)c2)c1,VP-0,missing,
349,negative:208,Cn1cc(-c2ccccc2)c(=O)c(-c2cccc(C(F)(F)F)c2)c1,VP-1,missing,
349,negative:208,Cn1cc(-c2ccccc2)c(=O)c(-c2cccc(C(F)(F)F)c2)c1,VP-2,missing,
349,negative:208,Cn1cc(-c2ccccc2)c(=O)c(-c2cccc(C(F)(F)F)c2)c1,VP-3,missing,
349,negative:208,Cn1cc(-c2ccccc2)c(=O)c(-c2cccc(C(F)(F)F)c2)c1,VP-4,missing,
349,negative:208,Cn1cc(-c2ccccc2)c(=O)c(-c2cccc(C(F)(F)F)c2)c1,VP-5,missing,
349,negative:208,Cn1cc(-c2ccccc2)c(=O)c(-c2cccc(C(F)(F)F)c2)c1,VP-6,missing,
349,negative:208,Cn1cc(-c2ccccc2)c(=O)c(-c2cccc(C(F)(F)F)c2)c1,VP-7,missing,
349,negative:208,Cn1cc(-c2ccccc2)c(=O)c(-c2cccc(C(F)(F)F)c2)c1,AVP-0,missing,
349,negative:208,Cn1cc(-c2ccccc2)c(=O)c(-c2cccc(C(F)(F)F)c2)c1,AVP-1,missing,
349,negative:208,Cn1cc(-c2ccccc2)c(=O)c(-c2cccc(C(F)(F)F)c2)c1,AVP-2,missing,
349,negative:208,Cn1cc(-c2ccccc2)c(=O)c(-c2cccc(C(F)(F)F)c2)c1,AVP-3,missing,
349,negative:208,Cn1cc(-c2ccccc2)c(=O)c(-c2cccc(C(F)(F)F)c2)c1,AVP-4,missing,
349,negative:208,Cn1cc(-c2ccccc2)c(=O)c(-c2cccc(C(F)(F)F)c2)c1,AVP-5,missing,
349,negative:208,Cn1cc(-c2ccccc2)c(=O)c(-c2cccc(C(F)(F)F)c2)c1,AVP-6,missing,
349,negative:208,Cn1cc(-c2ccccc2)c(=O)c(-c2cccc(C(F)(F)F)c2)c1,AVP-7,missing,
349,negative:208,Cn1cc(-c2ccccc2)c(=O)c(-c2cccc(C(F)(F)F)c2)c1,VABC,missing,
357,negative:216,CBr,SpMax6_Bhm,missing,
357,negative:216,CBr,SpMax7_Bhm,missing,
357,negative:216,CBr,SpMax8_Bhm,missing,
357,negative:216,CBr,SpMin6_Bhm,missing,
357,negative:216,CBr,SpMin7_Bhm,missing,
357,negative:216,CBr,SpMin8_Bhm,missing,
357,negative:216,CBr,SpMax6_Bhv,missing,
357,negative:216,CBr,SpMax7_Bhv,missing,
357,negative:216,CBr,SpMax8_Bhv,missing,
357,negative:216,CBr,SpMin6_Bhv,missing,
357,negative:216,CBr,SpMin7_Bhv,missing,
357,negative:216,CBr,SpMin8_Bhv,missing,
357,negative:216,CBr,SpMax6_Bhe,missing,
357,negative:216,CBr,SpMax7_Bhe,missing,
357,negative:216,CBr,SpMax8_Bhe,missing,
357,negative:216,CBr,SpMin6_Bhe,missing,
357,negative:216,CBr,SpMin7_Bhe,missing,
357,negative:216,CBr,SpMin8_Bhe,missing,
357,negative:216,CBr,SpMax6_Bhp,missing,
357,negative:216,CBr,SpMax7_Bhp,missing,
357,negative:216,CBr,SpMax8_Bhp,missing,
357,negative:216,CBr,SpMin6_Bhp,missing,
357,negative:216,CBr,SpMin7_Bhp,missing,
357,negative:216,CBr,SpMin8_Bhp,missing,
357,negative:216,CBr,SpMax6_Bhi,missing,
357,negative:216,CBr,SpMax7_Bhi,missing,
357,negative:216,CBr,SpMax8_Bhi,missing,
357,negative:216,CBr,SpMin6_Bhi,missing,
357,negative:216,CBr,SpMin7_Bhi,missing,
357,negative:216,CBr,SpMin8_Bhi,missing,
357,negative:216,CBr,SpMax6_Bhs,missing,
357,negative:216,CBr,SpMax7_Bhs,missing,
357,negative:216,CBr,SpMax8_Bhs,missing,
357,negative:216,CBr,SpMin6_Bhs,missing,
357,negative:216,CBr,SpMin7_Bhs,missing,
357,negative:216,CBr,SpMin8_Bhs,missing,
373,negative:232,COP(=S)(OC)SCn1nnc2ccccc2c1=O,BCUTw-1l,missing,
373,negative:232,COP(=S)(OC)SCn1nnc2ccccc2c1=O,BCUTw-1h,missing,
373,negative:232,COP(=S)(OC)SCn1nnc2ccccc2c1=O,BCUTc-1l,missing,
373,negative:232,COP(=S)(OC)SCn1nnc2ccccc2c1=O,BCUTc-1h,missing,
373,negative:232,COP(=S)(OC)SCn1nnc2ccccc2c1=O,BCUTp-1l,missing,
373,negative:232,COP(=S)(OC)SCn1nnc2ccccc2c1=O,BCUTp-1h,missing,
373,negative:232,COP(=S)(OC)SCn1nnc2ccccc2c1=O,SCH-3,missing,
373,negative:232,COP(=S)(OC)SCn1nnc2ccccc2c1=O,SCH-4,missing,
373,negative:232,COP(=S)(OC)SCn1nnc2ccccc2c1=O,SCH-5,missing,
373,negative:232,COP(=S)(OC)SCn1nnc2ccccc2c1=O,SCH-6,missing,
373,negative:232,COP(=S)(OC)SCn1nnc2ccccc2c1=O,SCH-7,missing,
373,negative:232,COP(=S)(OC)SCn1nnc2ccccc2c1=O,VCH-3,missing,
373,negative:232,COP(=S)(OC)SCn1nnc2ccccc2c1=O,VCH-4,missing,
373,negative:232,COP(=S)(OC)SCn1nnc2ccccc2c1=O,VCH-5,missing,
373,negative:232,COP(=S)(OC)SCn1nnc2ccccc2c1=O,VCH-6,missing,
373,negative:232,COP(=S)(OC)SCn1nnc2ccccc2c1=O,VCH-7,missing,
373,negative:232,COP(=S)(OC)SCn1nnc2ccccc2c1=O,SC-3,missing,
373,negative:232,COP(=S)(OC)SCn1nnc2ccccc2c1=O,SC-4,missing,
373,negative:232,COP(=S)(OC)SCn1nnc2ccccc2c1=O,SC-5,missing,
373,negative:232,COP(=S)(OC)SCn1nnc2ccccc2c1=O,SC-6,missing,
373,negative:232,COP(=S)(OC)SCn1nnc2ccccc2c1=O,VC-3,missing,
373,negative:232,COP(=S)(OC)SCn1nnc2ccccc2c1=O,VC-4,missing,
373,negative:232,COP(=S)(OC)SCn1nnc2ccccc2c1=O,VC-5,missing,
373,negative:232,COP(=S)(OC)SCn1nnc2ccccc2c1=O,VC-6,missing,
373,negative:232,COP(=S)(OC)SCn1nnc2ccccc2c1=O,SPC-4,missing,
373,negative:232,COP(=S)(OC)SCn1nnc2ccccc2c1=O,SPC-5,missing,
373,negative:232,COP(=S)(OC)SCn1nnc2ccccc2c1=O,SPC-6,missing,
373,negative:232,COP(=S)(OC)SCn1nnc2ccccc2c1=O,VPC-4,missing,
373,negative:232,COP(=S)(OC)SCn1nnc2ccccc2c1=O,VPC-5,missing,
373,negative:232,COP(=S)(OC)SCn1nnc2ccccc2c1=O,VPC-6,missing,
373,negative:232,COP(=S)(OC)SCn1nnc2ccccc2c1=O,SP-0,missing,
373,negative:232,COP(=S)(OC)SCn1nnc2ccccc2c1=O,SP-1,missing,
373,negative:232,COP(=S)(OC)SCn1nnc2ccccc2c1=O,SP-2,missing,
373,negative:232,COP(=S)(OC)SCn1nnc2ccccc2c1=O,SP-3,missing,
373,negative:232,COP(=S)(OC)SCn1nnc2ccccc2c1=O,SP-4,missing,
373,negative:232,COP(=S)(OC)SCn1nnc2ccccc2c1=O,SP-5,missing,
373,negative:232,COP(=S)(OC)SCn1nnc2ccccc2c1=O,SP-6,missing,
373,negative:232,COP(=S)(OC)SCn1nnc2ccccc2c1=O,SP-7,missing,
373,negative:232,COP(=S)(OC)SCn1nnc2ccccc2c1=O,ASP-0,missing,
373,negative:232,COP(=S)(OC)SCn1nnc2ccccc2c1=O,ASP-1,missing,
373,negative:232,COP(=S)(OC)SCn1nnc2ccccc2c1=O,ASP-2,missing,
373,negative:232,COP(=S)(OC)SCn1nnc2ccccc2c1=O,ASP-3,missing,
373,negative:232,COP(=S)(OC)SCn1nnc2ccccc2c1=O,ASP-4,missing,
373,negative:232,COP(=S)(OC)SCn1nnc2ccccc2c1=O,ASP-5,missing,
373,negative:232,COP(=S)(OC)SCn1nnc2ccccc2c1=O,ASP-6,missing,
373,negative:232,COP(=S)(OC)SCn1nnc2ccccc2c1=O,ASP-7,missing,
373,negative:232,COP(=S)(OC)SCn1nnc2ccccc2c1=O,VP-0,missing,
373,negative:232,COP(=S)(OC)SCn1nnc2ccccc2c1=O,VP-1,missing,
373,negative:232,COP(=S)(OC)SCn1nnc2ccccc2c1=O,VP-2,missing,
373,negative:232,COP(=S)(OC)SCn1nnc2ccccc2c1=O,VP-3,missing,
373,negative:232,COP(=S)(OC)SCn1nnc2ccccc2c1=O,VP-4,missing,
373,negative:232,COP(=S)(OC)SCn1nnc2ccccc2c1=O,VP-5,missing,
373,negative:232,COP(=S)(OC)SCn1nnc2ccccc2c1=O,VP-6,missing,
373,negative:232,COP(=S)(OC)SCn1nnc2ccccc2c1=O,VP-7,missing,
373,negative:232,COP(=S)(OC)SCn1nnc2ccccc2c1=O,AVP-0,missing,
373,negative:232,COP(=S)(OC)SCn1nnc2ccccc2c1=O,AVP-1,missing,
373,negative:232,COP(=S)(OC)SCn1nnc2ccccc2c1=O,AVP-2,missing,
373,negative:232,COP(=S)(OC)SCn1nnc2ccccc2c1=O,AVP-3,missing,
373,negative:232,COP(=S)(OC)SCn1nnc2ccccc2c1=O,AVP-4,missing,
373,negative:232,COP(=S)(OC)SCn1nnc2ccccc2c1=O,AVP-5,missing,
373,negative:232,COP(=S)(OC)SCn1nnc2ccccc2c1=O,AVP-6,missing,
373,negative:232,COP(=S)(OC)SCn1nnc2ccccc2c1=O,AVP-7,missing,
373,negative:232,COP(=S)(OC)SCn1nnc2ccccc2c1=O,VABC,missing,
389,negative:248,OC(Cc1ccccc1Cl)(Cn1[nH]cnc1=S)C1(Cl)CC1,BCUTw-1l,missing,
389,negative:248,OC(Cc1ccccc1Cl)(Cn1[nH]cnc1=S)C1(Cl)CC1,BCUTw-1h,missing,
389,negative:248,OC(Cc1ccccc1Cl)(Cn1[nH]cnc1=S)C1(Cl)CC1,BCUTc-1l,missing,
389,negative:248,OC(Cc1ccccc1Cl)(Cn1[nH]cnc1=S)C1(Cl)CC1,BCUTc-1h,missing,
389,negative:248,OC(Cc1ccccc1Cl)(Cn1[nH]cnc1=S)C1(Cl)CC1,BCUTp-1l,missing,
389,negative:248,OC(Cc1ccccc1Cl)(Cn1[nH]cnc1=S)C1(Cl)CC1,BCUTp-1h,missing,
389,negative:248,OC(Cc1ccccc1Cl)(Cn1[nH]cnc1=S)C1(Cl)CC1,SCH-3,missing,
389,negative:248,OC(Cc1ccccc1Cl)(Cn1[nH]cnc1=S)C1(Cl)CC1,SCH-4,missing,
389,negative:248,OC(Cc1ccccc1Cl)(Cn1[nH]cnc1=S)C1(Cl)CC1,SCH-5,missing,
389,negative:248,OC(Cc1ccccc1Cl)(Cn1[nH]cnc1=S)C1(Cl)CC1,SCH-6,missing,
389,negative:248,OC(Cc1ccccc1Cl)(Cn1[nH]cnc1=S)C1(Cl)CC1,SCH-7,missing,
389,negative:248,OC(Cc1ccccc1Cl)(Cn1[nH]cnc1=S)C1(Cl)CC1,VCH-3,missing,
389,negative:248,OC(Cc1ccccc1Cl)(Cn1[nH]cnc1=S)C1(Cl)CC1,VCH-4,missing,
389,negative:248,OC(Cc1ccccc1Cl)(Cn1[nH]cnc1=S)C1(Cl)CC1,VCH-5,missing,
389,negative:248,OC(Cc1ccccc1Cl)(Cn1[nH]cnc1=S)C1(Cl)CC1,VCH-6,missing,
389,negative:248,OC(Cc1ccccc1Cl)(Cn1[nH]cnc1=S)C1(Cl)CC1,VCH-7,missing,
389,negative:248,OC(Cc1ccccc1Cl)(Cn1[nH]cnc1=S)C1(Cl)CC1,SC-3,missing,
389,negative:248,OC(Cc1ccccc1Cl)(Cn1[nH]cnc1=S)C1(Cl)CC1,SC-4,missing,
389,negative:248,OC(Cc1ccccc1Cl)(Cn1[nH]cnc1=S)C1(Cl)CC1,SC-5,missing,
389,negative:248,OC(Cc1ccccc1Cl)(Cn1[nH]cnc1=S)C1(Cl)CC1,SC-6,missing,
389,negative:248,OC(Cc1ccccc1Cl)(Cn1[nH]cnc1=S)C1(Cl)CC1,VC-3,missing,
389,negative:248,OC(Cc1ccccc1Cl)(Cn1[nH]cnc1=S)C1(Cl)CC1,VC-4,missing,
389,negative:248,OC(Cc1ccccc1Cl)(Cn1[nH]cnc1=S)C1(Cl)CC1,VC-5,missing,
389,negative:248,OC(Cc1ccccc1Cl)(Cn1[nH]cnc1=S)C1(Cl)CC1,VC-6,missing,
389,negative:248,OC(Cc1ccccc1Cl)(Cn1[nH]cnc1=S)C1(Cl)CC1,SPC-4,missing,
389,negative:248,OC(Cc1ccccc1Cl)(Cn1[nH]cnc1=S)C1(Cl)CC1,SPC-5,missing,
389,negative:248,OC(Cc1ccccc1Cl)(Cn1[nH]cnc1=S)C1(Cl)CC1,SPC-6,missing,
389,negative:248,OC(Cc1ccccc1Cl)(Cn1[nH]cnc1=S)C1(Cl)CC1,VPC-4,missing,
389,negative:248,OC(Cc1ccccc1Cl)(Cn1[nH]cnc1=S)C1(Cl)CC1,VPC-5,missing,
389,negative:248,OC(Cc1ccccc1Cl)(Cn1[nH]cnc1=S)C1(Cl)CC1,VPC-6,missing,
389,negative:248,OC(Cc1ccccc1Cl)(Cn1[nH]cnc1=S)C1(Cl)CC1,SP-0,missing,
389,negative:248,OC(Cc1ccccc1Cl)(Cn1[nH]cnc1=S)C1(Cl)CC1,SP-1,missing,
389,negative:248,OC(Cc1ccccc1Cl)(Cn1[nH]cnc1=S)C1(Cl)CC1,SP-2,missing,
389,negative:248,OC(Cc1ccccc1Cl)(Cn1[nH]cnc1=S)C1(Cl)CC1,SP-3,missing,
389,negative:248,OC(Cc1ccccc1Cl)(Cn1[nH]cnc1=S)C1(Cl)CC1,SP-4,missing,
389,negative:248,OC(Cc1ccccc1Cl)(Cn1[nH]cnc1=S)C1(Cl)CC1,SP-5,missing,
389,negative:248,OC(Cc1ccccc1Cl)(Cn1[nH]cnc1=S)C1(Cl)CC1,SP-6,missing,
389,negative:248,OC(Cc1ccccc1Cl)(Cn1[nH]cnc1=S)C1(Cl)CC1,SP-7,missing,
389,negative:248,OC(Cc1ccccc1Cl)(Cn1[nH]cnc1=S)C1(Cl)CC1,ASP-0,missing,
389,negative:248,OC(Cc1ccccc1Cl)(Cn1[nH]cnc1=S)C1(Cl)CC1,ASP-1,missing,
389,negative:248,OC(Cc1ccccc1Cl)(Cn1[nH]cnc1=S)C1(Cl)CC1,ASP-2,missing,
389,negative:248,OC(Cc1ccccc1Cl)(Cn1[nH]cnc1=S)C1(Cl)CC1,ASP-3,missing,
389,negative:248,OC(Cc1ccccc1Cl)(Cn1[nH]cnc1=S)C1(Cl)CC1,ASP-4,missing,
389,negative:248,OC(Cc1ccccc1Cl)(Cn1[nH]cnc1=S)C1(Cl)CC1,ASP-5,missing,
389,negative:248,OC(Cc1ccccc1Cl)(Cn1[nH]cnc1=S)C1(Cl)CC1,ASP-6,missing,
389,negative:248,OC(Cc1ccccc1Cl)(Cn1[nH]cnc1=S)C1(Cl)CC1,ASP-7,missing,
389,negative:248,OC(Cc1ccccc1Cl)(Cn1[nH]cnc1=S)C1(Cl)CC1,VP-0,missing,
389,negative:248,OC(Cc1ccccc1Cl)(Cn1[nH]cnc1=S)C1(Cl)CC1,VP-1,missing,
389,negative:248,OC(Cc1ccccc1Cl)(Cn1[nH]cnc1=S)C1(Cl)CC1,VP-2,missing,
389,negative:248,OC(Cc1ccccc1Cl)(Cn1[nH]cnc1=S)C1(Cl)CC1,VP-3,missing,
389,negative:248,OC(Cc1ccccc1Cl)(Cn1[nH]cnc1=S)C1(Cl)CC1,VP-4,missing,
389,negative:248,OC(Cc1ccccc1Cl)(Cn1[nH]cnc1=S)C1(Cl)CC1,VP-5,missing,
389,negative:248,OC(Cc1ccccc1Cl)(Cn1[nH]cnc1=S)C1(Cl)CC1,VP-6,missing,
389,negative:248,OC(Cc1ccccc1Cl)(Cn1[nH]cnc1=S)C1(Cl)CC1,VP-7,missing,
389,negative:248,OC(Cc1ccccc1Cl)(Cn1[nH]cnc1=S)C1(Cl)CC1,AVP-0,missing,
389,negative:248,OC(Cc1ccccc1Cl)(Cn1[nH]cnc1=S)C1(Cl)CC1,AVP-1,missing,
389,negative:248,OC(Cc1ccccc1Cl)(Cn1[nH]cnc1=S)C1(Cl)CC1,AVP-2,missing,
389,negative:248,OC(Cc1ccccc1Cl)(Cn1[nH]cnc1=S)C1(Cl)CC1,AVP-3,missing,
389,negative:248,OC(Cc1ccccc1Cl)(Cn1[nH]cnc1=S)C1(Cl)CC1,AVP-4,missing,
389,negative:248,OC(Cc1ccccc1Cl)(Cn1[nH]cnc1=S)C1(Cl)CC1,AVP-5,missing,
389,negative:248,OC(Cc1ccccc1Cl)(Cn1[nH]cnc1=S)C1(Cl)CC1,AVP-6,missing,
389,negative:248,OC(Cc1ccccc1Cl)(Cn1[nH]cnc1=S)C1(Cl)CC1,AVP-7,missing,
389,negative:248,OC(Cc1ccccc1Cl)(Cn1[nH]cnc1=S)C1(Cl)CC1,VABC,missing,
396,negative:255,ClC(Cl)Cl,SpMax6_Bhm,missing,
396,negative:255,ClC(Cl)Cl,SpMax7_Bhm,missing,
396,negative:255,ClC(Cl)Cl,SpMax8_Bhm,missing,
396,negative:255,ClC(Cl)Cl,SpMin6_Bhm,missing,
396,negative:255,ClC(Cl)Cl,SpMin7_Bhm,missing,
396,negative:255,ClC(Cl)Cl,SpMin8_Bhm,missing,
396,negative:255,ClC(Cl)Cl,SpMax6_Bhv,missing,
396,negative:255,ClC(Cl)Cl,SpMax7_Bhv,missing,
396,negative:255,ClC(Cl)Cl,SpMax8_Bhv,missing,
396,negative:255,ClC(Cl)Cl,SpMin6_Bhv,missing,
396,negative:255,ClC(Cl)Cl,SpMin7_Bhv,missing,
396,negative:255,ClC(Cl)Cl,SpMin8_Bhv,missing,
396,negative:255,ClC(Cl)Cl,SpMax6_Bhe,missing,
396,negative:255,ClC(Cl)Cl,SpMax7_Bhe,missing,
396,negative:255,ClC(Cl)Cl,SpMax8_Bhe,missing,
396,negative:255,ClC(Cl)Cl,SpMin6_Bhe,missing,
396,negative:255,ClC(Cl)Cl,SpMin7_Bhe,missing,
396,negative:255,ClC(Cl)Cl,SpMin8_Bhe,missing,
396,negative:255,ClC(Cl)Cl,SpMax6_Bhp,missing,
396,negative:255,ClC(Cl)Cl,SpMax7_Bhp,missing,
396,negative:255,ClC(Cl)Cl,SpMax8_Bhp,missing,
396,negative:255,ClC(Cl)Cl,SpMin6_Bhp,missing,
396,negative:255,ClC(Cl)Cl,SpMin7_Bhp,missing,
396,negative:255,ClC(Cl)Cl,SpMin8_Bhp,missing,
396,negative:255,ClC(Cl)Cl,SpMax6_Bhi,missing,
396,negative:255,ClC(Cl)Cl,SpMax7_Bhi,missing,
396,negative:255,ClC(Cl)Cl,SpMax8_Bhi,missing,
396,negative:255,ClC(Cl)Cl,SpMin6_Bhi,missing,
396,negative:255,ClC(Cl)Cl,SpMin7_Bhi,missing,
396,negative:255,ClC(Cl)Cl,SpMin8_Bhi,missing,
396,negative:255,ClC(Cl)Cl,SpMax6_Bhs,missing,
396,negative:255,ClC(Cl)Cl,SpMax7_Bhs,missing,
396,negative:255,ClC(Cl)Cl,SpMax8_Bhs,missing,
396,negative:255,ClC(Cl)Cl,SpMin6_Bhs,missing,
396,negative:255,ClC(Cl)Cl,SpMin7_Bhs,missing,
396,negative:255,ClC(Cl)Cl,SpMin8_Bhs,missing,
396,negative:255,ClC(Cl)Cl,Kier3,missing,
397,negative:256,C[S+](C)[O-],Kier3,missing,
399,negative:258,ClCBr,SpMax6_Bhm,missing,
399,negative:258,ClCBr,SpMax7_Bhm,missing,
399,negative:258,ClCBr,SpMax8_Bhm,missing,
399,negative:258,ClCBr,SpMin6_Bhm,missing,
399,negative:258,ClCBr,SpMin7_Bhm,missing,
399,negative:258,ClCBr,SpMin8_Bhm,missing,
399,negative:258,ClCBr,SpMax6_Bhv,missing,
399,negative:258,ClCBr,SpMax7_Bhv,missing,
399,negative:258,ClCBr,SpMax8_Bhv,missing,
399,negative:258,ClCBr,SpMin6_Bhv,missing,
399,negative:258,ClCBr,SpMin7_Bhv,missing,
399,negative:258,ClCBr,SpMin8_Bhv,missing,
399,negative:258,ClCBr,SpMax6_Bhe,missing,
399,negative:258,ClCBr,SpMax7_Bhe,missing,
399,negative:258,ClCBr,SpMax8_Bhe,missing,
399,negative:258,ClCBr,SpMin6_Bhe,missing,
399,negative:258,ClCBr,SpMin7_Bhe,missing,
399,negative:258,ClCBr,SpMin8_Bhe,missing,
399,negative:258,ClCBr,SpMax6_Bhp,missing,
399,negative:258,ClCBr,SpMax7_Bhp,missing,
399,negative:258,ClCBr,SpMax8_Bhp,missing,
399,negative:258,ClCBr,SpMin6_Bhp,missing,
399,negative:258,ClCBr,SpMin7_Bhp,missing,
399,negative:258,ClCBr,SpMin8_Bhp,missing,
399,negative:258,ClCBr,SpMax6_Bhi,missing,
399,negative:258,ClCBr,SpMax7_Bhi,missing,
399,negative:258,ClCBr,SpMax8_Bhi,missing,
399,negative:258,ClCBr,SpMin6_Bhi,missing,
399,negative:258,ClCBr,SpMin7_Bhi,missing,
399,negative:258,ClCBr,SpMin8_Bhi,missing,
399,negative:258,ClCBr,SpMax6_Bhs,missing,
399,negative:258,ClCBr,SpMax7_Bhs,missing,
399,negative:258,ClCBr,SpMax8_Bhs,missing,
399,negative:258,ClCBr,SpMin6_Bhs,missing,
399,negative:258,ClCBr,SpMin7_Bhs,missing,
399,negative:258,ClCBr,SpMin8_Bhs,missing,
400,negative:259,S=C=S,SpMax4_Bhm,missing,
400,negative:259,S=C=S,SpMax5_Bhm,missing,
400,negative:259,S=C=S,SpMax6_Bhm,missing,
400,negative:259,S=C=S,SpMax7_Bhm,missing,
400,negative:259,S=C=S,SpMax8_Bhm,missing,
400,negative:259,S=C=S,SpMin4_Bhm,missing,
400,negative:259,S=C=S,SpMin5_Bhm,missing,
400,negative:259,S=C=S,SpMin6_Bhm,missing,
400,negative:259,S=C=S,SpMin7_Bhm,missing,
400,negative:259,S=C=S,SpMin8_Bhm,missing,
400,negative:259,S=C=S,SpMax4_Bhv,missing,
400,negative:259,S=C=S,SpMax5_Bhv,missing,
400,negative:259,S=C=S,SpMax6_Bhv,missing,
400,negative:259,S=C=S,SpMax7_Bhv,missing,
400,negative:259,S=C=S,SpMax8_Bhv,missing,
400,negative:259,S=C=S,SpMin4_Bhv,missing,
400,negative:259,S=C=S,SpMin5_Bhv,missing,
400,negative:259,S=C=S,SpMin6_Bhv,missing,
400,negative:259,S=C=S,SpMin7_Bhv,missing,
400,negative:259,S=C=S,SpMin8_Bhv,missing,
400,negative:259,S=C=S,SpMax4_Bhe,missing,
400,negative:259,S=C=S,SpMax5_Bhe,missing,
400,negative:259,S=C=S,SpMax6_Bhe,missing,
400,negative:259,S=C=S,SpMax7_Bhe,missing,
400,negative:259,S=C=S,SpMax8_Bhe,missing,
400,negative:259,S=C=S,SpMin4_Bhe,missing,
400,negative:259,S=C=S,SpMin5_Bhe,missing,
400,negative:259,S=C=S,SpMin6_Bhe,missing,
400,negative:259,S=C=S,SpMin7_Bhe,missing,
400,negative:259,S=C=S,SpMin8_Bhe,missing,
400,negative:259,S=C=S,SpMax4_Bhp,missing,
400,negative:259,S=C=S,SpMax5_Bhp,missing,
400,negative:259,S=C=S,SpMax6_Bhp,missing,
400,negative:259,S=C=S,SpMax7_Bhp,missing,
400,negative:259,S=C=S,SpMax8_Bhp,missing,
400,negative:259,S=C=S,SpMin4_Bhp,missing,
400,negative:259,S=C=S,SpMin5_Bhp,missing,
400,negative:259,S=C=S,SpMin6_Bhp,missing,
400,negative:259,S=C=S,SpMin7_Bhp,missing,
400,negative:259,S=C=S,SpMin8_Bhp,missing,
400,negative:259,S=C=S,SpMax4_Bhi,missing,
400,negative:259,S=C=S,SpMax5_Bhi,missing,
400,negative:259,S=C=S,SpMax6_Bhi,missing,
400,negative:259,S=C=S,SpMax7_Bhi,missing,
400,negative:259,S=C=S,SpMax8_Bhi,missing,
400,negative:259,S=C=S,SpMin4_Bhi,missing,
400,negative:259,S=C=S,SpMin5_Bhi,missing,
400,negative:259,S=C=S,SpMin6_Bhi,missing,
400,negative:259,S=C=S,SpMin7_Bhi,missing,
400,negative:259,S=C=S,SpMin8_Bhi,missing,
400,negative:259,S=C=S,SpMax4_Bhs,missing,
400,negative:259,S=C=S,SpMax5_Bhs,missing,
400,negative:259,S=C=S,SpMax6_Bhs,missing,
400,negative:259,S=C=S,SpMax7_Bhs,missing,
400,negative:259,S=C=S,SpMax8_Bhs,missing,
400,negative:259,S=C=S,SpMin4_Bhs,missing,
400,negative:259,S=C=S,SpMin5_Bhs,missing,
400,negative:259,S=C=S,SpMin6_Bhs,missing,
400,negative:259,S=C=S,SpMin7_Bhs,missing,
400,negative:259,S=C=S,SpMin8_Bhs,missing,
400,negative:259,S=C=S,HybRatio,missing,
401,negative:260,C=C(Cl)Cl,SpMax7_Bhm,missing,
401,negative:260,C=C(Cl)Cl,SpMax8_Bhm,missing,
401,negative:260,C=C(Cl)Cl,SpMin7_Bhm,missing,
401,negative:260,C=C(Cl)Cl,SpMin8_Bhm,missing,
401,negative:260,C=C(Cl)Cl,SpMax7_Bhv,missing,
401,negative:260,C=C(Cl)Cl,SpMax8_Bhv,missing,
401,negative:260,C=C(Cl)Cl,SpMin7_Bhv,missing,
401,negative:260,C=C(Cl)Cl,SpMin8_Bhv,missing,
401,negative:260,C=C(Cl)Cl,SpMax7_Bhe,missing,
401,negative:260,C=C(Cl)Cl,SpMax8_Bhe,missing,
401,negative:260,C=C(Cl)Cl,SpMin7_Bhe,missing,
401,negative:260,C=C(Cl)Cl,SpMin8_Bhe,missing,
401,negative:260,C=C(Cl)Cl,SpMax7_Bhp,missing,
401,negative:260,C=C(Cl)Cl,SpMax8_Bhp,missing,
401,negative:260,C=C(Cl)Cl,SpMin7_Bhp,missing,
401,negative:260,C=C(Cl)Cl,SpMin8_Bhp,missing,
401,negative:260,C=C(Cl)Cl,SpMax7_Bhi,missing,
401,negative:260,C=C(Cl)Cl,SpMax8_Bhi,missing,
401,negative:260,C=C(Cl)Cl,SpMin7_Bhi,missing,
401,negative:260,C=C(Cl)Cl,SpMin8_Bhi,missing,
401,negative:260,C=C(Cl)Cl,SpMax7_Bhs,missing,
401,negative:260,C=C(Cl)Cl,SpMax8_Bhs,missing,
401,negative:260,C=C(Cl)Cl,SpMin7_Bhs,missing,
401,negative:260,C=C(Cl)Cl,SpMin8_Bhs,missing,
401,negative:260,C=C(Cl)Cl,Kier3,missing,
402,negative:261,CC(C)(C)O,Kier3,missing,
437,negative:296,CCOP(=S)(OCC)Oc1ccc(=O)n(-c2ccccc2)n1,BCUTw-1l,missing,
437,negative:296,CCOP(=S)(OCC)Oc1ccc(=O)n(-c2ccccc2)n1,BCUTw-1h,missing,
437,negative:296,CCOP(=S)(OCC)Oc1ccc(=O)n(-c2ccccc2)n1,BCUTc-1l,missing,
437,negative:296,CCOP(=S)(OCC)Oc1ccc(=O)n(-c2ccccc2)n1,BCUTc-1h,missing,
437,negative:296,CCOP(=S)(OCC)Oc1ccc(=O)n(-c2ccccc2)n1,BCUTp-1l,missing,
437,negative:296,CCOP(=S)(OCC)Oc1ccc(=O)n(-c2ccccc2)n1,BCUTp-1h,missing,
437,negative:296,CCOP(=S)(OCC)Oc1ccc(=O)n(-c2ccccc2)n1,SCH-3,missing,
437,negative:296,CCOP(=S)(OCC)Oc1ccc(=O)n(-c2ccccc2)n1,SCH-4,missing,
437,negative:296,CCOP(=S)(OCC)Oc1ccc(=O)n(-c2ccccc2)n1,SCH-5,missing,
437,negative:296,CCOP(=S)(OCC)Oc1ccc(=O)n(-c2ccccc2)n1,SCH-6,missing,
437,negative:296,CCOP(=S)(OCC)Oc1ccc(=O)n(-c2ccccc2)n1,SCH-7,missing,
437,negative:296,CCOP(=S)(OCC)Oc1ccc(=O)n(-c2ccccc2)n1,VCH-3,missing,
437,negative:296,CCOP(=S)(OCC)Oc1ccc(=O)n(-c2ccccc2)n1,VCH-4,missing,
437,negative:296,CCOP(=S)(OCC)Oc1ccc(=O)n(-c2ccccc2)n1,VCH-5,missing,
437,negative:296,CCOP(=S)(OCC)Oc1ccc(=O)n(-c2ccccc2)n1,VCH-6,missing,
437,negative:296,CCOP(=S)(OCC)Oc1ccc(=O)n(-c2ccccc2)n1,VCH-7,missing,
437,negative:296,CCOP(=S)(OCC)Oc1ccc(=O)n(-c2ccccc2)n1,SC-3,missing,
437,negative:296,CCOP(=S)(OCC)Oc1ccc(=O)n(-c2ccccc2)n1,SC-4,missing,
437,negative:296,CCOP(=S)(OCC)Oc1ccc(=O)n(-c2ccccc2)n1,SC-5,missing,
437,negative:296,CCOP(=S)(OCC)Oc1ccc(=O)n(-c2ccccc2)n1,SC-6,missing,
437,negative:296,CCOP(=S)(OCC)Oc1ccc(=O)n(-c2ccccc2)n1,VC-3,missing,
437,negative:296,CCOP(=S)(OCC)Oc1ccc(=O)n(-c2ccccc2)n1,VC-4,missing,
437,negative:296,CCOP(=S)(OCC)Oc1ccc(=O)n(-c2ccccc2)n1,VC-5,missing,
437,negative:296,CCOP(=S)(OCC)Oc1ccc(=O)n(-c2ccccc2)n1,VC-6,missing,
437,negative:296,CCOP(=S)(OCC)Oc1ccc(=O)n(-c2ccccc2)n1,SPC-4,missing,
437,negative:296,CCOP(=S)(OCC)Oc1ccc(=O)n(-c2ccccc2)n1,SPC-5,missing,
437,negative:296,CCOP(=S)(OCC)Oc1ccc(=O)n(-c2ccccc2)n1,SPC-6,missing,
437,negative:296,CCOP(=S)(OCC)Oc1ccc(=O)n(-c2ccccc2)n1,VPC-4,missing,
437,negative:296,CCOP(=S)(OCC)Oc1ccc(=O)n(-c2ccccc2)n1,VPC-5,missing,
437,negative:296,CCOP(=S)(OCC)Oc1ccc(=O)n(-c2ccccc2)n1,VPC-6,missing,
437,negative:296,CCOP(=S)(OCC)Oc1ccc(=O)n(-c2ccccc2)n1,SP-0,missing,
437,negative:296,CCOP(=S)(OCC)Oc1ccc(=O)n(-c2ccccc2)n1,SP-1,missing,
437,negative:296,CCOP(=S)(OCC)Oc1ccc(=O)n(-c2ccccc2)n1,SP-2,missing,
437,negative:296,CCOP(=S)(OCC)Oc1ccc(=O)n(-c2ccccc2)n1,SP-3,missing,
437,negative:296,CCOP(=S)(OCC)Oc1ccc(=O)n(-c2ccccc2)n1,SP-4,missing,
437,negative:296,CCOP(=S)(OCC)Oc1ccc(=O)n(-c2ccccc2)n1,SP-5,missing,
437,negative:296,CCOP(=S)(OCC)Oc1ccc(=O)n(-c2ccccc2)n1,SP-6,missing,
437,negative:296,CCOP(=S)(OCC)Oc1ccc(=O)n(-c2ccccc2)n1,SP-7,missing,
437,negative:296,CCOP(=S)(OCC)Oc1ccc(=O)n(-c2ccccc2)n1,ASP-0,missing,
437,negative:296,CCOP(=S)(OCC)Oc1ccc(=O)n(-c2ccccc2)n1,ASP-1,missing,
437,negative:296,CCOP(=S)(OCC)Oc1ccc(=O)n(-c2ccccc2)n1,ASP-2,missing,
437,negative:296,CCOP(=S)(OCC)Oc1ccc(=O)n(-c2ccccc2)n1,ASP-3,missing,
437,negative:296,CCOP(=S)(OCC)Oc1ccc(=O)n(-c2ccccc2)n1,ASP-4,missing,
437,negative:296,CCOP(=S)(OCC)Oc1ccc(=O)n(-c2ccccc2)n1,ASP-5,missing,
437,negative:296,CCOP(=S)(OCC)Oc1ccc(=O)n(-c2ccccc2)n1,ASP-6,missing,
437,negative:296,CCOP(=S)(OCC)Oc1ccc(=O)n(-c2ccccc2)n1,ASP-7,missing,
437,negative:296,CCOP(=S)(OCC)Oc1ccc(=O)n(-c2ccccc2)n1,VP-0,missing,
437,negative:296,CCOP(=S)(OCC)Oc1ccc(=O)n(-c2ccccc2)n1,VP-1,missing,
437,negative:296,CCOP(=S)(OCC)Oc1ccc(=O)n(-c2ccccc2)n1,VP-2,missing,
437,negative:296,CCOP(=S)(OCC)Oc1ccc(=O)n(-c2ccccc2)n1,VP-3,missing,
437,negative:296,CCOP(=S)(OCC)Oc1ccc(=O)n(-c2ccccc2)n1,VP-4,missing,
437,negative:296,CCOP(=S)(OCC)Oc1ccc(=O)n(-c2ccccc2)n1,VP-5,missing,
437,negative:296,CCOP(=S)(OCC)Oc1ccc(=O)n(-c2ccccc2)n1,VP-6,missing,
437,negative:296,CCOP(=S)(OCC)Oc1ccc(=O)n(-c2ccccc2)n1,VP-7,missing,
437,negative:296,CCOP(=S)(OCC)Oc1ccc(=O)n(-c2ccccc2)n1,AVP-0,missing,
437,negative:296,CCOP(=S)(OCC)Oc1ccc(=O)n(-c2ccccc2)n1,AVP-1,missing,
437,negative:296,CCOP(=S)(OCC)Oc1ccc(=O)n(-c2ccccc2)n1,AVP-2,missing,
437,negative:296,CCOP(=S)(OCC)Oc1ccc(=O)n(-c2ccccc2)n1,AVP-3,missing,
437,negative:296,CCOP(=S)(OCC)Oc1ccc(=O)n(-c2ccccc2)n1,AVP-4,missing,
437,negative:296,CCOP(=S)(OCC)Oc1ccc(=O)n(-c2ccccc2)n1,AVP-5,missing,
437,negative:296,CCOP(=S)(OCC)Oc1ccc(=O)n(-c2ccccc2)n1,AVP-6,missing,
437,negative:296,CCOP(=S)(OCC)Oc1ccc(=O)n(-c2ccccc2)n1,AVP-7,missing,
437,negative:296,CCOP(=S)(OCC)Oc1ccc(=O)n(-c2ccccc2)n1,VABC,missing,
469,negative:328,O=C(O)c1[nH]n(-c2ccc(S(=O)(=O)O)cc2)c(=O)c1N=Nc1ccc(S(=O)(=O)O)cc1,BCUTw-1l,missing,
469,negative:328,O=C(O)c1[nH]n(-c2ccc(S(=O)(=O)O)cc2)c(=O)c1N=Nc1ccc(S(=O)(=O)O)cc1,BCUTw-1h,missing,
469,negative:328,O=C(O)c1[nH]n(-c2ccc(S(=O)(=O)O)cc2)c(=O)c1N=Nc1ccc(S(=O)(=O)O)cc1,BCUTc-1l,missing,
469,negative:328,O=C(O)c1[nH]n(-c2ccc(S(=O)(=O)O)cc2)c(=O)c1N=Nc1ccc(S(=O)(=O)O)cc1,BCUTc-1h,missing,
469,negative:328,O=C(O)c1[nH]n(-c2ccc(S(=O)(=O)O)cc2)c(=O)c1N=Nc1ccc(S(=O)(=O)O)cc1,BCUTp-1l,missing,
469,negative:328,O=C(O)c1[nH]n(-c2ccc(S(=O)(=O)O)cc2)c(=O)c1N=Nc1ccc(S(=O)(=O)O)cc1,BCUTp-1h,missing,
469,negative:328,O=C(O)c1[nH]n(-c2ccc(S(=O)(=O)O)cc2)c(=O)c1N=Nc1ccc(S(=O)(=O)O)cc1,SCH-3,missing,
469,negative:328,O=C(O)c1[nH]n(-c2ccc(S(=O)(=O)O)cc2)c(=O)c1N=Nc1ccc(S(=O)(=O)O)cc1,SCH-4,missing,
469,negative:328,O=C(O)c1[nH]n(-c2ccc(S(=O)(=O)O)cc2)c(=O)c1N=Nc1ccc(S(=O)(=O)O)cc1,SCH-5,missing,
469,negative:328,O=C(O)c1[nH]n(-c2ccc(S(=O)(=O)O)cc2)c(=O)c1N=Nc1ccc(S(=O)(=O)O)cc1,SCH-6,missing,
469,negative:328,O=C(O)c1[nH]n(-c2ccc(S(=O)(=O)O)cc2)c(=O)c1N=Nc1ccc(S(=O)(=O)O)cc1,SCH-7,missing,
469,negative:328,O=C(O)c1[nH]n(-c2ccc(S(=O)(=O)O)cc2)c(=O)c1N=Nc1ccc(S(=O)(=O)O)cc1,VCH-3,missing,
469,negative:328,O=C(O)c1[nH]n(-c2ccc(S(=O)(=O)O)cc2)c(=O)c1N=Nc1ccc(S(=O)(=O)O)cc1,VCH-4,missing,
469,negative:328,O=C(O)c1[nH]n(-c2ccc(S(=O)(=O)O)cc2)c(=O)c1N=Nc1ccc(S(=O)(=O)O)cc1,VCH-5,missing,
469,negative:328,O=C(O)c1[nH]n(-c2ccc(S(=O)(=O)O)cc2)c(=O)c1N=Nc1ccc(S(=O)(=O)O)cc1,VCH-6,missing,
469,negative:328,O=C(O)c1[nH]n(-c2ccc(S(=O)(=O)O)cc2)c(=O)c1N=Nc1ccc(S(=O)(=O)O)cc1,VCH-7,missing,
469,negative:328,O=C(O)c1[nH]n(-c2ccc(S(=O)(=O)O)cc2)c(=O)c1N=Nc1ccc(S(=O)(=O)O)cc1,SC-3,missing,
469,negative:328,O=C(O)c1[nH]n(-c2ccc(S(=O)(=O)O)cc2)c(=O)c1N=Nc1ccc(S(=O)(=O)O)cc1,SC-4,missing,
469,negative:328,O=C(O)c1[nH]n(-c2ccc(S(=O)(=O)O)cc2)c(=O)c1N=Nc1ccc(S(=O)(=O)O)cc1,SC-5,missing,
469,negative:328,O=C(O)c1[nH]n(-c2ccc(S(=O)(=O)O)cc2)c(=O)c1N=Nc1ccc(S(=O)(=O)O)cc1,SC-6,missing,
469,negative:328,O=C(O)c1[nH]n(-c2ccc(S(=O)(=O)O)cc2)c(=O)c1N=Nc1ccc(S(=O)(=O)O)cc1,VC-3,missing,
469,negative:328,O=C(O)c1[nH]n(-c2ccc(S(=O)(=O)O)cc2)c(=O)c1N=Nc1ccc(S(=O)(=O)O)cc1,VC-4,missing,
469,negative:328,O=C(O)c1[nH]n(-c2ccc(S(=O)(=O)O)cc2)c(=O)c1N=Nc1ccc(S(=O)(=O)O)cc1,VC-5,missing,
469,negative:328,O=C(O)c1[nH]n(-c2ccc(S(=O)(=O)O)cc2)c(=O)c1N=Nc1ccc(S(=O)(=O)O)cc1,VC-6,missing,
469,negative:328,O=C(O)c1[nH]n(-c2ccc(S(=O)(=O)O)cc2)c(=O)c1N=Nc1ccc(S(=O)(=O)O)cc1,SPC-4,missing,
469,negative:328,O=C(O)c1[nH]n(-c2ccc(S(=O)(=O)O)cc2)c(=O)c1N=Nc1ccc(S(=O)(=O)O)cc1,SPC-5,missing,
469,negative:328,O=C(O)c1[nH]n(-c2ccc(S(=O)(=O)O)cc2)c(=O)c1N=Nc1ccc(S(=O)(=O)O)cc1,SPC-6,missing,
469,negative:328,O=C(O)c1[nH]n(-c2ccc(S(=O)(=O)O)cc2)c(=O)c1N=Nc1ccc(S(=O)(=O)O)cc1,VPC-4,missing,
469,negative:328,O=C(O)c1[nH]n(-c2ccc(S(=O)(=O)O)cc2)c(=O)c1N=Nc1ccc(S(=O)(=O)O)cc1,VPC-5,missing,
469,negative:328,O=C(O)c1[nH]n(-c2ccc(S(=O)(=O)O)cc2)c(=O)c1N=Nc1ccc(S(=O)(=O)O)cc1,VPC-6,missing,
469,negative:328,O=C(O)c1[nH]n(-c2ccc(S(=O)(=O)O)cc2)c(=O)c1N=Nc1ccc(S(=O)(=O)O)cc1,SP-0,missing,
469,negative:328,O=C(O)c1[nH]n(-c2ccc(S(=O)(=O)O)cc2)c(=O)c1N=Nc1ccc(S(=O)(=O)O)cc1,SP-1,missing,
469,negative:328,O=C(O)c1[nH]n(-c2ccc(S(=O)(=O)O)cc2)c(=O)c1N=Nc1ccc(S(=O)(=O)O)cc1,SP-2,missing,
469,negative:328,O=C(O)c1[nH]n(-c2ccc(S(=O)(=O)O)cc2)c(=O)c1N=Nc1ccc(S(=O)(=O)O)cc1,SP-3,missing,
469,negative:328,O=C(O)c1[nH]n(-c2ccc(S(=O)(=O)O)cc2)c(=O)c1N=Nc1ccc(S(=O)(=O)O)cc1,SP-4,missing,
469,negative:328,O=C(O)c1[nH]n(-c2ccc(S(=O)(=O)O)cc2)c(=O)c1N=Nc1ccc(S(=O)(=O)O)cc1,SP-5,missing,
469,negative:328,O=C(O)c1[nH]n(-c2ccc(S(=O)(=O)O)cc2)c(=O)c1N=Nc1ccc(S(=O)(=O)O)cc1,SP-6,missing,
469,negative:328,O=C(O)c1[nH]n(-c2ccc(S(=O)(=O)O)cc2)c(=O)c1N=Nc1ccc(S(=O)(=O)O)cc1,SP-7,missing,
469,negative:328,O=C(O)c1[nH]n(-c2ccc(S(=O)(=O)O)cc2)c(=O)c1N=Nc1ccc(S(=O)(=O)O)cc1,ASP-0,missing,
469,negative:328,O=C(O)c1[nH]n(-c2ccc(S(=O)(=O)O)cc2)c(=O)c1N=Nc1ccc(S(=O)(=O)O)cc1,ASP-1,missing,
469,negative:328,O=C(O)c1[nH]n(-c2ccc(S(=O)(=O)O)cc2)c(=O)c1N=Nc1ccc(S(=O)(=O)O)cc1,ASP-2,missing,
469,negative:328,O=C(O)c1[nH]n(-c2ccc(S(=O)(=O)O)cc2)c(=O)c1N=Nc1ccc(S(=O)(=O)O)cc1,ASP-3,missing,
469,negative:328,O=C(O)c1[nH]n(-c2ccc(S(=O)(=O)O)cc2)c(=O)c1N=Nc1ccc(S(=O)(=O)O)cc1,ASP-4,missing,
469,negative:328,O=C(O)c1[nH]n(-c2ccc(S(=O)(=O)O)cc2)c(=O)c1N=Nc1ccc(S(=O)(=O)O)cc1,ASP-5,missing,
469,negative:328,O=C(O)c1[nH]n(-c2ccc(S(=O)(=O)O)cc2)c(=O)c1N=Nc1ccc(S(=O)(=O)O)cc1,ASP-6,missing,
469,negative:328,O=C(O)c1[nH]n(-c2ccc(S(=O)(=O)O)cc2)c(=O)c1N=Nc1ccc(S(=O)(=O)O)cc1,ASP-7,missing,
469,negative:328,O=C(O)c1[nH]n(-c2ccc(S(=O)(=O)O)cc2)c(=O)c1N=Nc1ccc(S(=O)(=O)O)cc1,VP-0,missing,
469,negative:328,O=C(O)c1[nH]n(-c2ccc(S(=O)(=O)O)cc2)c(=O)c1N=Nc1ccc(S(=O)(=O)O)cc1,VP-1,missing,
469,negative:328,O=C(O)c1[nH]n(-c2ccc(S(=O)(=O)O)cc2)c(=O)c1N=Nc1ccc(S(=O)(=O)O)cc1,VP-2,missing,
469,negative:328,O=C(O)c1[nH]n(-c2ccc(S(=O)(=O)O)cc2)c(=O)c1N=Nc1ccc(S(=O)(=O)O)cc1,VP-3,missing,
469,negative:328,O=C(O)c1[nH]n(-c2ccc(S(=O)(=O)O)cc2)c(=O)c1N=Nc1ccc(S(=O)(=O)O)cc1,VP-4,missing,
469,negative:328,O=C(O)c1[nH]n(-c2ccc(S(=O)(=O)O)cc2)c(=O)c1N=Nc1ccc(S(=O)(=O)O)cc1,VP-5,missing,
469,negative:328,O=C(O)c1[nH]n(-c2ccc(S(=O)(=O)O)cc2)c(=O)c1N=Nc1ccc(S(=O)(=O)O)cc1,VP-6,missing,
469,negative:328,O=C(O)c1[nH]n(-c2ccc(S(=O)(=O)O)cc2)c(=O)c1N=Nc1ccc(S(=O)(=O)O)cc1,VP-7,missing,
469,negative:328,O=C(O)c1[nH]n(-c2ccc(S(=O)(=O)O)cc2)c(=O)c1N=Nc1ccc(S(=O)(=O)O)cc1,AVP-0,missing,
469,negative:328,O=C(O)c1[nH]n(-c2ccc(S(=O)(=O)O)cc2)c(=O)c1N=Nc1ccc(S(=O)(=O)O)cc1,AVP-1,missing,
469,negative:328,O=C(O)c1[nH]n(-c2ccc(S(=O)(=O)O)cc2)c(=O)c1N=Nc1ccc(S(=O)(=O)O)cc1,AVP-2,missing,
469,negative:328,O=C(O)c1[nH]n(-c2ccc(S(=O)(=O)O)cc2)c(=O)c1N=Nc1ccc(S(=O)(=O)O)cc1,AVP-3,missing,
469,negative:328,O=C(O)c1[nH]n(-c2ccc(S(=O)(=O)O)cc2)c(=O)c1N=Nc1ccc(S(=O)(=O)O)cc1,AVP-4,missing,
469,negative:328,O=C(O)c1[nH]n(-c2ccc(S(=O)(=O)O)cc2)c(=O)c1N=Nc1ccc(S(=O)(=O)O)cc1,AVP-5,missing,
469,negative:328,O=C(O)c1[nH]n(-c2ccc(S(=O)(=O)O)cc2)c(=O)c1N=Nc1ccc(S(=O)(=O)O)cc1,AVP-6,missing,
469,negative:328,O=C(O)c1[nH]n(-c2ccc(S(=O)(=O)O)cc2)c(=O)c1N=Nc1ccc(S(=O)(=O)O)cc1,AVP-7,missing,
469,negative:328,O=C(O)c1[nH]n(-c2ccc(S(=O)(=O)O)cc2)c(=O)c1N=Nc1ccc(S(=O)(=O)O)cc1,VABC,missing,
521,negative:380,N#Cc1sc2c(=O)c3ccccc3c(=O)c=2sc1C#N,BCUTw-1l,missing,
521,negative:380,N#Cc1sc2c(=O)c3ccccc3c(=O)c=2sc1C#N,BCUTw-1h,missing,
521,negative:380,N#Cc1sc2c(=O)c3ccccc3c(=O)c=2sc1C#N,BCUTc-1l,missing,
521,negative:380,N#Cc1sc2c(=O)c3ccccc3c(=O)c=2sc1C#N,BCUTc-1h,missing,
521,negative:380,N#Cc1sc2c(=O)c3ccccc3c(=O)c=2sc1C#N,BCUTp-1l,missing,
521,negative:380,N#Cc1sc2c(=O)c3ccccc3c(=O)c=2sc1C#N,BCUTp-1h,missing,
521,negative:380,N#Cc1sc2c(=O)c3ccccc3c(=O)c=2sc1C#N,SCH-3,missing,
521,negative:380,N#Cc1sc2c(=O)c3ccccc3c(=O)c=2sc1C#N,SCH-4,missing,
521,negative:380,N#Cc1sc2c(=O)c3ccccc3c(=O)c=2sc1C#N,SCH-5,missing,
521,negative:380,N#Cc1sc2c(=O)c3ccccc3c(=O)c=2sc1C#N,SCH-6,missing,
521,negative:380,N#Cc1sc2c(=O)c3ccccc3c(=O)c=2sc1C#N,SCH-7,missing,
521,negative:380,N#Cc1sc2c(=O)c3ccccc3c(=O)c=2sc1C#N,VCH-3,missing,
521,negative:380,N#Cc1sc2c(=O)c3ccccc3c(=O)c=2sc1C#N,VCH-4,missing,
521,negative:380,N#Cc1sc2c(=O)c3ccccc3c(=O)c=2sc1C#N,VCH-5,missing,
521,negative:380,N#Cc1sc2c(=O)c3ccccc3c(=O)c=2sc1C#N,VCH-6,missing,
521,negative:380,N#Cc1sc2c(=O)c3ccccc3c(=O)c=2sc1C#N,VCH-7,missing,
521,negative:380,N#Cc1sc2c(=O)c3ccccc3c(=O)c=2sc1C#N,SC-3,missing,
521,negative:380,N#Cc1sc2c(=O)c3ccccc3c(=O)c=2sc1C#N,SC-4,missing,
521,negative:380,N#Cc1sc2c(=O)c3ccccc3c(=O)c=2sc1C#N,SC-5,missing,
521,negative:380,N#Cc1sc2c(=O)c3ccccc3c(=O)c=2sc1C#N,SC-6,missing,
521,negative:380,N#Cc1sc2c(=O)c3ccccc3c(=O)c=2sc1C#N,VC-3,missing,
521,negative:380,N#Cc1sc2c(=O)c3ccccc3c(=O)c=2sc1C#N,VC-4,missing,
521,negative:380,N#Cc1sc2c(=O)c3ccccc3c(=O)c=2sc1C#N,VC-5,missing,
521,negative:380,N#Cc1sc2c(=O)c3ccccc3c(=O)c=2sc1C#N,VC-6,missing,
521,negative:380,N#Cc1sc2c(=O)c3ccccc3c(=O)c=2sc1C#N,SPC-4,missing,
521,negative:380,N#Cc1sc2c(=O)c3ccccc3c(=O)c=2sc1C#N,SPC-5,missing,
521,negative:380,N#Cc1sc2c(=O)c3ccccc3c(=O)c=2sc1C#N,SPC-6,missing,
521,negative:380,N#Cc1sc2c(=O)c3ccccc3c(=O)c=2sc1C#N,VPC-4,missing,
521,negative:380,N#Cc1sc2c(=O)c3ccccc3c(=O)c=2sc1C#N,VPC-5,missing,
521,negative:380,N#Cc1sc2c(=O)c3ccccc3c(=O)c=2sc1C#N,VPC-6,missing,
521,negative:380,N#Cc1sc2c(=O)c3ccccc3c(=O)c=2sc1C#N,SP-0,missing,
521,negative:380,N#Cc1sc2c(=O)c3ccccc3c(=O)c=2sc1C#N,SP-1,missing,
521,negative:380,N#Cc1sc2c(=O)c3ccccc3c(=O)c=2sc1C#N,SP-2,missing,
521,negative:380,N#Cc1sc2c(=O)c3ccccc3c(=O)c=2sc1C#N,SP-3,missing,
521,negative:380,N#Cc1sc2c(=O)c3ccccc3c(=O)c=2sc1C#N,SP-4,missing,
521,negative:380,N#Cc1sc2c(=O)c3ccccc3c(=O)c=2sc1C#N,SP-5,missing,
521,negative:380,N#Cc1sc2c(=O)c3ccccc3c(=O)c=2sc1C#N,SP-6,missing,
521,negative:380,N#Cc1sc2c(=O)c3ccccc3c(=O)c=2sc1C#N,SP-7,missing,
521,negative:380,N#Cc1sc2c(=O)c3ccccc3c(=O)c=2sc1C#N,ASP-0,missing,
521,negative:380,N#Cc1sc2c(=O)c3ccccc3c(=O)c=2sc1C#N,ASP-1,missing,
521,negative:380,N#Cc1sc2c(=O)c3ccccc3c(=O)c=2sc1C#N,ASP-2,missing,
521,negative:380,N#Cc1sc2c(=O)c3ccccc3c(=O)c=2sc1C#N,ASP-3,missing,
521,negative:380,N#Cc1sc2c(=O)c3ccccc3c(=O)c=2sc1C#N,ASP-4,missing,
521,negative:380,N#Cc1sc2c(=O)c3ccccc3c(=O)c=2sc1C#N,ASP-5,missing,
521,negative:380,N#Cc1sc2c(=O)c3ccccc3c(=O)c=2sc1C#N,ASP-6,missing,
521,negative:380,N#Cc1sc2c(=O)c3ccccc3c(=O)c=2sc1C#N,ASP-7,missing,
521,negative:380,N#Cc1sc2c(=O)c3ccccc3c(=O)c=2sc1C#N,VP-0,missing,
521,negative:380,N#Cc1sc2c(=O)c3ccccc3c(=O)c=2sc1C#N,VP-1,missing,
521,negative:380,N#Cc1sc2c(=O)c3ccccc3c(=O)c=2sc1C#N,VP-2,missing,
521,negative:380,N#Cc1sc2c(=O)c3ccccc3c(=O)c=2sc1C#N,VP-3,missing,
521,negative:380,N#Cc1sc2c(=O)c3ccccc3c(=O)c=2sc1C#N,VP-4,missing,
521,negative:380,N#Cc1sc2c(=O)c3ccccc3c(=O)c=2sc1C#N,VP-5,missing,
521,negative:380,N#Cc1sc2c(=O)c3ccccc3c(=O)c=2sc1C#N,VP-6,missing,
521,negative:380,N#Cc1sc2c(=O)c3ccccc3c(=O)c=2sc1C#N,VP-7,missing,
521,negative:380,N#Cc1sc2c(=O)c3ccccc3c(=O)c=2sc1C#N,AVP-0,missing,
521,negative:380,N#Cc1sc2c(=O)c3ccccc3c(=O)c=2sc1C#N,AVP-1,missing,
521,negative:380,N#Cc1sc2c(=O)c3ccccc3c(=O)c=2sc1C#N,AVP-2,missing,
521,negative:380,N#Cc1sc2c(=O)c3ccccc3c(=O)c=2sc1C#N,AVP-3,missing,
521,negative:380,N#Cc1sc2c(=O)c3ccccc3c(=O)c=2sc1C#N,AVP-4,missing,
521,negative:380,N#Cc1sc2c(=O)c3ccccc3c(=O)c=2sc1C#N,AVP-5,missing,
521,negative:380,N#Cc1sc2c(=O)c3ccccc3c(=O)c=2sc1C#N,AVP-6,missing,
521,negative:380,N#Cc1sc2c(=O)c3ccccc3c(=O)c=2sc1C#N,AVP-7,missing,
521,negative:380,N#Cc1sc2c(=O)c3ccccc3c(=O)c=2sc1C#N,VABC,missing,
536,negative:395,CC(=O)O,Kier3,missing,
560,negative:419,NC(N)=S,Kier3,missing,
561,negative:420,FC(F)(Cl)Cl,SpMax6_Bhm,missing,
561,negative:420,FC(F)(Cl)Cl,SpMax7_Bhm,missing,
561,negative:420,FC(F)(Cl)Cl,SpMax8_Bhm,missing,
561,negative:420,FC(F)(Cl)Cl,SpMin6_Bhm,missing,
561,negative:420,FC(F)(Cl)Cl,SpMin7_Bhm,missing,
561,negative:420,FC(F)(Cl)Cl,SpMin8_Bhm,missing,
561,negative:420,FC(F)(Cl)Cl,SpMax6_Bhv,missing,
561,negative:420,FC(F)(Cl)Cl,SpMax7_Bhv,missing,
561,negative:420,FC(F)(Cl)Cl,SpMax8_Bhv,missing,
561,negative:420,FC(F)(Cl)Cl,SpMin6_Bhv,missing,
561,negative:420,FC(F)(Cl)Cl,SpMin7_Bhv,missing,
561,negative:420,FC(F)(Cl)Cl,SpMin8_Bhv,missing,
561,negative:420,FC(F)(Cl)Cl,SpMax6_Bhe,missing,
561,negative:420,FC(F)(Cl)Cl,SpMax7_Bhe,missing,
561,negative:420,FC(F)(Cl)Cl,SpMax8_Bhe,missing,
561,negative:420,FC(F)(Cl)Cl,SpMin6_Bhe,missing,
561,negative:420,FC(F)(Cl)Cl,SpMin7_Bhe,missing,
561,negative:420,FC(F)(Cl)Cl,SpMin8_Bhe,missing,
561,negative:420,FC(F)(Cl)Cl,SpMax6_Bhp,missing,
561,negative:420,FC(F)(Cl)Cl,SpMax7_Bhp,missing,
561,negative:420,FC(F)(Cl)Cl,SpMax8_Bhp,missing,
561,negative:420,FC(F)(Cl)Cl,SpMin6_Bhp,missing,
561,negative:420,FC(F)(Cl)Cl,SpMin7_Bhp,missing,
561,negative:420,FC(F)(Cl)Cl,SpMin8_Bhp,missing,
561,negative:420,FC(F)(Cl)Cl,SpMax6_Bhi,missing,
561,negative:420,FC(F)(Cl)Cl,SpMax7_Bhi,missing,
561,negative:420,FC(F)(Cl)Cl,SpMax8_Bhi,missing,
561,negative:420,FC(F)(Cl)Cl,SpMin6_Bhi,missing,
561,negative:420,FC(F)(Cl)Cl,SpMin7_Bhi,missing,
561,negative:420,FC(F)(Cl)Cl,SpMin8_Bhi,missing,
561,negative:420,FC(F)(Cl)Cl,SpMax6_Bhs,missing,
561,negative:420,FC(F)(Cl)Cl,SpMax7_Bhs,missing,
561,negative:420,FC(F)(Cl)Cl,SpMax8_Bhs,missing,
561,negative:420,FC(F)(Cl)Cl,SpMin6_Bhs,missing,
561,negative:420,FC(F)(Cl)Cl,SpMin7_Bhs,missing,
561,negative:420,FC(F)(Cl)Cl,SpMin8_Bhs,missing,
561,negative:420,FC(F)(Cl)Cl,Kier3,missing,
615,negative:474,CC(C)(C)c1ccc(CSc2cnn(C(C)(C)C)c(=O)c2Cl)cc1,BCUTw-1l,missing,
615,negative:474,CC(C)(C)c1ccc(CSc2cnn(C(C)(C)C)c(=O)c2Cl)cc1,BCUTw-1h,missing,
615,negative:474,CC(C)(C)c1ccc(CSc2cnn(C(C)(C)C)c(=O)c2Cl)cc1,BCUTc-1l,missing,
615,negative:474,CC(C)(C)c1ccc(CSc2cnn(C(C)(C)C)c(=O)c2Cl)cc1,BCUTc-1h,missing,
615,negative:474,CC(C)(C)c1ccc(CSc2cnn(C(C)(C)C)c(=O)c2Cl)cc1,BCUTp-1l,missing,
615,negative:474,CC(C)(C)c1ccc(CSc2cnn(C(C)(C)C)c(=O)c2Cl)cc1,BCUTp-1h,missing,
615,negative:474,CC(C)(C)c1ccc(CSc2cnn(C(C)(C)C)c(=O)c2Cl)cc1,SCH-3,missing,
615,negative:474,CC(C)(C)c1ccc(CSc2cnn(C(C)(C)C)c(=O)c2Cl)cc1,SCH-4,missing,
615,negative:474,CC(C)(C)c1ccc(CSc2cnn(C(C)(C)C)c(=O)c2Cl)cc1,SCH-5,missing,
615,negative:474,CC(C)(C)c1ccc(CSc2cnn(C(C)(C)C)c(=O)c2Cl)cc1,SCH-6,missing,
615,negative:474,CC(C)(C)c1ccc(CSc2cnn(C(C)(C)C)c(=O)c2Cl)cc1,SCH-7,missing,
615,negative:474,CC(C)(C)c1ccc(CSc2cnn(C(C)(C)C)c(=O)c2Cl)cc1,VCH-3,missing,
615,negative:474,CC(C)(C)c1ccc(CSc2cnn(C(C)(C)C)c(=O)c2Cl)cc1,VCH-4,missing,
615,negative:474,CC(C)(C)c1ccc(CSc2cnn(C(C)(C)C)c(=O)c2Cl)cc1,VCH-5,missing,
615,negative:474,CC(C)(C)c1ccc(CSc2cnn(C(C)(C)C)c(=O)c2Cl)cc1,VCH-6,missing,
615,negative:474,CC(C)(C)c1ccc(CSc2cnn(C(C)(C)C)c(=O)c2Cl)cc1,VCH-7,missing,
615,negative:474,CC(C)(C)c1ccc(CSc2cnn(C(C)(C)C)c(=O)c2Cl)cc1,SC-3,missing,
615,negative:474,CC(C)(C)c1ccc(CSc2cnn(C(C)(C)C)c(=O)c2Cl)cc1,SC-4,missing,
615,negative:474,CC(C)(C)c1ccc(CSc2cnn(C(C)(C)C)c(=O)c2Cl)cc1,SC-5,missing,
615,negative:474,CC(C)(C)c1ccc(CSc2cnn(C(C)(C)C)c(=O)c2Cl)cc1,SC-6,missing,
615,negative:474,CC(C)(C)c1ccc(CSc2cnn(C(C)(C)C)c(=O)c2Cl)cc1,VC-3,missing,
615,negative:474,CC(C)(C)c1ccc(CSc2cnn(C(C)(C)C)c(=O)c2Cl)cc1,VC-4,missing,
615,negative:474,CC(C)(C)c1ccc(CSc2cnn(C(C)(C)C)c(=O)c2Cl)cc1,VC-5,missing,
615,negative:474,CC(C)(C)c1ccc(CSc2cnn(C(C)(C)C)c(=O)c2Cl)cc1,VC-6,missing,
615,negative:474,CC(C)(C)c1ccc(CSc2cnn(C(C)(C)C)c(=O)c2Cl)cc1,SPC-4,missing,
615,negative:474,CC(C)(C)c1ccc(CSc2cnn(C(C)(C)C)c(=O)c2Cl)cc1,SPC-5,missing,
615,negative:474,CC(C)(C)c1ccc(CSc2cnn(C(C)(C)C)c(=O)c2Cl)cc1,SPC-6,missing,
615,negative:474,CC(C)(C)c1ccc(CSc2cnn(C(C)(C)C)c(=O)c2Cl)cc1,VPC-4,missing,
615,negative:474,CC(C)(C)c1ccc(CSc2cnn(C(C)(C)C)c(=O)c2Cl)cc1,VPC-5,missing,
615,negative:474,CC(C)(C)c1ccc(CSc2cnn(C(C)(C)C)c(=O)c2Cl)cc1,VPC-6,missing,
615,negative:474,CC(C)(C)c1ccc(CSc2cnn(C(C)(C)C)c(=O)c2Cl)cc1,SP-0,missing,
615,negative:474,CC(C)(C)c1ccc(CSc2cnn(C(C)(C)C)c(=O)c2Cl)cc1,SP-1,missing,
615,negative:474,CC(C)(C)c1ccc(CSc2cnn(C(C)(C)C)c(=O)c2Cl)cc1,SP-2,missing,
615,negative:474,CC(C)(C)c1ccc(CSc2cnn(C(C)(C)C)c(=O)c2Cl)cc1,SP-3,missing,
615,negative:474,CC(C)(C)c1ccc(CSc2cnn(C(C)(C)C)c(=O)c2Cl)cc1,SP-4,missing,
615,negative:474,CC(C)(C)c1ccc(CSc2cnn(C(C)(C)C)c(=O)c2Cl)cc1,SP-5,missing,
615,negative:474,CC(C)(C)c1ccc(CSc2cnn(C(C)(C)C)c(=O)c2Cl)cc1,SP-6,missing,
615,negative:474,CC(C)(C)c1ccc(CSc2cnn(C(C)(C)C)c(=O)c2Cl)cc1,SP-7,missing,
615,negative:474,CC(C)(C)c1ccc(CSc2cnn(C(C)(C)C)c(=O)c2Cl)cc1,ASP-0,missing,
615,negative:474,CC(C)(C)c1ccc(CSc2cnn(C(C)(C)C)c(=O)c2Cl)cc1,ASP-1,missing,
615,negative:474,CC(C)(C)c1ccc(CSc2cnn(C(C)(C)C)c(=O)c2Cl)cc1,ASP-2,missing,
615,negative:474,CC(C)(C)c1ccc(CSc2cnn(C(C)(C)C)c(=O)c2Cl)cc1,ASP-3,missing,
615,negative:474,CC(C)(C)c1ccc(CSc2cnn(C(C)(C)C)c(=O)c2Cl)cc1,ASP-4,missing,
615,negative:474,CC(C)(C)c1ccc(CSc2cnn(C(C)(C)C)c(=O)c2Cl)cc1,ASP-5,missing,
615,negative:474,CC(C)(C)c1ccc(CSc2cnn(C(C)(C)C)c(=O)c2Cl)cc1,ASP-6,missing,
615,negative:474,CC(C)(C)c1ccc(CSc2cnn(C(C)(C)C)c(=O)c2Cl)cc1,ASP-7,missing,
615,negative:474,CC(C)(C)c1ccc(CSc2cnn(C(C)(C)C)c(=O)c2Cl)cc1,VP-0,missing,
615,negative:474,CC(C)(C)c1ccc(CSc2cnn(C(C)(C)C)c(=O)c2Cl)cc1,VP-1,missing,
615,negative:474,CC(C)(C)c1ccc(CSc2cnn(C(C)(C)C)c(=O)c2Cl)cc1,VP-2,missing,
615,negative:474,CC(C)(C)c1ccc(CSc2cnn(C(C)(C)C)c(=O)c2Cl)cc1,VP-3,missing,
615,negative:474,CC(C)(C)c1ccc(CSc2cnn(C(C)(C)C)c(=O)c2Cl)cc1,VP-4,missing,
615,negative:474,CC(C)(C)c1ccc(CSc2cnn(C(C)(C)C)c(=O)c2Cl)cc1,VP-5,missing,
615,negative:474,CC(C)(C)c1ccc(CSc2cnn(C(C)(C)C)c(=O)c2Cl)cc1,VP-6,missing,
615,negative:474,CC(C)(C)c1ccc(CSc2cnn(C(C)(C)C)c(=O)c2Cl)cc1,VP-7,missing,
615,negative:474,CC(C)(C)c1ccc(CSc2cnn(C(C)(C)C)c(=O)c2Cl)cc1,AVP-0,missing,
615,negative:474,CC(C)(C)c1ccc(CSc2cnn(C(C)(C)C)c(=O)c2Cl)cc1,AVP-1,missing,
615,negative:474,CC(C)(C)c1ccc(CSc2cnn(C(C)(C)C)c(=O)c2Cl)cc1,AVP-2,missing,
615,negative:474,CC(C)(C)c1ccc(CSc2cnn(C(C)(C)C)c(=O)c2Cl)cc1,AVP-3,missing,
615,negative:474,CC(C)(C)c1ccc(CSc2cnn(C(C)(C)C)c(=O)c2Cl)cc1,AVP-4,missing,
615,negative:474,CC(C)(C)c1ccc(CSc2cnn(C(C)(C)C)c(=O)c2Cl)cc1,AVP-5,missing,
615,negative:474,CC(C)(C)c1ccc(CSc2cnn(C(C)(C)C)c(=O)c2Cl)cc1,AVP-6,missing,
615,negative:474,CC(C)(C)c1ccc(CSc2cnn(C(C)(C)C)c(=O)c2Cl)cc1,AVP-7,missing,
615,negative:474,CC(C)(C)c1ccc(CSc2cnn(C(C)(C)C)c(=O)c2Cl)cc1,VABC,missing,
640,negative:499,COc1nn(CSP(=S)(OC)OC)c(=O)s1,BCUTw-1l,missing,
640,negative:499,COc1nn(CSP(=S)(OC)OC)c(=O)s1,BCUTw-1h,missing,
640,negative:499,COc1nn(CSP(=S)(OC)OC)c(=O)s1,BCUTc-1l,missing,
640,negative:499,COc1nn(CSP(=S)(OC)OC)c(=O)s1,BCUTc-1h,missing,
640,negative:499,COc1nn(CSP(=S)(OC)OC)c(=O)s1,BCUTp-1l,missing,
640,negative:499,COc1nn(CSP(=S)(OC)OC)c(=O)s1,BCUTp-1h,missing,
640,negative:499,COc1nn(CSP(=S)(OC)OC)c(=O)s1,SCH-3,missing,
640,negative:499,COc1nn(CSP(=S)(OC)OC)c(=O)s1,SCH-4,missing,
640,negative:499,COc1nn(CSP(=S)(OC)OC)c(=O)s1,SCH-5,missing,
640,negative:499,COc1nn(CSP(=S)(OC)OC)c(=O)s1,SCH-6,missing,
640,negative:499,COc1nn(CSP(=S)(OC)OC)c(=O)s1,SCH-7,missing,
640,negative:499,COc1nn(CSP(=S)(OC)OC)c(=O)s1,VCH-3,missing,
640,negative:499,COc1nn(CSP(=S)(OC)OC)c(=O)s1,VCH-4,missing,
640,negative:499,COc1nn(CSP(=S)(OC)OC)c(=O)s1,VCH-5,missing,
640,negative:499,COc1nn(CSP(=S)(OC)OC)c(=O)s1,VCH-6,missing,
640,negative:499,COc1nn(CSP(=S)(OC)OC)c(=O)s1,VCH-7,missing,
640,negative:499,COc1nn(CSP(=S)(OC)OC)c(=O)s1,SC-3,missing,
640,negative:499,COc1nn(CSP(=S)(OC)OC)c(=O)s1,SC-4,missing,
640,negative:499,COc1nn(CSP(=S)(OC)OC)c(=O)s1,SC-5,missing,
640,negative:499,COc1nn(CSP(=S)(OC)OC)c(=O)s1,SC-6,missing,
640,negative:499,COc1nn(CSP(=S)(OC)OC)c(=O)s1,VC-3,missing,
640,negative:499,COc1nn(CSP(=S)(OC)OC)c(=O)s1,VC-4,missing,
640,negative:499,COc1nn(CSP(=S)(OC)OC)c(=O)s1,VC-5,missing,
640,negative:499,COc1nn(CSP(=S)(OC)OC)c(=O)s1,VC-6,missing,
640,negative:499,COc1nn(CSP(=S)(OC)OC)c(=O)s1,SPC-4,missing,
640,negative:499,COc1nn(CSP(=S)(OC)OC)c(=O)s1,SPC-5,missing,
640,negative:499,COc1nn(CSP(=S)(OC)OC)c(=O)s1,SPC-6,missing,
640,negative:499,COc1nn(CSP(=S)(OC)OC)c(=O)s1,VPC-4,missing,
640,negative:499,COc1nn(CSP(=S)(OC)OC)c(=O)s1,VPC-5,missing,
640,negative:499,COc1nn(CSP(=S)(OC)OC)c(=O)s1,VPC-6,missing,
640,negative:499,COc1nn(CSP(=S)(OC)OC)c(=O)s1,SP-0,missing,
640,negative:499,COc1nn(CSP(=S)(OC)OC)c(=O)s1,SP-1,missing,
640,negative:499,COc1nn(CSP(=S)(OC)OC)c(=O)s1,SP-2,missing,
640,negative:499,COc1nn(CSP(=S)(OC)OC)c(=O)s1,SP-3,missing,
640,negative:499,COc1nn(CSP(=S)(OC)OC)c(=O)s1,SP-4,missing,
640,negative:499,COc1nn(CSP(=S)(OC)OC)c(=O)s1,SP-5,missing,
640,negative:499,COc1nn(CSP(=S)(OC)OC)c(=O)s1,SP-6,missing,
640,negative:499,COc1nn(CSP(=S)(OC)OC)c(=O)s1,SP-7,missing,
640,negative:499,COc1nn(CSP(=S)(OC)OC)c(=O)s1,ASP-0,missing,
640,negative:499,COc1nn(CSP(=S)(OC)OC)c(=O)s1,ASP-1,missing,
640,negative:499,COc1nn(CSP(=S)(OC)OC)c(=O)s1,ASP-2,missing,
640,negative:499,COc1nn(CSP(=S)(OC)OC)c(=O)s1,ASP-3,missing,
640,negative:499,COc1nn(CSP(=S)(OC)OC)c(=O)s1,ASP-4,missing,
640,negative:499,COc1nn(CSP(=S)(OC)OC)c(=O)s1,ASP-5,missing,
640,negative:499,COc1nn(CSP(=S)(OC)OC)c(=O)s1,ASP-6,missing,
640,negative:499,COc1nn(CSP(=S)(OC)OC)c(=O)s1,ASP-7,missing,
640,negative:499,COc1nn(CSP(=S)(OC)OC)c(=O)s1,VP-0,missing,
640,negative:499,COc1nn(CSP(=S)(OC)OC)c(=O)s1,VP-1,missing,
640,negative:499,COc1nn(CSP(=S)(OC)OC)c(=O)s1,VP-2,missing,
640,negative:499,COc1nn(CSP(=S)(OC)OC)c(=O)s1,VP-3,missing,
640,negative:499,COc1nn(CSP(=S)(OC)OC)c(=O)s1,VP-4,missing,
640,negative:499,COc1nn(CSP(=S)(OC)OC)c(=O)s1,VP-5,missing,
640,negative:499,COc1nn(CSP(=S)(OC)OC)c(=O)s1,VP-6,missing,
640,negative:499,COc1nn(CSP(=S)(OC)OC)c(=O)s1,VP-7,missing,
640,negative:499,COc1nn(CSP(=S)(OC)OC)c(=O)s1,AVP-0,missing,
640,negative:499,COc1nn(CSP(=S)(OC)OC)c(=O)s1,AVP-1,missing,
640,negative:499,COc1nn(CSP(=S)(OC)OC)c(=O)s1,AVP-2,missing,
640,negative:499,COc1nn(CSP(=S)(OC)OC)c(=O)s1,AVP-3,missing,
640,negative:499,COc1nn(CSP(=S)(OC)OC)c(=O)s1,AVP-4,missing,
640,negative:499,COc1nn(CSP(=S)(OC)OC)c(=O)s1,AVP-5,missing,
640,negative:499,COc1nn(CSP(=S)(OC)OC)c(=O)s1,AVP-6,missing,
640,negative:499,COc1nn(CSP(=S)(OC)OC)c(=O)s1,AVP-7,missing,
640,negative:499,COc1nn(CSP(=S)(OC)OC)c(=O)s1,VABC,missing,
650,negative:509,O=c1[nH]c2c(c(=O)n1C1CCCCC1)CCC2,BCUTw-1l,missing,
650,negative:509,O=c1[nH]c2c(c(=O)n1C1CCCCC1)CCC2,BCUTw-1h,missing,
650,negative:509,O=c1[nH]c2c(c(=O)n1C1CCCCC1)CCC2,BCUTc-1l,missing,
650,negative:509,O=c1[nH]c2c(c(=O)n1C1CCCCC1)CCC2,BCUTc-1h,missing,
650,negative:509,O=c1[nH]c2c(c(=O)n1C1CCCCC1)CCC2,BCUTp-1l,missing,
650,negative:509,O=c1[nH]c2c(c(=O)n1C1CCCCC1)CCC2,BCUTp-1h,missing,
650,negative:509,O=c1[nH]c2c(c(=O)n1C1CCCCC1)CCC2,SCH-3,missing,
650,negative:509,O=c1[nH]c2c(c(=O)n1C1CCCCC1)CCC2,SCH-4,missing,
650,negative:509,O=c1[nH]c2c(c(=O)n1C1CCCCC1)CCC2,SCH-5,missing,
650,negative:509,O=c1[nH]c2c(c(=O)n1C1CCCCC1)CCC2,SCH-6,missing,
650,negative:509,O=c1[nH]c2c(c(=O)n1C1CCCCC1)CCC2,SCH-7,missing,
650,negative:509,O=c1[nH]c2c(c(=O)n1C1CCCCC1)CCC2,VCH-3,missing,
650,negative:509,O=c1[nH]c2c(c(=O)n1C1CCCCC1)CCC2,VCH-4,missing,
650,negative:509,O=c1[nH]c2c(c(=O)n1C1CCCCC1)CCC2,VCH-5,missing,
650,negative:509,O=c1[nH]c2c(c(=O)n1C1CCCCC1)CCC2,VCH-6,missing,
650,negative:509,O=c1[nH]c2c(c(=O)n1C1CCCCC1)CCC2,VCH-7,missing,
650,negative:509,O=c1[nH]c2c(c(=O)n1C1CCCCC1)CCC2,SC-3,missing,
650,negative:509,O=c1[nH]c2c(c(=O)n1C1CCCCC1)CCC2,SC-4,missing,
650,negative:509,O=c1[nH]c2c(c(=O)n1C1CCCCC1)CCC2,SC-5,missing,
650,negative:509,O=c1[nH]c2c(c(=O)n1C1CCCCC1)CCC2,SC-6,missing,
650,negative:509,O=c1[nH]c2c(c(=O)n1C1CCCCC1)CCC2,VC-3,missing,
650,negative:509,O=c1[nH]c2c(c(=O)n1C1CCCCC1)CCC2,VC-4,missing,
650,negative:509,O=c1[nH]c2c(c(=O)n1C1CCCCC1)CCC2,VC-5,missing,
650,negative:509,O=c1[nH]c2c(c(=O)n1C1CCCCC1)CCC2,VC-6,missing,
650,negative:509,O=c1[nH]c2c(c(=O)n1C1CCCCC1)CCC2,SPC-4,missing,
650,negative:509,O=c1[nH]c2c(c(=O)n1C1CCCCC1)CCC2,SPC-5,missing,
650,negative:509,O=c1[nH]c2c(c(=O)n1C1CCCCC1)CCC2,SPC-6,missing,
650,negative:509,O=c1[nH]c2c(c(=O)n1C1CCCCC1)CCC2,VPC-4,missing,
650,negative:509,O=c1[nH]c2c(c(=O)n1C1CCCCC1)CCC2,VPC-5,missing,
650,negative:509,O=c1[nH]c2c(c(=O)n1C1CCCCC1)CCC2,VPC-6,missing,
650,negative:509,O=c1[nH]c2c(c(=O)n1C1CCCCC1)CCC2,SP-0,missing,
650,negative:509,O=c1[nH]c2c(c(=O)n1C1CCCCC1)CCC2,SP-1,missing,
650,negative:509,O=c1[nH]c2c(c(=O)n1C1CCCCC1)CCC2,SP-2,missing,
650,negative:509,O=c1[nH]c2c(c(=O)n1C1CCCCC1)CCC2,SP-3,missing,
650,negative:509,O=c1[nH]c2c(c(=O)n1C1CCCCC1)CCC2,SP-4,missing,
650,negative:509,O=c1[nH]c2c(c(=O)n1C1CCCCC1)CCC2,SP-5,missing,
650,negative:509,O=c1[nH]c2c(c(=O)n1C1CCCCC1)CCC2,SP-6,missing,
650,negative:509,O=c1[nH]c2c(c(=O)n1C1CCCCC1)CCC2,SP-7,missing,
650,negative:509,O=c1[nH]c2c(c(=O)n1C1CCCCC1)CCC2,ASP-0,missing,
650,negative:509,O=c1[nH]c2c(c(=O)n1C1CCCCC1)CCC2,ASP-1,missing,
650,negative:509,O=c1[nH]c2c(c(=O)n1C1CCCCC1)CCC2,ASP-2,missing,
650,negative:509,O=c1[nH]c2c(c(=O)n1C1CCCCC1)CCC2,ASP-3,missing,
650,negative:509,O=c1[nH]c2c(c(=O)n1C1CCCCC1)CCC2,ASP-4,missing,
650,negative:509,O=c1[nH]c2c(c(=O)n1C1CCCCC1)CCC2,ASP-5,missing,
650,negative:509,O=c1[nH]c2c(c(=O)n1C1CCCCC1)CCC2,ASP-6,missing,
650,negative:509,O=c1[nH]c2c(c(=O)n1C1CCCCC1)CCC2,ASP-7,missing,
650,negative:509,O=c1[nH]c2c(c(=O)n1C1CCCCC1)CCC2,VP-0,missing,
650,negative:509,O=c1[nH]c2c(c(=O)n1C1CCCCC1)CCC2,VP-1,missing,
650,negative:509,O=c1[nH]c2c(c(=O)n1C1CCCCC1)CCC2,VP-2,missing,
650,negative:509,O=c1[nH]c2c(c(=O)n1C1CCCCC1)CCC2,VP-3,missing,
650,negative:509,O=c1[nH]c2c(c(=O)n1C1CCCCC1)CCC2,VP-4,missing,
650,negative:509,O=c1[nH]c2c(c(=O)n1C1CCCCC1)CCC2,VP-5,missing,
650,negative:509,O=c1[nH]c2c(c(=O)n1C1CCCCC1)CCC2,VP-6,missing,
650,negative:509,O=c1[nH]c2c(c(=O)n1C1CCCCC1)CCC2,VP-7,missing,
650,negative:509,O=c1[nH]c2c(c(=O)n1C1CCCCC1)CCC2,AVP-0,missing,
650,negative:509,O=c1[nH]c2c(c(=O)n1C1CCCCC1)CCC2,AVP-1,missing,
650,negative:509,O=c1[nH]c2c(c(=O)n1C1CCCCC1)CCC2,AVP-2,missing,
650,negative:509,O=c1[nH]c2c(c(=O)n1C1CCCCC1)CCC2,AVP-3,missing,
650,negative:509,O=c1[nH]c2c(c(=O)n1C1CCCCC1)CCC2,AVP-4,missing,
650,negative:509,O=c1[nH]c2c(c(=O)n1C1CCCCC1)CCC2,AVP-5,missing,
650,negative:509,O=c1[nH]c2c(c(=O)n1C1CCCCC1)CCC2,AVP-6,missing,
650,negative:509,O=c1[nH]c2c(c(=O)n1C1CCCCC1)CCC2,AVP-7,missing,
650,negative:509,O=c1[nH]c2c(c(=O)n1C1CCCCC1)CCC2,VABC,missing,
657,negative:516,Cn1c(=O)on(-c2ccc(Cl)c(Cl)c2)c1=O,BCUTw-1l,missing,
657,negative:516,Cn1c(=O)on(-c2ccc(Cl)c(Cl)c2)c1=O,BCUTw-1h,missing,
657,negative:516,Cn1c(=O)on(-c2ccc(Cl)c(Cl)c2)c1=O,BCUTc-1l,missing,
657,negative:516,Cn1c(=O)on(-c2ccc(Cl)c(Cl)c2)c1=O,BCUTc-1h,missing,
657,negative:516,Cn1c(=O)on(-c2ccc(Cl)c(Cl)c2)c1=O,BCUTp-1l,missing,
657,negative:516,Cn1c(=O)on(-c2ccc(Cl)c(Cl)c2)c1=O,BCUTp-1h,missing,
657,negative:516,Cn1c(=O)on(-c2ccc(Cl)c(Cl)c2)c1=O,SCH-3,missing,
657,negative:516,Cn1c(=O)on(-c2ccc(Cl)c(Cl)c2)c1=O,SCH-4,missing,
657,negative:516,Cn1c(=O)on(-c2ccc(Cl)c(Cl)c2)c1=O,SCH-5,missing,
657,negative:516,Cn1c(=O)on(-c2ccc(Cl)c(Cl)c2)c1=O,SCH-6,missing,
657,negative:516,Cn1c(=O)on(-c2ccc(Cl)c(Cl)c2)c1=O,SCH-7,missing,
657,negative:516,Cn1c(=O)on(-c2ccc(Cl)c(Cl)c2)c1=O,VCH-3,missing,
657,negative:516,Cn1c(=O)on(-c2ccc(Cl)c(Cl)c2)c1=O,VCH-4,missing,
657,negative:516,Cn1c(=O)on(-c2ccc(Cl)c(Cl)c2)c1=O,VCH-5,missing,
657,negative:516,Cn1c(=O)on(-c2ccc(Cl)c(Cl)c2)c1=O,VCH-6,missing,
657,negative:516,Cn1c(=O)on(-c2ccc(Cl)c(Cl)c2)c1=O,VCH-7,missing,
657,negative:516,Cn1c(=O)on(-c2ccc(Cl)c(Cl)c2)c1=O,SC-3,missing,
657,negative:516,Cn1c(=O)on(-c2ccc(Cl)c(Cl)c2)c1=O,SC-4,missing,
657,negative:516,Cn1c(=O)on(-c2ccc(Cl)c(Cl)c2)c1=O,SC-5,missing,
657,negative:516,Cn1c(=O)on(-c2ccc(Cl)c(Cl)c2)c1=O,SC-6,missing,
657,negative:516,Cn1c(=O)on(-c2ccc(Cl)c(Cl)c2)c1=O,VC-3,missing,
657,negative:516,Cn1c(=O)on(-c2ccc(Cl)c(Cl)c2)c1=O,VC-4,missing,
657,negative:516,Cn1c(=O)on(-c2ccc(Cl)c(Cl)c2)c1=O,VC-5,missing,
657,negative:516,Cn1c(=O)on(-c2ccc(Cl)c(Cl)c2)c1=O,VC-6,missing,
657,negative:516,Cn1c(=O)on(-c2ccc(Cl)c(Cl)c2)c1=O,SPC-4,missing,
657,negative:516,Cn1c(=O)on(-c2ccc(Cl)c(Cl)c2)c1=O,SPC-5,missing,
657,negative:516,Cn1c(=O)on(-c2ccc(Cl)c(Cl)c2)c1=O,SPC-6,missing,
657,negative:516,Cn1c(=O)on(-c2ccc(Cl)c(Cl)c2)c1=O,VPC-4,missing,
657,negative:516,Cn1c(=O)on(-c2ccc(Cl)c(Cl)c2)c1=O,VPC-5,missing,
657,negative:516,Cn1c(=O)on(-c2ccc(Cl)c(Cl)c2)c1=O,VPC-6,missing,
657,negative:516,Cn1c(=O)on(-c2ccc(Cl)c(Cl)c2)c1=O,SP-0,missing,
657,negative:516,Cn1c(=O)on(-c2ccc(Cl)c(Cl)c2)c1=O,SP-1,missing,
657,negative:516,Cn1c(=O)on(-c2ccc(Cl)c(Cl)c2)c1=O,SP-2,missing,
657,negative:516,Cn1c(=O)on(-c2ccc(Cl)c(Cl)c2)c1=O,SP-3,missing,
657,negative:516,Cn1c(=O)on(-c2ccc(Cl)c(Cl)c2)c1=O,SP-4,missing,
657,negative:516,Cn1c(=O)on(-c2ccc(Cl)c(Cl)c2)c1=O,SP-5,missing,
657,negative:516,Cn1c(=O)on(-c2ccc(Cl)c(Cl)c2)c1=O,SP-6,missing,
657,negative:516,Cn1c(=O)on(-c2ccc(Cl)c(Cl)c2)c1=O,SP-7,missing,
657,negative:516,Cn1c(=O)on(-c2ccc(Cl)c(Cl)c2)c1=O,ASP-0,missing,
657,negative:516,Cn1c(=O)on(-c2ccc(Cl)c(Cl)c2)c1=O,ASP-1,missing,
657,negative:516,Cn1c(=O)on(-c2ccc(Cl)c(Cl)c2)c1=O,ASP-2,missing,
657,negative:516,Cn1c(=O)on(-c2ccc(Cl)c(Cl)c2)c1=O,ASP-3,missing,
657,negative:516,Cn1c(=O)on(-c2ccc(Cl)c(Cl)c2)c1=O,ASP-4,missing,
657,negative:516,Cn1c(=O)on(-c2ccc(Cl)c(Cl)c2)c1=O,ASP-5,missing,
657,negative:516,Cn1c(=O)on(-c2ccc(Cl)c(Cl)c2)c1=O,ASP-6,missing,
657,negative:516,Cn1c(=O)on(-c2ccc(Cl)c(Cl)c2)c1=O,ASP-7,missing,
657,negative:516,Cn1c(=O)on(-c2ccc(Cl)c(Cl)c2)c1=O,VP-0,missing,
657,negative:516,Cn1c(=O)on(-c2ccc(Cl)c(Cl)c2)c1=O,VP-1,missing,
657,negative:516,Cn1c(=O)on(-c2ccc(Cl)c(Cl)c2)c1=O,VP-2,missing,
657,negative:516,Cn1c(=O)on(-c2ccc(Cl)c(Cl)c2)c1=O,VP-3,missing,
657,negative:516,Cn1c(=O)on(-c2ccc(Cl)c(Cl)c2)c1=O,VP-4,missing,
657,negative:516,Cn1c(=O)on(-c2ccc(Cl)c(Cl)c2)c1=O,VP-5,missing,
657,negative:516,Cn1c(=O)on(-c2ccc(Cl)c(Cl)c2)c1=O,VP-6,missing,
657,negative:516,Cn1c(=O)on(-c2ccc(Cl)c(Cl)c2)c1=O,VP-7,missing,
657,negative:516,Cn1c(=O)on(-c2ccc(Cl)c(Cl)c2)c1=O,AVP-0,missing,
657,negative:516,Cn1c(=O)on(-c2ccc(Cl)c(Cl)c2)c1=O,AVP-1,missing,
657,negative:516,Cn1c(=O)on(-c2ccc(Cl)c(Cl)c2)c1=O,AVP-2,missing,
657,negative:516,Cn1c(=O)on(-c2ccc(Cl)c(Cl)c2)c1=O,AVP-3,missing,
657,negative:516,Cn1c(=O)on(-c2ccc(Cl)c(Cl)c2)c1=O,AVP-4,missing,
657,negative:516,Cn1c(=O)on(-c2ccc(Cl)c(Cl)c2)c1=O,AVP-5,missing,
657,negative:516,Cn1c(=O)on(-c2ccc(Cl)c(Cl)c2)c1=O,AVP-6,missing,
657,negative:516,Cn1c(=O)on(-c2ccc(Cl)c(Cl)c2)c1=O,AVP-7,missing,
657,negative:516,Cn1c(=O)on(-c2ccc(Cl)c(Cl)c2)c1=O,VABC,missing,
662,negative:521,CCOP(=S)(OCC)SCn1nnc2ccccc2c1=O,BCUTw-1l,missing,
662,negative:521,CCOP(=S)(OCC)SCn1nnc2ccccc2c1=O,BCUTw-1h,missing,
662,negative:521,CCOP(=S)(OCC)SCn1nnc2ccccc2c1=O,BCUTc-1l,missing,
662,negative:521,CCOP(=S)(OCC)SCn1nnc2ccccc2c1=O,BCUTc-1h,missing,
662,negative:521,CCOP(=S)(OCC)SCn1nnc2ccccc2c1=O,BCUTp-1l,missing,
662,negative:521,CCOP(=S)(OCC)SCn1nnc2ccccc2c1=O,BCUTp-1h,missing,
662,negative:521,CCOP(=S)(OCC)SCn1nnc2ccccc2c1=O,SCH-3,missing,
662,negative:521,CCOP(=S)(OCC)SCn1nnc2ccccc2c1=O,SCH-4,missing,
662,negative:521,CCOP(=S)(OCC)SCn1nnc2ccccc2c1=O,SCH-5,missing,
662,negative:521,CCOP(=S)(OCC)SCn1nnc2ccccc2c1=O,SCH-6,missing,
662,negative:521,CCOP(=S)(OCC)SCn1nnc2ccccc2c1=O,SCH-7,missing,
662,negative:521,CCOP(=S)(OCC)SCn1nnc2ccccc2c1=O,VCH-3,missing,
662,negative:521,CCOP(=S)(OCC)SCn1nnc2ccccc2c1=O,VCH-4,missing,
662,negative:521,CCOP(=S)(OCC)SCn1nnc2ccccc2c1=O,VCH-5,missing,
662,negative:521,CCOP(=S)(OCC)SCn1nnc2ccccc2c1=O,VCH-6,missing,
662,negative:521,CCOP(=S)(OCC)SCn1nnc2ccccc2c1=O,VCH-7,missing,
662,negative:521,CCOP(=S)(OCC)SCn1nnc2ccccc2c1=O,SC-3,missing,
662,negative:521,CCOP(=S)(OCC)SCn1nnc2ccccc2c1=O,SC-4,missing,
662,negative:521,CCOP(=S)(OCC)SCn1nnc2ccccc2c1=O,SC-5,missing,
662,negative:521,CCOP(=S)(OCC)SCn1nnc2ccccc2c1=O,SC-6,missing,
662,negative:521,CCOP(=S)(OCC)SCn1nnc2ccccc2c1=O,VC-3,missing,
662,negative:521,CCOP(=S)(OCC)SCn1nnc2ccccc2c1=O,VC-4,missing,
662,negative:521,CCOP(=S)(OCC)SCn1nnc2ccccc2c1=O,VC-5,missing,
662,negative:521,CCOP(=S)(OCC)SCn1nnc2ccccc2c1=O,VC-6,missing,
662,negative:521,CCOP(=S)(OCC)SCn1nnc2ccccc2c1=O,SPC-4,missing,
662,negative:521,CCOP(=S)(OCC)SCn1nnc2ccccc2c1=O,SPC-5,missing,
662,negative:521,CCOP(=S)(OCC)SCn1nnc2ccccc2c1=O,SPC-6,missing,
662,negative:521,CCOP(=S)(OCC)SCn1nnc2ccccc2c1=O,VPC-4,missing,
662,negative:521,CCOP(=S)(OCC)SCn1nnc2ccccc2c1=O,VPC-5,missing,
662,negative:521,CCOP(=S)(OCC)SCn1nnc2ccccc2c1=O,VPC-6,missing,
662,negative:521,CCOP(=S)(OCC)SCn1nnc2ccccc2c1=O,SP-0,missing,
662,negative:521,CCOP(=S)(OCC)SCn1nnc2ccccc2c1=O,SP-1,missing,
662,negative:521,CCOP(=S)(OCC)SCn1nnc2ccccc2c1=O,SP-2,missing,
662,negative:521,CCOP(=S)(OCC)SCn1nnc2ccccc2c1=O,SP-3,missing,
662,negative:521,CCOP(=S)(OCC)SCn1nnc2ccccc2c1=O,SP-4,missing,
662,negative:521,CCOP(=S)(OCC)SCn1nnc2ccccc2c1=O,SP-5,missing,
662,negative:521,CCOP(=S)(OCC)SCn1nnc2ccccc2c1=O,SP-6,missing,
662,negative:521,CCOP(=S)(OCC)SCn1nnc2ccccc2c1=O,SP-7,missing,
662,negative:521,CCOP(=S)(OCC)SCn1nnc2ccccc2c1=O,ASP-0,missing,
662,negative:521,CCOP(=S)(OCC)SCn1nnc2ccccc2c1=O,ASP-1,missing,
662,negative:521,CCOP(=S)(OCC)SCn1nnc2ccccc2c1=O,ASP-2,missing,
662,negative:521,CCOP(=S)(OCC)SCn1nnc2ccccc2c1=O,ASP-3,missing,
662,negative:521,CCOP(=S)(OCC)SCn1nnc2ccccc2c1=O,ASP-4,missing,
662,negative:521,CCOP(=S)(OCC)SCn1nnc2ccccc2c1=O,ASP-5,missing,
662,negative:521,CCOP(=S)(OCC)SCn1nnc2ccccc2c1=O,ASP-6,missing,
662,negative:521,CCOP(=S)(OCC)SCn1nnc2ccccc2c1=O,ASP-7,missing,
662,negative:521,CCOP(=S)(OCC)SCn1nnc2ccccc2c1=O,VP-0,missing,
662,negative:521,CCOP(=S)(OCC)SCn1nnc2ccccc2c1=O,VP-1,missing,
662,negative:521,CCOP(=S)(OCC)SCn1nnc2ccccc2c1=O,VP-2,missing,
662,negative:521,CCOP(=S)(OCC)SCn1nnc2ccccc2c1=O,VP-3,missing,
662,negative:521,CCOP(=S)(OCC)SCn1nnc2ccccc2c1=O,VP-4,missing,
662,negative:521,CCOP(=S)(OCC)SCn1nnc2ccccc2c1=O,VP-5,missing,
662,negative:521,CCOP(=S)(OCC)SCn1nnc2ccccc2c1=O,VP-6,missing,
662,negative:521,CCOP(=S)(OCC)SCn1nnc2ccccc2c1=O,VP-7,missing,
662,negative:521,CCOP(=S)(OCC)SCn1nnc2ccccc2c1=O,AVP-0,missing,
662,negative:521,CCOP(=S)(OCC)SCn1nnc2ccccc2c1=O,AVP-1,missing,
662,negative:521,CCOP(=S)(OCC)SCn1nnc2ccccc2c1=O,AVP-2,missing,
662,negative:521,CCOP(=S)(OCC)SCn1nnc2ccccc2c1=O,AVP-3,missing,
662,negative:521,CCOP(=S)(OCC)SCn1nnc2ccccc2c1=O,AVP-4,missing,
662,negative:521,CCOP(=S)(OCC)SCn1nnc2ccccc2c1=O,AVP-5,missing,
662,negative:521,CCOP(=S)(OCC)SCn1nnc2ccccc2c1=O,AVP-6,missing,
662,negative:521,CCOP(=S)(OCC)SCn1nnc2ccccc2c1=O,AVP-7,missing,
662,negative:521,CCOP(=S)(OCC)SCn1nnc2ccccc2c1=O,VABC,missing,
664,negative:523,CN(C)c1nc(=O)n(C2CCCCC2)c(=O)n1C,BCUTw-1l,missing,
664,negative:523,CN(C)c1nc(=O)n(C2CCCCC2)c(=O)n1C,BCUTw-1h,missing,
664,negative:523,CN(C)c1nc(=O)n(C2CCCCC2)c(=O)n1C,BCUTc-1l,missing,
664,negative:523,CN(C)c1nc(=O)n(C2CCCCC2)c(=O)n1C,BCUTc-1h,missing,
664,negative:523,CN(C)c1nc(=O)n(C2CCCCC2)c(=O)n1C,BCUTp-1l,missing,
664,negative:523,CN(C)c1nc(=O)n(C2CCCCC2)c(=O)n1C,BCUTp-1h,missing,
664,negative:523,CN(C)c1nc(=O)n(C2CCCCC2)c(=O)n1C,SCH-3,missing,
664,negative:523,CN(C)c1nc(=O)n(C2CCCCC2)c(=O)n1C,SCH-4,missing,
664,negative:523,CN(C)c1nc(=O)n(C2CCCCC2)c(=O)n1C,SCH-5,missing,
664,negative:523,CN(C)c1nc(=O)n(C2CCCCC2)c(=O)n1C,SCH-6,missing,
664,negative:523,CN(C)c1nc(=O)n(C2CCCCC2)c(=O)n1C,SCH-7,missing,
664,negative:523,CN(C)c1nc(=O)n(C2CCCCC2)c(=O)n1C,VCH-3,missing,
664,negative:523,CN(C)c1nc(=O)n(C2CCCCC2)c(=O)n1C,VCH-4,missing,
664,negative:523,CN(C)c1nc(=O)n(C2CCCCC2)c(=O)n1C,VCH-5,missing,
664,negative:523,CN(C)c1nc(=O)n(C2CCCCC2)c(=O)n1C,VCH-6,missing,
664,negative:523,CN(C)c1nc(=O)n(C2CCCCC2)c(=O)n1C,VCH-7,missing,
664,negative:523,CN(C)c1nc(=O)n(C2CCCCC2)c(=O)n1C,SC-3,missing,
664,negative:523,CN(C)c1nc(=O)n(C2CCCCC2)c(=O)n1C,SC-4,missing,
664,negative:523,CN(C)c1nc(=O)n(C2CCCCC2)c(=O)n1C,SC-5,missing,
664,negative:523,CN(C)c1nc(=O)n(C2CCCCC2)c(=O)n1C,SC-6,missing,
664,negative:523,CN(C)c1nc(=O)n(C2CCCCC2)c(=O)n1C,VC-3,missing,
664,negative:523,CN(C)c1nc(=O)n(C2CCCCC2)c(=O)n1C,VC-4,missing,
664,negative:523,CN(C)c1nc(=O)n(C2CCCCC2)c(=O)n1C,VC-5,missing,
664,negative:523,CN(C)c1nc(=O)n(C2CCCCC2)c(=O)n1C,VC-6,missing,
664,negative:523,CN(C)c1nc(=O)n(C2CCCCC2)c(=O)n1C,SPC-4,missing,
664,negative:523,CN(C)c1nc(=O)n(C2CCCCC2)c(=O)n1C,SPC-5,missing,
664,negative:523,CN(C)c1nc(=O)n(C2CCCCC2)c(=O)n1C,SPC-6,missing,
664,negative:523,CN(C)c1nc(=O)n(C2CCCCC2)c(=O)n1C,VPC-4,missing,
664,negative:523,CN(C)c1nc(=O)n(C2CCCCC2)c(=O)n1C,VPC-5,missing,
664,negative:523,CN(C)c1nc(=O)n(C2CCCCC2)c(=O)n1C,VPC-6,missing,
664,negative:523,CN(C)c1nc(=O)n(C2CCCCC2)c(=O)n1C,SP-0,missing,
664,negative:523,CN(C)c1nc(=O)n(C2CCCCC2)c(=O)n1C,SP-1,missing,
664,negative:523,CN(C)c1nc(=O)n(C2CCCCC2)c(=O)n1C,SP-2,missing,
664,negative:523,CN(C)c1nc(=O)n(C2CCCCC2)c(=O)n1C,SP-3,missing,
664,negative:523,CN(C)c1nc(=O)n(C2CCCCC2)c(=O)n1C,SP-4,missing,
664,negative:523,CN(C)c1nc(=O)n(C2CCCCC2)c(=O)n1C,SP-5,missing,
664,negative:523,CN(C)c1nc(=O)n(C2CCCCC2)c(=O)n1C,SP-6,missing,
664,negative:523,CN(C)c1nc(=O)n(C2CCCCC2)c(=O)n1C,SP-7,missing,
664,negative:523,CN(C)c1nc(=O)n(C2CCCCC2)c(=O)n1C,ASP-0,missing,
664,negative:523,CN(C)c1nc(=O)n(C2CCCCC2)c(=O)n1C,ASP-1,missing,
664,negative:523,CN(C)c1nc(=O)n(C2CCCCC2)c(=O)n1C,ASP-2,missing,
664,negative:523,CN(C)c1nc(=O)n(C2CCCCC2)c(=O)n1C,ASP-3,missing,
664,negative:523,CN(C)c1nc(=O)n(C2CCCCC2)c(=O)n1C,ASP-4,missing,
664,negative:523,CN(C)c1nc(=O)n(C2CCCCC2)c(=O)n1C,ASP-5,missing,
664,negative:523,CN(C)c1nc(=O)n(C2CCCCC2)c(=O)n1C,ASP-6,missing,
664,negative:523,CN(C)c1nc(=O)n(C2CCCCC2)c(=O)n1C,ASP-7,missing,
664,negative:523,CN(C)c1nc(=O)n(C2CCCCC2)c(=O)n1C,VP-0,missing,
664,negative:523,CN(C)c1nc(=O)n(C2CCCCC2)c(=O)n1C,VP-1,missing,
664,negative:523,CN(C)c1nc(=O)n(C2CCCCC2)c(=O)n1C,VP-2,missing,
664,negative:523,CN(C)c1nc(=O)n(C2CCCCC2)c(=O)n1C,VP-3,missing,
664,negative:523,CN(C)c1nc(=O)n(C2CCCCC2)c(=O)n1C,VP-4,missing,
664,negative:523,CN(C)c1nc(=O)n(C2CCCCC2)c(=O)n1C,VP-5,missing,
664,negative:523,CN(C)c1nc(=O)n(C2CCCCC2)c(=O)n1C,VP-6,missing,
664,negative:523,CN(C)c1nc(=O)n(C2CCCCC2)c(=O)n1C,VP-7,missing,
664,negative:523,CN(C)c1nc(=O)n(C2CCCCC2)c(=O)n1C,AVP-0,missing,
664,negative:523,CN(C)c1nc(=O)n(C2CCCCC2)c(=O)n1C,AVP-1,missing,
664,negative:523,CN(C)c1nc(=O)n(C2CCCCC2)c(=O)n1C,AVP-2,missing,
664,negative:523,CN(C)c1nc(=O)n(C2CCCCC2)c(=O)n1C,AVP-3,missing,
664,negative:523,CN(C)c1nc(=O)n(C2CCCCC2)c(=O)n1C,AVP-4,missing,
664,negative:523,CN(C)c1nc(=O)n(C2CCCCC2)c(=O)n1C,AVP-5,missing,
664,negative:523,CN(C)c1nc(=O)n(C2CCCCC2)c(=O)n1C,AVP-6,missing,
664,negative:523,CN(C)c1nc(=O)n(C2CCCCC2)c(=O)n1C,AVP-7,missing,
664,negative:523,CN(C)c1nc(=O)n(C2CCCCC2)c(=O)n1C,VABC,missing,
