row_index,compound_id,SMILES,descriptor,value_type,original_value
0,0,COCn1c(CC(COCc2ccccc2)COCc2ccccc2)c(C)c(=O)[nH]c1=O,BCUTw-1l,missing,
0,0,COCn1c(CC(COCc2ccccc2)COCc2ccccc2)c(C)c(=O)[nH]c1=O,BCUTw-1h,missing,
0,0,COCn1c(CC(COCc2ccccc2)COCc2ccccc2)c(C)c(=O)[nH]c1=O,BCUTc-1l,missing,
0,0,COCn1c(CC(COCc2ccccc2)COCc2ccccc2)c(C)c(=O)[nH]c1=O,BCUTc-1h,missing,
0,0,COCn1c(CC(COCc2ccccc2)COCc2ccccc2)c(C)c(=O)[nH]c1=O,BCUTp-1l,missing,
0,0,COCn1c(CC(COCc2ccccc2)COCc2ccccc2)c(C)c(=O)[nH]c1=O,BCUTp-1h,missing,
0,0,COCn1c(CC(COCc2ccccc2)COCc2ccccc2)c(C)c(=O)[nH]c1=O,SCH-3,missing,
0,0,COCn1c(CC(COCc2ccccc2)COCc2ccccc2)c(C)c(=O)[nH]c1=O,SCH-4,missing,
0,0,COCn1c(CC(COCc2ccccc2)COCc2ccccc2)c(C)c(=O)[nH]c1=O,SCH-5,missing,
0,0,COCn1c(CC(COCc2ccccc2)COCc2ccccc2)c(C)c(=O)[nH]c1=O,SCH-6,missing,
0,0,COCn1c(CC(COCc2ccccc2)COCc2ccccc2)c(C)c(=O)[nH]c1=O,SCH-7,missing,
0,0,COCn1c(CC(COCc2ccccc2)COCc2ccccc2)c(C)c(=O)[nH]c1=O,VCH-3,missing,
0,0,COCn1c(CC(COCc2ccccc2)COCc2ccccc2)c(C)c(=O)[nH]c1=O,VCH-4,missing,
0,0,COCn1c(CC(COCc2ccccc2)COCc2ccccc2)c(C)c(=O)[nH]c1=O,VCH-5,missing,
0,0,COCn1c(CC(COCc2ccccc2)COCc2ccccc2)c(C)c(=O)[nH]c1=O,VCH-6,missing,
0,0,COCn1c(CC(COCc2ccccc2)COCc2ccccc2)c(C)c(=O)[nH]c1=O,VCH-7,missing,
0,0,COCn1c(CC(COCc2ccccc2)COCc2ccccc2)c(C)c(=O)[nH]c1=O,SC-3,missing,
0,0,COCn1c(CC(COCc2ccccc2)COCc2ccccc2)c(C)c(=O)[nH]c1=O,SC-4,missing,
0,0,COCn1c(CC(COCc2ccccc2)COCc2ccccc2)c(C)c(=O)[nH]c1=O,SC-5,missing,
0,0,COCn1c(CC(COCc2ccccc2)COCc2ccccc2)c(C)c(=O)[nH]c1=O,SC-6,missing,
0,0,COCn1c(CC(COCc2ccccc2)COCc2ccccc2)c(C)c(=O)[nH]c1=O,VC-3,missing,
0,0,COCn1c(CC(COCc2ccccc2)COCc2ccccc2)c(C)c(=O)[nH]c1=O,VC-4,missing,
0,0,COCn1c(CC(COCc2ccccc2)COCc2ccccc2)c(C)c(=O)[nH]c1=O,VC-5,missing,
0,0,COCn1c(CC(COCc2ccccc2)COCc2ccccc2)c(C)c(=O)[nH]c1=O,VC-6,missing,
0,0,COCn1c(CC(COCc2ccccc2)COCc2ccccc2)c(C)c(=O)[nH]c1=O,SPC-4,missing,
0,0,COCn1c(CC(COCc2ccccc2)COCc2ccccc2)c(C)c(=O)[nH]c1=O,SPC-5,missing,
0,0,COCn1c(CC(COCc2ccccc2)COCc2ccccc2)c(C)c(=O)[nH]c1=O,SPC-6,missing,
0,0,COCn1c(CC(COCc2ccccc2)COCc2ccccc2)c(C)c(=O)[nH]c1=O,VPC-4,missing,
0,0,COCn1c(CC(COCc2ccccc2)COCc2ccccc2)c(C)c(=O)[nH]c1=O,VPC-5,missing,
0,0,COCn1c(CC(COCc2ccccc2)COCc2ccccc2)c(C)c(=O)[nH]c1=O,VPC-6,missing,
0,0,COCn1c(CC(COCc2ccccc2)COCc2ccccc2)c(C)c(=O)[nH]c1=O,SP-0,missing,
0,0,COCn1c(CC(COCc2ccccc2)COCc2ccccc2)c(C)c(=O)[nH]c1=O,SP-1,missing,
0,0,COCn1c(CC(COCc2ccccc2)COCc2ccccc2)c(C)c(=O)[nH]c1=O,SP-2,missing,
0,0,COCn1c(CC(COCc2ccccc2)COCc2ccccc2)c(C)c(=O)[nH]c1=O,SP-3,missing,
0,0,COCn1c(CC(COCc2ccccc2)COCc2ccccc2)c(C)c(=O)[nH]c1=O,SP-4,missing,
0,0,COCn1c(CC(COCc2ccccc2)COCc2ccccc2)c(C)c(=O)[nH]c1=O,SP-5,missing,
0,0,COCn1c(CC(COCc2ccccc2)COCc2ccccc2)c(C)c(=O)[nH]c1=O,SP-6,missing,
0,0,COCn1c(CC(COCc2ccccc2)COCc2ccccc2)c(C)c(=O)[nH]c1=O,SP-7,missing,
0,0,COCn1c(CC(COCc2ccccc2)COCc2ccccc2)c(C)c(=O)[nH]c1=O,ASP-0,missing,
0,0,COCn1c(CC(COCc2ccccc2)COCc2ccccc2)c(C)c(=O)[nH]c1=O,ASP-1,missing,
0,0,COCn1c(CC(COCc2ccccc2)COCc2ccccc2)c(C)c(=O)[nH]c1=O,ASP-2,missing,
0,0,COCn1c(CC(COCc2ccccc2)COCc2ccccc2)c(C)c(=O)[nH]c1=O,ASP-3,missing,
0,0,COCn1c(CC(COCc2ccccc2)COCc2ccccc2)c(C)c(=O)[nH]c1=O,ASP-4,missing,
0,0,COCn1c(CC(COCc2ccccc2)COCc2ccccc2)c(C)c(=O)[nH]c1=O,ASP-5,missing,
0,0,COCn1c(CC(COCc2ccccc2)COCc2ccccc2)c(C)c(=O)[nH]c1=O,ASP-6,missing,
0,0,COCn1c(CC(COCc2ccccc2)COCc2ccccc2)c(C)c(=O)[nH]c1=O,ASP-7,missing,
0,0,COCn1c(CC(COCc2ccccc2)COCc2ccccc2)c(C)c(=O)[nH]c1=O,VP-0,missing,
0,0,COCn1c(CC(COCc2ccccc2)COCc2ccccc2)c(C)c(=O)[nH]c1=O,VP-1,missing,
0,0,COCn1c(CC(COCc2ccccc2)COCc2ccccc2)c(C)c(=O)[nH]c1=O,VP-2,missing,
0,0,COCn1c(CC(COCc2ccccc2)COCc2ccccc2)c(C)c(=O)[nH]c1=O,VP-3,missing,
0,0,COCn1c(CC(COCc2ccccc2)COCc2ccccc2)c(C)c(=O)[nH]c1=O,VP-4,missing,
0,0,COCn1c(CC(COCc2ccccc2)COCc2ccccc2)c(C)c(=O)[nH]c1=O,VP-5,missing,
0,0,COCn1c(CC(COCc2ccccc2)COCc2ccccc2)c(C)c(=O)[nH]c1=O,VP-6,missing,
0,0,COCn1c(CC(COCc2ccccc2)COCc2ccccc2)c(C)c(=O)[nH]c1=O,VP-7,missing,
0,0,COCn1c(CC(COCc2ccccc2)COCc2ccccc2)c(C)c(=O)[nH]c1=O,AVP-0,missing,
0,0,COCn1c(CC(COCc2ccccc2)COCc2ccccc2)c(C)c(=O)[nH]c1=O,AVP-1,missing,
0,0,COCn1c(CC(COCc2ccccc2)COCc2ccccc2)c(C)c(=O)[nH]c1=O,AVP-2,missing,
0,0,COCn1c(CC(COCc2ccccc2)COCc2ccccc2)c(C)c(=O)[nH]c1=O,AVP-3,missing,
0,0,COCn1c(CC(COCc2ccccc2)COCc2ccccc2)c(C)c(=O)[nH]c1=O,AVP-4,missing,
0,0,COCn1c(CC(COCc2ccccc2)COCc2ccccc2)c(C)c(=O)[nH]c1=O,AVP-5,missing,
0,0,COCn1c(CC(COCc2ccccc2)COCc2ccccc2)c(C)c(=O)[nH]c1=O,AVP-6,missing,
0,0,COCn1c(CC(COCc2ccccc2)COCc2ccccc2)c(C)c(=O)[nH]c1=O,AVP-7,missing,
0,0,COCn1c(CC(COCc2ccccc2)COCc2ccccc2)c(C)c(=O)[nH]c1=O,VABC,missing,
1,1,COCn1c(=O)[nH]c(CC(COCc2ccccc2)COCc2ccccc2)c(C)c1=O,BCUTw-1l,missing,
1,1,COCn1c(=O)[nH]c(CC(COCc2ccccc2)COCc2ccccc2)c(C)c1=O,BCUTw-1h,missing,
1,1,COCn1c(=O)[nH]c(CC(COCc2ccccc2)COCc2ccccc2)c(C)c1=O,BCUTc-1l,missing,
1,1,COCn1c(=O)[nH]c(CC(COCc2ccccc2)COCc2ccccc2)c(C)c1=O,BCUTc-1h,missing,
1,1,COCn1c(=O)[nH]c(CC(COCc2ccccc2)COCc2ccccc2)c(C)c1=O,BCUTp-1l,missing,
1,1,COCn1c(=O)[nH]c(CC(COCc2ccccc2)COCc2ccccc2)c(C)c1=O,BCUTp-1h,missing,
1,1,COCn1c(=O)[nH]c(CC(COCc2ccccc2)COCc2ccccc2)c(C)c1=O,SCH-3,missing,
1,1,COCn1c(=O)[nH]c(CC(COCc2ccccc2)COCc2ccccc2)c(C)c1=O,SCH-4,missing,
1,1,COCn1c(=O)[nH]c(CC(COCc2ccccc2)COCc2ccccc2)c(C)c1=O,SCH-5,missing,
1,1,COCn1c(=O)[nH]c(CC(COCc2ccccc2)COCc2ccccc2)c(C)c1=O,SCH-6,missing,
1,1,COCn1c(=O)[nH]c(CC(COCc2ccccc2)COCc2ccccc2)c(C)c1=O,SCH-7,missing,
1,1,COCn1c(=O)[nH]c(CC(COCc2ccccc2)COCc2ccccc2)c(C)c1=O,VCH-3,missing,
1,1,COCn1c(=O)[nH]c(CC(COCc2ccccc2)COCc2ccccc2)c(C)c1=O,VCH-4,missing,
1,1,COCn1c(=O)[nH]c(CC(COCc2ccccc2)COCc2ccccc2)c(C)c1=O,VCH-5,missing,
1,1,COCn1c(=O)[nH]c(CC(COCc2ccccc2)COCc2ccccc2)c(C)c1=O,VCH-6,missing,
1,1,COCn1c(=O)[nH]c(CC(COCc2ccccc2)COCc2ccccc2)c(C)c1=O,VCH-7,missing,
1,1,COCn1c(=O)[nH]c(CC(COCc2ccccc2)COCc2ccccc2)c(C)c1=O,SC-3,missing,
1,1,COCn1c(=O)[nH]c(CC(COCc2ccccc2)COCc2ccccc2)c(C)c1=O,SC-4,missing,
1,1,COCn1c(=O)[nH]c(CC(COCc2ccccc2)COCc2ccccc2)c(C)c1=O,SC-5,missing,
1,1,COCn1c(=O)[nH]c(CC(COCc2ccccc2)COCc2ccccc2)c(C)c1=O,SC-6,missing,
1,1,COCn1c(=O)[nH]c(CC(COCc2ccccc2)COCc2ccccc2)c(C)c1=O,VC-3,missing,
1,1,COCn1c(=O)[nH]c(CC(COCc2ccccc2)COCc2ccccc2)c(C)c1=O,VC-4,missing,
1,1,COCn1c(=O)[nH]c(CC(COCc2ccccc2)COCc2ccccc2)c(C)c1=O,VC-5,missing,
1,1,COCn1c(=O)[nH]c(CC(COCc2ccccc2)COCc2ccccc2)c(C)c1=O,VC-6,missing,
1,1,COCn1c(=O)[nH]c(CC(COCc2ccccc2)COCc2ccccc2)c(C)c1=O,SPC-4,missing,
1,1,COCn1c(=O)[nH]c(CC(COCc2ccccc2)COCc2ccccc2)c(C)c1=O,SPC-5,missing,
1,1,COCn1c(=O)[nH]c(CC(COCc2ccccc2)COCc2ccccc2)c(C)c1=O,SPC-6,missing,
1,1,COCn1c(=O)[nH]c(CC(COCc2ccccc2)COCc2ccccc2)c(C)c1=O,VPC-4,missing,
1,1,COCn1c(=O)[nH]c(CC(COCc2ccccc2)COCc2ccccc2)c(C)c1=O,VPC-5,missing,
1,1,COCn1c(=O)[nH]c(CC(COCc2ccccc2)COCc2ccccc2)c(C)c1=O,VPC-6,missing,
1,1,COCn1c(=O)[nH]c(CC(COCc2ccccc2)COCc2ccccc2)c(C)c1=O,SP-0,missing,
1,1,COCn1c(=O)[nH]c(CC(COCc2ccccc2)COCc2ccccc2)c(C)c1=O,SP-1,missing,
1,1,COCn1c(=O)[nH]c(CC(COCc2ccccc2)COCc2ccccc2)c(C)c1=O,SP-2,missing,
1,1,COCn1c(=O)[nH]c(CC(COCc2ccccc2)COCc2ccccc2)c(C)c1=O,SP-3,missing,
1,1,COCn1c(=O)[nH]c(CC(COCc2ccccc2)COCc2ccccc2)c(C)c1=O,SP-4,missing,
1,1,COCn1c(=O)[nH]c(CC(COCc2ccccc2)COCc2ccccc2)c(C)c1=O,SP-5,missing,
1,1,COCn1c(=O)[nH]c(CC(COCc2ccccc2)COCc2ccccc2)c(C)c1=O,SP-6,missing,
1,1,COCn1c(=O)[nH]c(CC(COCc2ccccc2)COCc2ccccc2)c(C)c1=O,SP-7,missing,
1,1,COCn1c(=O)[nH]c(CC(COCc2ccccc2)COCc2ccccc2)c(C)c1=O,ASP-0,missing,
1,1,COCn1c(=O)[nH]c(CC(COCc2ccccc2)COCc2ccccc2)c(C)c1=O,ASP-1,missing,
1,1,COCn1c(=O)[nH]c(CC(COCc2ccccc2)COCc2ccccc2)c(C)c1=O,ASP-2,missing,
1,1,COCn1c(=O)[nH]c(CC(COCc2ccccc2)COCc2ccccc2)c(C)c1=O,ASP-3,missing,
1,1,COCn1c(=O)[nH]c(CC(COCc2ccccc2)COCc2ccccc2)c(C)c1=O,ASP-4,missing,
1,1,COCn1c(=O)[nH]c(CC(COCc2ccccc2)COCc2ccccc2)c(C)c1=O,ASP-5,missing,
1,1,COCn1c(=O)[nH]c(CC(COCc2ccccc2)COCc2ccccc2)c(C)c1=O,ASP-6,missing,
1,1,COCn1c(=O)[nH]c(CC(COCc2ccccc2)COCc2ccccc2)c(C)c1=O,ASP-7,missing,
1,1,COCn1c(=O)[nH]c(CC(COCc2ccccc2)COCc2ccccc2)c(C)c1=O,VP-0,missing,
1,1,COCn1c(=O)[nH]c(CC(COCc2ccccc2)COCc2ccccc2)c(C)c1=O,VP-1,missing,
1,1,COCn1c(=O)[nH]c(CC(COCc2ccccc2)COCc2ccccc2)c(C)c1=O,VP-2,missing,
1,1,COCn1c(=O)[nH]c(CC(COCc2ccccc2)COCc2ccccc2)c(C)c1=O,VP-3,missing,
1,1,COCn1c(=O)[nH]c(CC(COCc2ccccc2)COCc2ccccc2)c(C)c1=O,VP-4,missing,
1,1,COCn1c(=O)[nH]c(CC(COCc2ccccc2)COCc2ccccc2)c(C)c1=O,VP-5,missing,
1,1,COCn1c(=O)[nH]c(CC(COCc2ccccc2)COCc2ccccc2)c(C)c1=O,VP-6,missing,
1,1,COCn1c(=O)[nH]c(CC(COCc2ccccc2)COCc2ccccc2)c(C)c1=O,VP-7,missing,
1,1,COCn1c(=O)[nH]c(CC(COCc2ccccc2)COCc2ccccc2)c(C)c1=O,AVP-0,missing,
1,1,COCn1c(=O)[nH]c(CC(COCc2ccccc2)COCc2ccccc2)c(C)c1=O,AVP-1,missing,
1,1,COCn1c(=O)[nH]c(CC(COCc2ccccc2)COCc2ccccc2)c(C)c1=O,AVP-2,missing,
1,1,COCn1c(=O)[nH]c(CC(COCc2ccccc2)COCc2ccccc2)c(C)c1=O,AVP-3,missing,
1,1,COCn1c(=O)[nH]c(CC(COCc2ccccc2)COCc2ccccc2)c(C)c1=O,AVP-4,missing,
1,1,COCn1c(=O)[nH]c(CC(COCc2ccccc2)COCc2ccccc2)c(C)c1=O,AVP-5,missing,
1,1,COCn1c(=O)[nH]c(CC(COCc2ccccc2)COCc2ccccc2)c(C)c1=O,AVP-6,missing,
1,1,COCn1c(=O)[nH]c(CC(COCc2ccccc2)COCc2ccccc2)c(C)c1=O,AVP-7,missing,
1,1,COCn1c(=O)[nH]c(CC(COCc2ccccc2)COCc2ccccc2)c(C)c1=O,VABC,missing,
3,3,COCn1c(CC(COCc2ccccc2)COCc2ccccc2)c(C)c(=O)n(COC)c1=O,BCUTw-1l,missing,
3,3,COCn1c(CC(COCc2ccccc2)COCc2ccccc2)c(C)c(=O)n(COC)c1=O,BCUTw-1h,missing,
3,3,COCn1c(CC(COCc2ccccc2)COCc2ccccc2)c(C)c(=O)n(COC)c1=O,BCUTc-1l,missing,
3,3,COCn1c(CC(COCc2ccccc2)COCc2ccccc2)c(C)c(=O)n(COC)c1=O,BCUTc-1h,missing,
3,3,COCn1c(CC(COCc2ccccc2)COCc2ccccc2)c(C)c(=O)n(COC)c1=O,BCUTp-1l,missing,
3,3,COCn1c(CC(COCc2ccccc2)COCc2ccccc2)c(C)c(=O)n(COC)c1=O,BCUTp-1h,missing,
3,3,COCn1c(CC(COCc2ccccc2)COCc2ccccc2)c(C)c(=O)n(COC)c1=O,SCH-3,missing,
3,3,COCn1c(CC(COCc2ccccc2)COCc2ccccc2)c(C)c(=O)n(COC)c1=O,SCH-4,missing,
3,3,COCn1c(CC(COCc2ccccc2)COCc2ccccc2)c(C)c(=O)n(COC)c1=O,SCH-5,missing,
3,3,COCn1c(CC(COCc2ccccc2)COCc2ccccc2)c(C)c(=O)n(COC)c1=O,SCH-6,missing,
3,3,COCn1c(CC(COCc2ccccc2)COCc2ccccc2)c(C)c(=O)n(COC)c1=O,SCH-7,missing,
3,3,COCn1c(CC(COCc2ccccc2)COCc2ccccc2)c(C)c(=O)n(COC)c1=O,VCH-3,missing,
3,3,COCn1c(CC(COCc2ccccc2)COCc2ccccc2)c(C)c(=O)n(COC)c1=O,VCH-4,missing,
3,3,COCn1c(CC(COCc2ccccc2)COCc2ccccc2)c(C)c(=O)n(COC)c1=O,VCH-5,missing,
3,3,COCn1c(CC(COCc2ccccc2)COCc2ccccc2)c(C)c(=O)n(COC)c1=O,VCH-6,missing,
3,3,COCn1c(CC(COCc2ccccc2)COCc2ccccc2)c(C)c(=O)n(COC)c1=O,VCH-7,missing,
3,3,COCn1c(CC(COCc2ccccc2)COCc2ccccc2)c(C)c(=O)n(COC)c1=O,SC-3,missing,
3,3,COCn1c(CC(COCc2ccccc2)COCc2ccccc2)c(C)c(=O)n(COC)c1=O,SC-4,missing,
3,3,COCn1c(CC(COCc2ccccc2)COCc2ccccc2)c(C)c(=O)n(COC)c1=O,SC-5,missing,
3,3,COCn1c(CC(COCc2ccccc2)COCc2ccccc2)c(C)c(=O)n(COC)c1=O,SC-6,missing,
3,3,COCn1c(CC(COCc2ccccc2)COCc2ccccc2)c(C)c(=O)n(COC)c1=O,VC-3,missing,
3,3,COCn1c(CC(COCc2ccccc2)COCc2ccccc2)c(C)c(=O)n(COC)c1=O,VC-4,missing,
3,3,COCn1c(CC(COCc2ccccc2)COCc2ccccc2)c(C)c(=O)n(COC)c1=O,VC-5,missing,
3,3,COCn1c(CC(COCc2ccccc2)COCc2ccccc2)c(C)c(=O)n(COC)c1=O,VC-6,missing,
3,3,COCn1c(CC(COCc2ccccc2)COCc2ccccc2)c(C)c(=O)n(COC)c1=O,SPC-4,missing,
3,3,COCn1c(CC(COCc2ccccc2)COCc2ccccc2)c(C)c(=O)n(COC)c1=O,SPC-5,missing,
3,3,COCn1c(CC(COCc2ccccc2)COCc2ccccc2)c(C)c(=O)n(COC)c1=O,SPC-6,missing,
3,3,COCn1c(CC(COCc2ccccc2)COCc2ccccc2)c(C)c(=O)n(COC)c1=O,VPC-4,missing,
3,3,COCn1c(CC(COCc2ccccc2)COCc2ccccc2)c(C)c(=O)n(COC)c1=O,VPC-5,missing,
3,3,COCn1c(CC(COCc2ccccc2)COCc2ccccc2)c(C)c(=O)n(COC)c1=O,VPC-6,missing,
3,3,COCn1c(CC(COCc2ccccc2)COCc2ccccc2)c(C)c(=O)n(COC)c1=O,SP-0,missing,
3,3,COCn1c(CC(COCc2ccccc2)COCc2ccccc2)c(C)c(=O)n(COC)c1=O,SP-1,missing,
3,3,COCn1c(CC(COCc2ccccc2)COCc2ccccc2)c(C)c(=O)n(COC)c1=O,SP-2,missing,
3,3,COCn1c(CC(COCc2ccccc2)COCc2ccccc2)c(C)c(=O)n(COC)c1=O,SP-3,missing,
3,3,COCn1c(CC(COCc2ccccc2)COCc2ccccc2)c(C)c(=O)n(COC)c1=O,SP-4,missing,
3,3,COCn1c(CC(COCc2ccccc2)COCc2ccccc2)c(C)c(=O)n(COC)c1=O,SP-5,missing,
3,3,COCn1c(CC(COCc2ccccc2)COCc2ccccc2)c(C)c(=O)n(COC)c1=O,SP-6,missing,
3,3,COCn1c(CC(COCc2ccccc2)COCc2ccccc2)c(C)c(=O)n(COC)c1=O,SP-7,missing,
3,3,COCn1c(CC(COCc2ccccc2)COCc2ccccc2)c(C)c(=O)n(COC)c1=O,ASP-0,missing,
3,3,COCn1c(CC(COCc2ccccc2)COCc2ccccc2)c(C)c(=O)n(COC)c1=O,ASP-1,missing,
3,3,COCn1c(CC(COCc2ccccc2)COCc2ccccc2)c(C)c(=O)n(COC)c1=O,ASP-2,missing,
3,3,COCn1c(CC(COCc2ccccc2)COCc2ccccc2)c(C)c(=O)n(COC)c1=O,ASP-3,missing,
3,3,COCn1c(CC(COCc2ccccc2)COCc2ccccc2)c(C)c(=O)n(COC)c1=O,ASP-4,missing,
3,3,COCn1c(CC(COCc2ccccc2)COCc2ccccc2)c(C)c(=O)n(COC)c1=O,ASP-5,missing,
3,3,COCn1c(CC(COCc2ccccc2)COCc2ccccc2)c(C)c(=O)n(COC)c1=O,ASP-6,missing,
3,3,COCn1c(CC(COCc2ccccc2)COCc2ccccc2)c(C)c(=O)n(COC)c1=O,ASP-7,missing,
3,3,COCn1c(CC(COCc2ccccc2)COCc2ccccc2)c(C)c(=O)n(COC)c1=O,VP-0,missing,
3,3,COCn1c(CC(COCc2ccccc2)COCc2ccccc2)c(C)c(=O)n(COC)c1=O,VP-1,missing,
3,3,COCn1c(CC(COCc2ccccc2)COCc2ccccc2)c(C)c(=O)n(COC)c1=O,VP-2,missing,
3,3,COCn1c(CC(COCc2ccccc2)COCc2ccccc2)c(C)c(=O)n(COC)c1=O,VP-3,missing,
3,3,COCn1c(CC(COCc2ccccc2)COCc2ccccc2)c(C)c(=O)n(COC)c1=O,VP-4,missing,
3,3,COCn1c(CC(COCc2ccccc2)COCc2ccccc2)c(C)c(=O)n(COC)c1=O,VP-5,missing,
3,3,COCn1c(CC(COCc2ccccc2)COCc2ccccc2)c(C)c(=O)n(COC)c1=O,VP-6,missing,
3,3,COCn1c(CC(COCc2ccccc2)COCc2ccccc2)c(C)c(=O)n(COC)c1=O,VP-7,missing,
3,3,COCn1c(CC(COCc2ccccc2)COCc2ccccc2)c(C)c(=O)n(COC)c1=O,AVP-0,missing,
3,3,COCn1c(CC(COCc2ccccc2)COCc2ccccc2)c(C)c(=O)n(COC)c1=O,AVP-1,missing,
3,3,COCn1c(CC(COCc2ccccc2)COCc2ccccc2)c(C)c(=O)n(COC)c1=O,AVP-2,missing,
3,3,COCn1c(CC(COCc2ccccc2)COCc2ccccc2)c(C)c(=O)n(COC)c1=O,AVP-3,missing,
3,3,COCn1c(CC(COCc2ccccc2)COCc2ccccc2)c(C)c(=O)n(COC)c1=O,AVP-4,missing,
3,3,COCn1c(CC(COCc2ccccc2)COCc2ccccc2)c(C)c(=O)n(COC)c1=O,AVP-5,missing,
3,3,COCn1c(CC(COCc2ccccc2)COCc2ccccc2)c(C)c(=O)n(COC)c1=O,AVP-6,missing,
3,3,COCn1c(CC(COCc2ccccc2)COCc2ccccc2)c(C)c(=O)n(COC)c1=O,AVP-7,missing,
3,3,COCn1c(CC(COCc2ccccc2)COCc2ccccc2)c(C)c(=O)n(COC)c1=O,VABC,missing,
4,4,CCCCCc1ccc(C#Cc2cn(CCC(COC(C)=O)COC(C)=O)c(=O)n(C(=O)c3ccccc3)c2=O)cc1,BCUTw-1l,missing,
4,4,CCCCCc1ccc(C#Cc2cn(CCC(COC(C)=O)COC(C)=O)c(=O)n(C(=O)c3ccccc3)c2=O)cc1,BCUTw-1h,missing,
4,4,CCCCCc1ccc(C#Cc2cn(CCC(COC(C)=O)COC(C)=O)c(=O)n(C(=O)c3ccccc3)c2=O)cc1,BCUTc-1l,missing,
4,4,CCCCCc1ccc(C#Cc2cn(CCC(COC(C)=O)COC(C)=O)c(=O)n(C(=O)c3ccccc3)c2=O)cc1,BCUTc-1h,missing,
4,4,CCCCCc1ccc(C#Cc2cn(CCC(COC(C)=O)COC(C)=O)c(=O)n(C(=O)c3ccccc3)c2=O)cc1,BCUTp-1l,missing,
4,4,CCCCCc1ccc(C#Cc2cn(CCC(COC(C)=O)COC(C)=O)c(=O)n(C(=O)c3ccccc3)c2=O)cc1,BCUTp-1h,missing,
4,4,CCCCCc1ccc(C#Cc2cn(CCC(COC(C)=O)COC(C)=O)c(=O)n(C(=O)c3ccccc3)c2=O)cc1,SCH-3,missing,
4,4,CCCCCc1ccc(C#Cc2cn(CCC(COC(C)=O)COC(C)=O)c(=O)n(C(=O)c3ccccc3)c2=O)cc1,SCH-4,missing,
4,4,CCCCCc1ccc(C#Cc2cn(CCC(COC(C)=O)COC(C)=O)c(=O)n(C(=O)c3ccccc3)c2=O)cc1,SCH-5,missing,
4,4,CCCCCc1ccc(C#Cc2cn(CCC(COC(C)=O)COC(C)=O)c(=O)n(C(=O)c3ccccc3)c2=O)cc1,SCH-6,missing,
4,4,CCCCCc1ccc(C#Cc2cn(CCC(COC(C)=O)COC(C)=O)c(=O)n(C(=O)c3ccccc3)c2=O)cc1,SCH-7,missing,
4,4,CCCCCc1ccc(C#Cc2cn(CCC(COC(C)=O)COC(C)=O)c(=O)n(C(=O)c3ccccc3)c2=O)cc1,VCH-3,missing,
4,4,CCCCCc1ccc(C#Cc2cn(CCC(COC(C)=O)COC(C)=O)c(=O)n(C(=O)c3ccccc3)c2=O)cc1,VCH-4,missing,
4,4,CCCCCc1ccc(C#Cc2cn(CCC(COC(C)=O)COC(C)=O)c(=O)n(C(=O)c3ccccc3)c2=O)cc1,VCH-5,missing,
4,4,CCCCCc1ccc(C#Cc2cn(CCC(COC(C)=O)COC(C)=O)c(=O)n(C(=O)c3ccccc3)c2=O)cc1,VCH-6,missing,
4,4,CCCCCc1ccc(C#Cc2cn(CCC(COC(C)=O)COC(C)=O)c(=O)n(C(=O)c3ccccc3)c2=O)cc1,VCH-7,missing,
4,4,CCCCCc1ccc(C#Cc2cn(CCC(COC(C)=O)COC(C)=O)c(=O)n(C(=O)c3ccccc3)c2=O)cc1,SC-3,missing,
4,4,CCCCCc1ccc(C#Cc2cn(CCC(COC(C)=O)COC(C)=O)c(=O)n(C(=O)c3ccccc3)c2=O)cc1,SC-4,missing,
4,4,CCCCCc1ccc(C#Cc2cn(CCC(COC(C)=O)COC(C)=O)c(=O)n(C(=O)c3ccccc3)c2=O)cc1,SC-5,missing,
4,4,CCCCCc1ccc(C#Cc2cn(CCC(COC(C)=O)COC(C)=O)c(=O)n(C(=O)c3ccccc3)c2=O)cc1,SC-6,missing,
4,4,CCCCCc1ccc(C#Cc2cn(CCC(COC(C)=O)COC(C)=O)c(=O)n(C(=O)c3ccccc3)c2=O)cc1,VC-3,missing,
4,4,CCCCCc1ccc(C#Cc2cn(CCC(COC(C)=O)COC(C)=O)c(=O)n(C(=O)c3ccccc3)c2=O)cc1,VC-4,missing,
4,4,CCCCCc1ccc(C#Cc2cn(CCC(COC(C)=O)COC(C)=O)c(=O)n(C(=O)c3ccccc3)c2=O)cc1,VC-5,missing,
4,4,CCCCCc1ccc(C#Cc2cn(CCC(COC(C)=O)COC(C)=O)c(=O)n(C(=O)c3ccccc3)c2=O)cc1,VC-6,missing,
4,4,CCCCCc1ccc(C#Cc2cn(CCC(COC(C)=O)COC(C)=O)c(=O)n(C(=O)c3ccccc3)c2=O)cc1,SPC-4,missing,
4,4,CCCCCc1ccc(C#Cc2cn(CCC(COC(C)=O)COC(C)=O)c(=O)n(C(=O)c3ccccc3)c2=O)cc1,SPC-5,missing,
4,4,CCCCCc1ccc(C#Cc2cn(CCC(COC(C)=O)COC(C)=O)c(=O)n(C(=O)c3ccccc3)c2=O)cc1,SPC-6,missing,
4,4,CCCCCc1ccc(C#Cc2cn(CCC(COC(C)=O)COC(C)=O)c(=O)n(C(=O)c3ccccc3)c2=O)cc1,VPC-4,missing,
4,4,CCCCCc1ccc(C#Cc2cn(CCC(COC(C)=O)COC(C)=O)c(=O)n(C(=O)c3ccccc3)c2=O)cc1,VPC-5,missing,
4,4,CCCCCc1ccc(C#Cc2cn(CCC(COC(C)=O)COC(C)=O)c(=O)n(C(=O)c3ccccc3)c2=O)cc1,VPC-6,missing,
4,4,CCCCCc1ccc(C#Cc2cn(CCC(COC(C)=O)COC(C)=O)c(=O)n(C(=O)c3ccccc3)c2=O)cc1,SP-0,missing,
4,4,CCCCCc1ccc(C#Cc2cn(CCC(COC(C)=O)COC(C)=O)c(=O)n(C(=O)c3ccccc3)c2=O)cc1,SP-1,missing,
4,4,CCCCCc1ccc(C#Cc2cn(CCC(COC(C)=O)COC(C)=O)c(=O)n(C(=O)c3ccccc3)c2=O)cc1,SP-2,missing,
4,4,CCCCCc1ccc(C#Cc2cn(CCC(COC(C)=O)COC(C)=O)c(=O)n(C(=O)c3ccccc3)c2=O)cc1,SP-3,missing,
4,4,CCCCCc1ccc(C#Cc2cn(CCC(COC(C)=O)COC(C)=O)c(=O)n(C(=O)c3ccccc3)c2=O)cc1,SP-4,missing,
4,4,CCCCCc1ccc(C#Cc2cn(CCC(COC(C)=O)COC(C)=O)c(=O)n(C(=O)c3ccccc3)c2=O)cc1,SP-5,missing,
4,4,CCCCCc1ccc(C#Cc2cn(CCC(COC(C)=O)COC(C)=O)c(=O)n(C(=O)c3ccccc3)c2=O)cc1,SP-6,missing,
4,4,CCCCCc1ccc(C#Cc2cn(CCC(COC(C)=O)COC(C)=O)c(=O)n(C(=O)c3ccccc3)c2=O)cc1,SP-7,missing,
4,4,CCCCCc1ccc(C#Cc2cn(CCC(COC(C)=O)COC(C)=O)c(=O)n(C(=O)c3ccccc3)c2=O)cc1,ASP-0,missing,
4,4,CCCCCc1ccc(C#Cc2cn(CCC(COC(C)=O)COC(C)=O)c(=O)n(C(=O)c3ccccc3)c2=O)cc1,ASP-1,missing,
4,4,CCCCCc1ccc(C#Cc2cn(CCC(COC(C)=O)COC(C)=O)c(=O)n(C(=O)c3ccccc3)c2=O)cc1,ASP-2,missing,
4,4,CCCCCc1ccc(C#Cc2cn(CCC(COC(C)=O)COC(C)=O)c(=O)n(C(=O)c3ccccc3)c2=O)cc1,ASP-3,missing,
4,4,CCCCCc1ccc(C#Cc2cn(CCC(COC(C)=O)COC(C)=O)c(=O)n(C(=O)c3ccccc3)c2=O)cc1,ASP-4,missing,
4,4,CCCCCc1ccc(C#Cc2cn(CCC(COC(C)=O)COC(C)=O)c(=O)n(C(=O)c3ccccc3)c2=O)cc1,ASP-5,missing,
4,4,CCCCCc1ccc(C#Cc2cn(CCC(COC(C)=O)COC(C)=O)c(=O)n(C(=O)c3ccccc3)c2=O)cc1,ASP-6,missing,
4,4,CCCCCc1ccc(C#Cc2cn(CCC(COC(C)=O)COC(C)=O)c(=O)n(C(=O)c3ccccc3)c2=O)cc1,ASP-7,missing,
4,4,CCCCCc1ccc(C#Cc2cn(CCC(COC(C)=O)COC(C)=O)c(=O)n(C(=O)c3ccccc3)c2=O)cc1,VP-0,missing,
4,4,CCCCCc1ccc(C#Cc2cn(CCC(COC(C)=O)COC(C)=O)c(=O)n(C(=O)c3ccccc3)c2=O)cc1,VP-1,missing,
4,4,CCCCCc1ccc(C#Cc2cn(CCC(COC(C)=O)COC(C)=O)c(=O)n(C(=O)c3ccccc3)c2=O)cc1,VP-2,missing,
4,4,CCCCCc1ccc(C#Cc2cn(CCC(COC(C)=O)COC(C)=O)c(=O)n(C(=O)c3ccccc3)c2=O)cc1,VP-3,missing,
4,4,CCCCCc1ccc(C#Cc2cn(CCC(COC(C)=O)COC(C)=O)c(=O)n(C(=O)c3ccccc3)c2=O)cc1,VP-4,missing,
4,4,CCCCCc1ccc(C#Cc2cn(CCC(COC(C)=O)COC(C)=O)c(=O)n(C(=O)c3ccccc3)c2=O)cc1,VP-5,missing,
4,4,CCCCCc1ccc(C#Cc2cn(CCC(COC(C)=O)COC(C)=O)c(=O)n(C(=O)c3ccccc3)c2=O)cc1,VP-6,missing,
4,4,CCCCCc1ccc(C#Cc2cn(CCC(COC(C)=O)COC(C)=O)c(=O)n(C(=O)c3ccccc3)c2=O)cc1,VP-7,missing,
4,4,CCCCCc1ccc(C#Cc2cn(CCC(COC(C)=O)COC(C)=O)c(=O)n(C(=O)c3ccccc3)c2=O)cc1,AVP-0,missing,
4,4,CCCCCc1ccc(C#Cc2cn(CCC(COC(C)=O)COC(C)=O)c(=O)n(C(=O)c3ccccc3)c2=O)cc1,AVP-1,missing,
4,4,CCCCCc1ccc(C#Cc2cn(CCC(COC(C)=O)COC(C)=O)c(=O)n(C(=O)c3ccccc3)c2=O)cc1,AVP-2,missing,
4,4,CCCCCc1ccc(C#Cc2cn(CCC(COC(C)=O)COC(C)=O)c(=O)n(C(=O)c3ccccc3)c2=O)cc1,AVP-3,missing,
4,4,CCCCCc1ccc(C#Cc2cn(CCC(COC(C)=O)COC(C)=O)c(=O)n(C(=O)c3ccccc3)c2=O)cc1,AVP-4,missing,
4,4,CCCCCc1ccc(C#Cc2cn(CCC(COC(C)=O)COC(C)=O)c(=O)n(C(=O)c3ccccc3)c2=O)cc1,AVP-5,missing,
4,4,CCCCCc1ccc(C#Cc2cn(CCC(COC(C)=O)COC(C)=O)c(=O)n(C(=O)c3ccccc3)c2=O)cc1,AVP-6,missing,
4,4,CCCCCc1ccc(C#Cc2cn(CCC(COC(C)=O)COC(C)=O)c(=O)n(C(=O)c3ccccc3)c2=O)cc1,AVP-7,missing,
4,4,CCCCCc1ccc(C#Cc2cn(CCC(COC(C)=O)COC(C)=O)c(=O)n(C(=O)c3ccccc3)c2=O)cc1,VABC,missing,
5,5,CCCCCC#Cc1cn(CCC(CO)CO)c(=O)[nH]c1=O,BCUTw-1l,missing,
5,5,CCCCCC#Cc1cn(CCC(CO)CO)c(=O)[nH]c1=O,BCUTw-1h,missing,
5,5,CCCCCC#Cc1cn(CCC(CO)CO)c(=O)[nH]c1=O,BCUTc-1l,missing,
5,5,CCCCCC#Cc1cn(CCC(CO)CO)c(=O)[nH]c1=O,BCUTc-1h,missing,
5,5,CCCCCC#Cc1cn(CCC(CO)CO)c(=O)[nH]c1=O,BCUTp-1l,missing,
5,5,CCCCCC#Cc1cn(CCC(CO)CO)c(=O)[nH]c1=O,BCUTp-1h,missing,
5,5,CCCCCC#Cc1cn(CCC(CO)CO)c(=O)[nH]c1=O,SCH-3,missing,
5,5,CCCCCC#Cc1cn(CCC(CO)CO)c(=O)[nH]c1=O,SCH-4,missing,
5,5,CCCCCC#Cc1cn(CCC(CO)CO)c(=O)[nH]c1=O,SCH-5,missing,
5,5,CCCCCC#Cc1cn(CCC(CO)CO)c(=O)[nH]c1=O,SCH-6,missing,
5,5,CCCCCC#Cc1cn(CCC(CO)CO)c(=O)[nH]c1=O,SCH-7,missing,
5,5,CCCCCC#Cc1cn(CCC(CO)CO)c(=O)[nH]c1=O,VCH-3,missing,
5,5,CCCCCC#Cc1cn(CCC(CO)CO)c(=O)[nH]c1=O,VCH-4,missing,
5,5,CCCCCC#Cc1cn(CCC(CO)CO)c(=O)[nH]c1=O,VCH-5,missing,
5,5,CCCCCC#Cc1cn(CCC(CO)CO)c(=O)[nH]c1=O,VCH-6,missing,
5,5,CCCCCC#Cc1cn(CCC(CO)CO)c(=O)[nH]c1=O,VCH-7,missing,
5,5,CCCCCC#Cc1cn(CCC(CO)CO)c(=O)[nH]c1=O,SC-3,missing,
5,5,CCCCCC#Cc1cn(CCC(CO)CO)c(=O)[nH]c1=O,SC-4,missing,
5,5,CCCCCC#Cc1cn(CCC(CO)CO)c(=O)[nH]c1=O,SC-5,missing,
5,5,CCCCCC#Cc1cn(CCC(CO)CO)c(=O)[nH]c1=O,SC-6,missing,
5,5,CCCCCC#Cc1cn(CCC(CO)CO)c(=O)[nH]c1=O,VC-3,missing,
5,5,CCCCCC#Cc1cn(CCC(CO)CO)c(=O)[nH]c1=O,VC-4,missing,
5,5,CCCCCC#Cc1cn(CCC(CO)CO)c(=O)[nH]c1=O,VC-5,missing,
5,5,CCCCCC#Cc1cn(CCC(CO)CO)c(=O)[nH]c1=O,VC-6,missing,
5,5,CCCCCC#Cc1cn(CCC(CO)CO)c(=O)[nH]c1=O,SPC-4,missing,
5,5,CCCCCC#Cc1cn(CCC(CO)CO)c(=O)[nH]c1=O,SPC-5,missing,
5,5,CCCCCC#Cc1cn(CCC(CO)CO)c(=O)[nH]c1=O,SPC-6,missing,
5,5,CCCCCC#Cc1cn(CCC(CO)CO)c(=O)[nH]c1=O,VPC-4,missing,
5,5,CCCCCC#Cc1cn(CCC(CO)CO)c(=O)[nH]c1=O,VPC-5,missing,
5,5,CCCCCC#Cc1cn(CCC(CO)CO)c(=O)[nH]c1=O,VPC-6,missing,
5,5,CCCCCC#Cc1cn(CCC(CO)CO)c(=O)[nH]c1=O,SP-0,missing,
5,5,CCCCCC#Cc1cn(CCC(CO)CO)c(=O)[nH]c1=O,SP-1,missing,
5,5,CCCCCC#Cc1cn(CCC(CO)CO)c(=O)[nH]c1=O,SP-2,missing,
5,5,CCCCCC#Cc1cn(CCC(CO)CO)c(=O)[nH]c1=O,SP-3,missing,
5,5,CCCCCC#Cc1cn(CCC(CO)CO)c(=O)[nH]c1=O,SP-4,missing,
5,5,CCCCCC#Cc1cn(CCC(CO)CO)c(=O)[nH]c1=O,SP-5,missing,
5,5,CCCCCC#Cc1cn(CCC(CO)CO)c(=O)[nH]c1=O,SP-6,missing,
5,5,CCCCCC#Cc1cn(CCC(CO)CO)c(=O)[nH]c1=O,SP-7,missing,
5,5,CCCCCC#Cc1cn(CCC(CO)CO)c(=O)[nH]c1=O,ASP-0,missing,
5,5,CCCCCC#Cc1cn(CCC(CO)CO)c(=O)[nH]c1=O,ASP-1,missing,
5,5,CCCCCC#Cc1cn(CCC(CO)CO)c(=O)[nH]c1=O,ASP-2,missing,
5,5,CCCCCC#Cc1cn(CCC(CO)CO)c(=O)[nH]c1=O,ASP-3,missing,
5,5,CCCCCC#Cc1cn(CCC(CO)CO)c(=O)[nH]c1=O,ASP-4,missing,
5,5,CCCCCC#Cc1cn(CCC(CO)CO)c(=O)[nH]c1=O,ASP-5,missing,
5,5,CCCCCC#Cc1cn(CCC(CO)CO)c(=O)[nH]c1=O,ASP-6,missing,
5,5,CCCCCC#Cc1cn(CCC(CO)CO)c(=O)[nH]c1=O,ASP-7,missing,
5,5,CCCCCC#Cc1cn(CCC(CO)CO)c(=O)[nH]c1=O,VP-0,missing,
5,5,CCCCCC#Cc1cn(CCC(CO)CO)c(=O)[nH]c1=O,VP-1,missing,
5,5,CCCCCC#Cc1cn(CCC(CO)CO)c(=O)[nH]c1=O,VP-2,missing,
5,5,CCCCCC#Cc1cn(CCC(CO)CO)c(=O)[nH]c1=O,VP-3,missing,
5,5,CCCCCC#Cc1cn(CCC(CO)CO)c(=O)[nH]c1=O,VP-4,missing,
5,5,CCCCCC#Cc1cn(CCC(CO)CO)c(=O)[nH]c1=O,VP-5,missing,
5,5,CCCCCC#Cc1cn(CCC(CO)CO)c(=O)[nH]c1=O,VP-6,missing,
5,5,CCCCCC#Cc1cn(CCC(CO)CO)c(=O)[nH]c1=O,VP-7,missing,
5,5,CCCCCC#Cc1cn(CCC(CO)CO)c(=O)[nH]c1=O,AVP-0,missing,
5,5,CCCCCC#Cc1cn(CCC(CO)CO)c(=O)[nH]c1=O,AVP-1,missing,
5,5,CCCCCC#Cc1cn(CCC(CO)CO)c(=O)[nH]c1=O,AVP-2,missing,
5,5,CCCCCC#Cc1cn(CCC(CO)CO)c(=O)[nH]c1=O,AVP-3,missing,
5,5,CCCCCC#Cc1cn(CCC(CO)CO)c(=O)[nH]c1=O,AVP-4,missing,
5,5,CCCCCC#Cc1cn(CCC(CO)CO)c(=O)[nH]c1=O,AVP-5,missing,
5,5,CCCCCC#Cc1cn(CCC(CO)CO)c(=O)[nH]c1=O,AVP-6,missing,
5,5,CCCCCC#Cc1cn(CCC(CO)CO)c(=O)[nH]c1=O,AVP-7,missing,
5,5,CCCCCC#Cc1cn(CCC(CO)CO)c(=O)[nH]c1=O,VABC,missing,
6,6,CC(=O)OCC(CCn1cc(C#CC(C)(C)C)c(=O)n(C(=O)c2ccccc2)c1=O)COC(C)=O,BCUTw-1l,missing,
6,6,CC(=O)OCC(CCn1cc(C#CC(C)(C)C)c(=O)n(C(=O)c2ccccc2)c1=O)COC(C)=O,BCUTw-1h,missing,
6,6,CC(=O)OCC(CCn1cc(C#CC(C)(C)C)c(=O)n(C(=O)c2ccccc2)c1=O)COC(C)=O,BCUTc-1l,missing,
6,6,CC(=O)OCC(CCn1cc(C#CC(C)(C)C)c(=O)n(C(=O)c2ccccc2)c1=O)COC(C)=O,BCUTc-1h,missing,
6,6,CC(=O)OCC(CCn1cc(C#CC(C)(C)C)c(=O)n(C(=O)c2ccccc2)c1=O)COC(C)=O,BCUTp-1l,missing,
6,6,CC(=O)OCC(CCn1cc(C#CC(C)(C)C)c(=O)n(C(=O)c2ccccc2)c1=O)COC(C)=O,BCUTp-1h,missing,
6,6,CC(=O)OCC(CCn1cc(C#CC(C)(C)C)c(=O)n(C(=O)c2ccccc2)c1=O)COC(C)=O,SCH-3,missing,
6,6,CC(=O)OCC(CCn1cc(C#CC(C)(C)C)c(=O)n(C(=O)c2ccccc2)c1=O)COC(C)=O,SCH-4,missing,
6,6,CC(=O)OCC(CCn1cc(C#CC(C)(C)C)c(=O)n(C(=O)c2ccccc2)c1=O)COC(C)=O,SCH-5,missing,
6,6,CC(=O)OCC(CCn1cc(C#CC(C)(C)C)c(=O)n(C(=O)c2ccccc2)c1=O)COC(C)=O,SCH-6,missing,
6,6,CC(=O)OCC(CCn1cc(C#CC(C)(C)C)c(=O)n(C(=O)c2ccccc2)c1=O)COC(C)=O,SCH-7,missing,
6,6,CC(=O)OCC(CCn1cc(C#CC(C)(C)C)c(=O)n(C(=O)c2ccccc2)c1=O)COC(C)=O,VCH-3,missing,
6,6,CC(=O)OCC(CCn1cc(C#CC(C)(C)C)c(=O)n(C(=O)c2ccccc2)c1=O)COC(C)=O,VCH-4,missing,
6,6,CC(=O)OCC(CCn1cc(C#CC(C)(C)C)c(=O)n(C(=O)c2ccccc2)c1=O)COC(C)=O,VCH-5,missing,
6,6,CC(=O)OCC(CCn1cc(C#CC(C)(C)C)c(=O)n(C(=O)c2ccccc2)c1=O)COC(C)=O,VCH-6,missing,
6,6,CC(=O)OCC(CCn1cc(C#CC(C)(C)C)c(=O)n(C(=O)c2ccccc2)c1=O)COC(C)=O,VCH-7,missing,
6,6,CC(=O)OCC(CCn1cc(C#CC(C)(C)C)c(=O)n(C(=O)c2ccccc2)c1=O)COC(C)=O,SC-3,missing,
6,6,CC(=O)OCC(CCn1cc(C#CC(C)(C)C)c(=O)n(C(=O)c2ccccc2)c1=O)COC(C)=O,SC-4,missing,
6,6,CC(=O)OCC(CCn1cc(C#CC(C)(C)C)c(=O)n(C(=O)c2ccccc2)c1=O)COC(C)=O,SC-5,missing,
6,6,CC(=O)OCC(CCn1cc(C#CC(C)(C)C)c(=O)n(C(=O)c2ccccc2)c1=O)COC(C)=O,SC-6,missing,
6,6,CC(=O)OCC(CCn1cc(C#CC(C)(C)C)c(=O)n(C(=O)c2ccccc2)c1=O)COC(C)=O,VC-3,missing,
6,6,CC(=O)OCC(CCn1cc(C#CC(C)(C)C)c(=O)n(C(=O)c2ccccc2)c1=O)COC(C)=O,VC-4,missing,
6,6,CC(=O)OCC(CCn1cc(C#CC(C)(C)C)c(=O)n(C(=O)c2ccccc2)c1=O)COC(C)=O,VC-5,missing,
6,6,CC(=O)OCC(CCn1cc(C#CC(C)(C)C)c(=O)n(C(=O)c2ccccc2)c1=O)COC(C)=O,VC-6,missing,
6,6,CC(=O)OCC(CCn1cc(C#CC(C)(C)C)c(=O)n(C(=O)c2ccccc2)c1=O)COC(C)=O,SPC-4,missing,
6,6,CC(=O)OCC(CCn1cc(C#CC(C)(C)C)c(=O)n(C(=O)c2ccccc2)c1=O)COC(C)=O,SPC-5,missing,
6,6,CC(=O)OCC(CCn1cc(C#CC(C)(C)C)c(=O)n(C(=O)c2ccccc2)c1=O)COC(C)=O,SPC-6,missing,
6,6,CC(=O)OCC(CCn1cc(C#CC(C)(C)C)c(=O)n(C(=O)c2ccccc2)c1=O)COC(C)=O,VPC-4,missing,
6,6,CC(=O)OCC(CCn1cc(C#CC(C)(C)C)c(=O)n(C(=O)c2ccccc2)c1=O)COC(C)=O,VPC-5,missing,
6,6,CC(=O)OCC(CCn1cc(C#CC(C)(C)C)c(=O)n(C(=O)c2ccccc2)c1=O)COC(C)=O,VPC-6,missing,
6,6,CC(=O)OCC(CCn1cc(C#CC(C)(C)C)c(=O)n(C(=O)c2ccccc2)c1=O)COC(C)=O,SP-0,missing,
6,6,CC(=O)OCC(CCn1cc(C#CC(C)(C)C)c(=O)n(C(=O)c2ccccc2)c1=O)COC(C)=O,SP-1,missing,
6,6,CC(=O)OCC(CCn1cc(C#CC(C)(C)C)c(=O)n(C(=O)c2ccccc2)c1=O)COC(C)=O,SP-2,missing,
6,6,CC(=O)OCC(CCn1cc(C#CC(C)(C)C)c(=O)n(C(=O)c2ccccc2)c1=O)COC(C)=O,SP-3,missing,
6,6,CC(=O)OCC(CCn1cc(C#CC(C)(C)C)c(=O)n(C(=O)c2ccccc2)c1=O)COC(C)=O,SP-4,missing,
6,6,CC(=O)OCC(CCn1cc(C#CC(C)(C)C)c(=O)n(C(=O)c2ccccc2)c1=O)COC(C)=O,SP-5,missing,
6,6,CC(=O)OCC(CCn1cc(C#CC(C)(C)C)c(=O)n(C(=O)c2ccccc2)c1=O)COC(C)=O,SP-6,missing,
6,6,CC(=O)OCC(CCn1cc(C#CC(C)(C)C)c(=O)n(C(=O)c2ccccc2)c1=O)COC(C)=O,SP-7,missing,
6,6,CC(=O)OCC(CCn1cc(C#CC(C)(C)C)c(=O)n(C(=O)c2ccccc2)c1=O)COC(C)=O,ASP-0,missing,
6,6,CC(=O)OCC(CCn1cc(C#CC(C)(C)C)c(=O)n(C(=O)c2ccccc2)c1=O)COC(C)=O,ASP-1,missing,
6,6,CC(=O)OCC(CCn1cc(C#CC(C)(C)C)c(=O)n(C(=O)c2ccccc2)c1=O)COC(C)=O,ASP-2,missing,
6,6,CC(=O)OCC(CCn1cc(C#CC(C)(C)C)c(=O)n(C(=O)c2ccccc2)c1=O)COC(C)=O,ASP-3,missing,
6,6,CC(=O)OCC(CCn1cc(C#CC(C)(C)C)c(=O)n(C(=O)c2ccccc2)c1=O)COC(C)=O,ASP-4,missing,
6,6,CC(=O)OCC(CCn1cc(C#CC(C)(C)C)c(=O)n(C(=O)c2ccccc2)c1=O)COC(C)=O,ASP-5,missing,
6,6,CC(=O)OCC(CCn1cc(C#CC(C)(C)C)c(=O)n(C(=O)c2ccccc2)c1=O)COC(C)=O,ASP-6,missing,
6,6,CC(=O)OCC(CCn1cc(C#CC(C)(C)C)c(=O)n(C(=O)c2ccccc2)c1=O)COC(C)=O,ASP-7,missing,
6,6,CC(=O)OCC(CCn1cc(C#CC(C)(C)C)c(=O)n(C(=O)c2ccccc2)c1=O)COC(C)=O,VP-0,missing,
6,6,CC(=O)OCC(CCn1cc(C#CC(C)(C)C)c(=O)n(C(=O)c2ccccc2)c1=O)COC(C)=O,VP-1,missing,
6,6,CC(=O)OCC(CCn1cc(C#CC(C)(C)C)c(=O)n(C(=O)c2ccccc2)c1=O)COC(C)=O,VP-2,missing,
6,6,CC(=O)OCC(CCn1cc(C#CC(C)(C)C)c(=O)n(C(=O)c2ccccc2)c1=O)COC(C)=O,VP-3,missing,
6,6,CC(=O)OCC(CCn1cc(C#CC(C)(C)C)c(=O)n(C(=O)c2ccccc2)c1=O)COC(C)=O,VP-4,missing,
6,6,CC(=O)OCC(CCn1cc(C#CC(C)(C)C)c(=O)n(C(=O)c2ccccc2)c1=O)COC(C)=O,VP-5,missing,
6,6,CC(=O)OCC(CCn1cc(C#CC(C)(C)C)c(=O)n(C(=O)c2ccccc2)c1=O)COC(C)=O,VP-6,missing,
6,6,CC(=O)OCC(CCn1cc(C#CC(C)(C)C)c(=O)n(C(=O)c2ccccc2)c1=O)COC(C)=O,VP-7,missing,
6,6,CC(=O)OCC(CCn1cc(C#CC(C)(C)C)c(=O)n(C(=O)c2ccccc2)c1=O)COC(C)=O,AVP-0,missing,
6,6,CC(=O)OCC(CCn1cc(C#CC(C)(C)C)c(=O)n(C(=O)c2ccccc2)c1=O)COC(C)=O,AVP-1,missing,
6,6,CC(=O)OCC(CCn1cc(C#CC(C)(C)C)c(=O)n(C(=O)c2ccccc2)c1=O)COC(C)=O,AVP-2,missing,
6,6,CC(=O)OCC(CCn1cc(C#CC(C)(C)C)c(=O)n(C(=O)c2ccccc2)c1=O)COC(C)=O,AVP-3,missing,
6,6,CC(=O)OCC(CCn1cc(C#CC(C)(C)C)c(=O)n(C(=O)c2ccccc2)c1=O)COC(C)=O,AVP-4,missing,
6,6,CC(=O)OCC(CCn1cc(C#CC(C)(C)C)c(=O)n(C(=O)c2ccccc2)c1=O)COC(C)=O,AVP-5,missing,
6,6,CC(=O)OCC(CCn1cc(C#CC(C)(C)C)c(=O)n(C(=O)c2ccccc2)c1=O)COC(C)=O,AVP-6,missing,
6,6,CC(=O)OCC(CCn1cc(C#CC(C)(C)C)c(=O)n(C(=O)c2ccccc2)c1=O)COC(C)=O,AVP-7,missing,
6,6,CC(=O)OCC(CCn1cc(C#CC(C)(C)C)c(=O)n(C(=O)c2ccccc2)c1=O)COC(C)=O,VABC,missing,
7,7,CC(=O)OCC(CCn1cc(C#Cc2cc(F)cc(F)c2)c(=O)n(C(=O)c2ccccc2)c1=O)COC(C)=O,BCUTw-1l,missing,
7,7,CC(=O)OCC(CCn1cc(C#Cc2cc(F)cc(F)c2)c(=O)n(C(=O)c2ccccc2)c1=O)COC(C)=O,BCUTw-1h,missing,
7,7,CC(=O)OCC(CCn1cc(C#Cc2cc(F)cc(F)c2)c(=O)n(C(=O)c2ccccc2)c1=O)COC(C)=O,BCUTc-1l,missing,
7,7,CC(=O)OCC(CCn1cc(C#Cc2cc(F)cc(F)c2)c(=O)n(C(=O)c2ccccc2)c1=O)COC(C)=O,BCUTc-1h,missing,
7,7,CC(=O)OCC(CCn1cc(C#Cc2cc(F)cc(F)c2)c(=O)n(C(=O)c2ccccc2)c1=O)COC(C)=O,BCUTp-1l,missing,
7,7,CC(=O)OCC(CCn1cc(C#Cc2cc(F)cc(F)c2)c(=O)n(C(=O)c2ccccc2)c1=O)COC(C)=O,BCUTp-1h,missing,
7,7,CC(=O)OCC(CCn1cc(C#Cc2cc(F)cc(F)c2)c(=O)n(C(=O)c2ccccc2)c1=O)COC(C)=O,SCH-3,missing,
7,7,CC(=O)OCC(CCn1cc(C#Cc2cc(F)cc(F)c2)c(=O)n(C(=O)c2ccccc2)c1=O)COC(C)=O,SCH-4,missing,
7,7,CC(=O)OCC(CCn1cc(C#Cc2cc(F)cc(F)c2)c(=O)n(C(=O)c2ccccc2)c1=O)COC(C)=O,SCH-5,missing,
7,7,CC(=O)OCC(CCn1cc(C#Cc2cc(F)cc(F)c2)c(=O)n(C(=O)c2ccccc2)c1=O)COC(C)=O,SCH-6,missing,
7,7,CC(=O)OCC(CCn1cc(C#Cc2cc(F)cc(F)c2)c(=O)n(C(=O)c2ccccc2)c1=O)COC(C)=O,SCH-7,missing,
7,7,CC(=O)OCC(CCn1cc(C#Cc2cc(F)cc(F)c2)c(=O)n(C(=O)c2ccccc2)c1=O)COC(C)=O,VCH-3,missing,
7,7,CC(=O)OCC(CCn1cc(C#Cc2cc(F)cc(F)c2)c(=O)n(C(=O)c2ccccc2)c1=O)COC(C)=O,VCH-4,missing,
7,7,CC(=O)OCC(CCn1cc(C#Cc2cc(F)cc(F)c2)c(=O)n(C(=O)c2ccccc2)c1=O)COC(C)=O,VCH-5,missing,
7,7,CC(=O)OCC(CCn1cc(C#Cc2cc(F)cc(F)c2)c(=O)n(C(=O)c2ccccc2)c1=O)COC(C)=O,VCH-6,missing,
7,7,CC(=O)OCC(CCn1cc(C#Cc2cc(F)cc(F)c2)c(=O)n(C(=O)c2ccccc2)c1=O)COC(C)=O,VCH-7,missing,
7,7,CC(=O)OCC(CCn1cc(C#Cc2cc(F)cc(F)c2)c(=O)n(C(=O)c2ccccc2)c1=O)COC(C)=O,SC-3,missing,
7,7,CC(=O)OCC(CCn1cc(C#Cc2cc(F)cc(F)c2)c(=O)n(C(=O)c2ccccc2)c1=O)COC(C)=O,SC-4,missing,
7,7,CC(=O)OCC(CCn1cc(C#Cc2cc(F)cc(F)c2)c(=O)n(C(=O)c2ccccc2)c1=O)COC(C)=O,SC-5,missing,
7,7,CC(=O)OCC(CCn1cc(C#Cc2cc(F)cc(F)c2)c(=O)n(C(=O)c2ccccc2)c1=O)COC(C)=O,SC-6,missing,
7,7,CC(=O)OCC(CCn1cc(C#Cc2cc(F)cc(F)c2)c(=O)n(C(=O)c2ccccc2)c1=O)COC(C)=O,VC-3,missing,
7,7,CC(=O)OCC(CCn1cc(C#Cc2cc(F)cc(F)c2)c(=O)n(C(=O)c2ccccc2)c1=O)COC(C)=O,VC-4,missing,
7,7,CC(=O)OCC(CCn1cc(C#Cc2cc(F)cc(F)c2)c(=O)n(C(=O)c2ccccc2)c1=O)COC(C)=O,VC-5,missing,
7,7,CC(=O)OCC(CCn1cc(C#Cc2cc(F)cc(F)c2)c(=O)n(C(=O)c2ccccc2)c1=O)COC(C)=O,VC-6,missing,
7,7,CC(=O)OCC(CCn1cc(C#Cc2cc(F)cc(F)c2)c(=O)n(C(=O)c2ccccc2)c1=O)COC(C)=O,SPC-4,missing,
7,7,CC(=O)OCC(CCn1cc(C#Cc2cc(F)cc(F)c2)c(=O)n(C(=O)c2ccccc2)c1=O)COC(C)=O,SPC-5,missing,
7,7,CC(=O)OCC(CCn1cc(C#Cc2cc(F)cc(F)c2)c(=O)n(C(=O)c2ccccc2)c1=O)COC(C)=O,SPC-6,missing,
7,7,CC(=O)OCC(CCn1cc(C#Cc2cc(F)cc(F)c2)c(=O)n(C(=O)c2ccccc2)c1=O)COC(C)=O,VPC-4,missing,
7,7,CC(=O)OCC(CCn1cc(C#Cc2cc(F)cc(F)c2)c(=O)n(C(=O)c2ccccc2)c1=O)COC(C)=O,VPC-5,missing,
7,7,CC(=O)OCC(CCn1cc(C#Cc2cc(F)cc(F)c2)c(=O)n(C(=O)c2ccccc2)c1=O)COC(C)=O,VPC-6,missing,
7,7,CC(=O)OCC(CCn1cc(C#Cc2cc(F)cc(F)c2)c(=O)n(C(=O)c2ccccc2)c1=O)COC(C)=O,SP-0,missing,
7,7,CC(=O)OCC(CCn1cc(C#Cc2cc(F)cc(F)c2)c(=O)n(C(=O)c2ccccc2)c1=O)COC(C)=O,SP-1,missing,
7,7,CC(=O)OCC(CCn1cc(C#Cc2cc(F)cc(F)c2)c(=O)n(C(=O)c2ccccc2)c1=O)COC(C)=O,SP-2,missing,
7,7,CC(=O)OCC(CCn1cc(C#Cc2cc(F)cc(F)c2)c(=O)n(C(=O)c2ccccc2)c1=O)COC(C)=O,SP-3,missing,
7,7,CC(=O)OCC(CCn1cc(C#Cc2cc(F)cc(F)c2)c(=O)n(C(=O)c2ccccc2)c1=O)COC(C)=O,SP-4,missing,
7,7,CC(=O)OCC(CCn1cc(C#Cc2cc(F)cc(F)c2)c(=O)n(C(=O)c2ccccc2)c1=O)COC(C)=O,SP-5,missing,
7,7,CC(=O)OCC(CCn1cc(C#Cc2cc(F)cc(F)c2)c(=O)n(C(=O)c2ccccc2)c1=O)COC(C)=O,SP-6,missing,
7,7,CC(=O)OCC(CCn1cc(C#Cc2cc(F)cc(F)c2)c(=O)n(C(=O)c2ccccc2)c1=O)COC(C)=O,SP-7,missing,
7,7,CC(=O)OCC(CCn1cc(C#Cc2cc(F)cc(F)c2)c(=O)n(C(=O)c2ccccc2)c1=O)COC(C)=O,ASP-0,missing,
7,7,CC(=O)OCC(CCn1cc(C#Cc2cc(F)cc(F)c2)c(=O)n(C(=O)c2ccccc2)c1=O)COC(C)=O,ASP-1,missing,
7,7,CC(=O)OCC(CCn1cc(C#Cc2cc(F)cc(F)c2)c(=O)n(C(=O)c2ccccc2)c1=O)COC(C)=O,ASP-2,missing,
7,7,CC(=O)OCC(CCn1cc(C#Cc2cc(F)cc(F)c2)c(=O)n(C(=O)c2ccccc2)c1=O)COC(C)=O,ASP-3,missing,
7,7,CC(=O)OCC(CCn1cc(C#Cc2cc(F)cc(F)c2)c(=O)n(C(=O)c2ccccc2)c1=O)COC(C)=O,ASP-4,missing,
7,7,CC(=O)OCC(CCn1cc(C#Cc2cc(F)cc(F)c2)c(=O)n(C(=O)c2ccccc2)c1=O)COC(C)=O,ASP-5,missing,
7,7,CC(=O)OCC(CCn1cc(C#Cc2cc(F)cc(F)c2)c(=O)n(C(=O)c2ccccc2)c1=O)COC(C)=O,ASP-6,missing,
7,7,CC(=O)OCC(CCn1cc(C#Cc2cc(F)cc(F)c2)c(=O)n(C(=O)c2ccccc2)c1=O)COC(C)=O,ASP-7,missing,
7,7,CC(=O)OCC(CCn1cc(C#Cc2cc(F)cc(F)c2)c(=O)n(C(=O)c2ccccc2)c1=O)COC(C)=O,VP-0,missing,
7,7,CC(=O)OCC(CCn1cc(C#Cc2cc(F)cc(F)c2)c(=O)n(C(=O)c2ccccc2)c1=O)COC(C)=O,VP-1,missing,
7,7,CC(=O)OCC(CCn1cc(C#Cc2cc(F)cc(F)c2)c(=O)n(C(=O)c2ccccc2)c1=O)COC(C)=O,VP-2,missing,
7,7,CC(=O)OCC(CCn1cc(C#Cc2cc(F)cc(F)c2)c(=O)n(C(=O)c2ccccc2)c1=O)COC(C)=O,VP-3,missing,
7,7,CC(=O)OCC(CCn1cc(C#Cc2cc(F)cc(F)c2)c(=O)n(C(=O)c2ccccc2)c1=O)COC(C)=O,VP-4,missing,
7,7,CC(=O)OCC(CCn1cc(C#Cc2cc(F)cc(F)c2)c(=O)n(C(=O)c2ccccc2)c1=O)COC(C)=O,VP-5,missing,
7,7,CC(=O)OCC(CCn1cc(C#Cc2cc(F)cc(F)c2)c(=O)n(C(=O)c2ccccc2)c1=O)COC(C)=O,VP-6,missing,
7,7,CC(=O)OCC(CCn1cc(C#Cc2cc(F)cc(F)c2)c(=O)n(C(=O)c2ccccc2)c1=O)COC(C)=O,VP-7,missing,
7,7,CC(=O)OCC(CCn1cc(C#Cc2cc(F)cc(F)c2)c(=O)n(C(=O)c2ccccc2)c1=O)COC(C)=O,AVP-0,missing,
7,7,CC(=O)OCC(CCn1cc(C#Cc2cc(F)cc(F)c2)c(=O)n(C(=O)c2ccccc2)c1=O)COC(C)=O,AVP-1,missing,
7,7,CC(=O)OCC(CCn1cc(C#Cc2cc(F)cc(F)c2)c(=O)n(C(=O)c2ccccc2)c1=O)COC(C)=O,AVP-2,missing,
7,7,CC(=O)OCC(CCn1cc(C#Cc2cc(F)cc(F)c2)c(=O)n(C(=O)c2ccccc2)c1=O)COC(C)=O,AVP-3,missing,
7,7,CC(=O)OCC(CCn1cc(C#Cc2cc(F)cc(F)c2)c(=O)n(C(=O)c2ccccc2)c1=O)COC(C)=O,AVP-4,missing,
7,7,CC(=O)OCC(CCn1cc(C#Cc2cc(F)cc(F)c2)c(=O)n(C(=O)c2ccccc2)c1=O)COC(C)=O,AVP-5,missing,
7,7,CC(=O)OCC(CCn1cc(C#Cc2cc(F)cc(F)c2)c(=O)n(C(=O)c2ccccc2)c1=O)COC(C)=O,AVP-6,missing,
7,7,CC(=O)OCC(CCn1cc(C#Cc2cc(F)cc(F)c2)c(=O)n(C(=O)c2ccccc2)c1=O)COC(C)=O,AVP-7,missing,
7,7,CC(=O)OCC(CCn1cc(C#Cc2cc(F)cc(F)c2)c(=O)n(C(=O)c2ccccc2)c1=O)COC(C)=O,VABC,missing,
8,8,O=c1[nH]c(=O)n(CCC(CO)CO)cc1C#CCc1ccccc1,BCUTw-1l,missing,
8,8,O=c1[nH]c(=O)n(CCC(CO)CO)cc1C#CCc1ccccc1,BCUTw-1h,missing,
8,8,O=c1[nH]c(=O)n(CCC(CO)CO)cc1C#CCc1ccccc1,BCUTc-1l,missing,
8,8,O=c1[nH]c(=O)n(CCC(CO)CO)cc1C#CCc1ccccc1,BCUTc-1h,missing,
8,8,O=c1[nH]c(=O)n(CCC(CO)CO)cc1C#CCc1ccccc1,BCUTp-1l,missing,
8,8,O=c1[nH]c(=O)n(CCC(CO)CO)cc1C#CCc1ccccc1,BCUTp-1h,missing,
8,8,O=c1[nH]c(=O)n(CCC(CO)CO)cc1C#CCc1ccccc1,SCH-3,missing,
8,8,O=c1[nH]c(=O)n(CCC(CO)CO)cc1C#CCc1ccccc1,SCH-4,missing,
8,8,O=c1[nH]c(=O)n(CCC(CO)CO)cc1C#CCc1ccccc1,SCH-5,missing,
8,8,O=c1[nH]c(=O)n(CCC(CO)CO)cc1C#CCc1ccccc1,SCH-6,missing,
8,8,O=c1[nH]c(=O)n(CCC(CO)CO)cc1C#CCc1ccccc1,SCH-7,missing,
8,8,O=c1[nH]c(=O)n(CCC(CO)CO)cc1C#CCc1ccccc1,VCH-3,missing,
8,8,O=c1[nH]c(=O)n(CCC(CO)CO)cc1C#CCc1ccccc1,VCH-4,missing,
8,8,O=c1[nH]c(=O)n(CCC(CO)CO)cc1C#CCc1ccccc1,VCH-5,missing,
8,8,O=c1[nH]c(=O)n(CCC(CO)CO)cc1C#CCc1ccccc1,VCH-6,missing,
8,8,O=c1[nH]c(=O)n(CCC(CO)CO)cc1C#CCc1ccccc1,VCH-7,missing,
8,8,O=c1[nH]c(=O)n(CCC(CO)CO)cc1C#CCc1ccccc1,SC-3,missing,
8,8,O=c1[nH]c(=O)n(CCC(CO)CO)cc1C#CCc1ccccc1,SC-4,missing,
8,8,O=c1[nH]c(=O)n(CCC(CO)CO)cc1C#CCc1ccccc1,SC-5,missing,
8,8,O=c1[nH]c(=O)n(CCC(CO)CO)cc1C#CCc1ccccc1,SC-6,missing,
8,8,O=c1[nH]c(=O)n(CCC(CO)CO)cc1C#CCc1ccccc1,VC-3,missing,
8,8,O=c1[nH]c(=O)n(CCC(CO)CO)cc1C#CCc1ccccc1,VC-4,missing,
8,8,O=c1[nH]c(=O)n(CCC(CO)CO)cc1C#CCc1ccccc1,VC-5,missing,
8,8,O=c1[nH]c(=O)n(CCC(CO)CO)cc1C#CCc1ccccc1,VC-6,missing,
8,8,O=c1[nH]c(=O)n(CCC(CO)CO)cc1C#CCc1ccccc1,SPC-4,missing,
8,8,O=c1[nH]c(=O)n(CCC(CO)CO)cc1C#CCc1ccccc1,SPC-5,missing,
8,8,O=c1[nH]c(=O)n(CCC(CO)CO)cc1C#CCc1ccccc1,SPC-6,missing,
8,8,O=c1[nH]c(=O)n(CCC(CO)CO)cc1C#CCc1ccccc1,VPC-4,missing,
8,8,O=c1[nH]c(=O)n(CCC(CO)CO)cc1C#CCc1ccccc1,VPC-5,missing,
8,8,O=c1[nH]c(=O)n(CCC(CO)CO)cc1C#CCc1ccccc1,VPC-6,missing,
8,8,O=c1[nH]c(=O)n(CCC(CO)CO)cc1C#CCc1ccccc1,SP-0,missing,
8,8,O=c1[nH]c(=O)n(CCC(CO)CO)cc1C#CCc1ccccc1,SP-1,missing,
8,8,O=c1[nH]c(=O)n(CCC(CO)CO)cc1C#CCc1ccccc1,SP-2,missing,
8,8,O=c1[nH]c(=O)n(CCC(CO)CO)cc1C#CCc1ccccc1,SP-3,missing,
8,8,O=c1[nH]c(=O)n(CCC(CO)CO)cc1C#CCc1ccccc1,SP-4,missing,
8,8,O=c1[nH]c(=O)n(CCC(CO)CO)cc1C#CCc1ccccc1,SP-5,missing,
8,8,O=c1[nH]c(=O)n(CCC(CO)CO)cc1C#CCc1ccccc1,SP-6,missing,
8,8,O=c1[nH]c(=O)n(CCC(CO)CO)cc1C#CCc1ccccc1,SP-7,missing,
8,8,O=c1[nH]c(=O)n(CCC(CO)CO)cc1C#CCc1ccccc1,ASP-0,missing,
8,8,O=c1[nH]c(=O)n(CCC(CO)CO)cc1C#CCc1ccccc1,ASP-1,missing,
8,8,O=c1[nH]c(=O)n(CCC(CO)CO)cc1C#CCc1ccccc1,ASP-2,missing,
8,8,O=c1[nH]c(=O)n(CCC(CO)CO)cc1C#CCc1ccccc1,ASP-3,missing,
8,8,O=c1[nH]c(=O)n(CCC(CO)CO)cc1C#CCc1ccccc1,ASP-4,missing,
8,8,O=c1[nH]c(=O)n(CCC(CO)CO)cc1C#CCc1ccccc1,ASP-5,missing,
8,8,O=c1[nH]c(=O)n(CCC(CO)CO)cc1C#CCc1ccccc1,ASP-6,missing,
8,8,O=c1[nH]c(=O)n(CCC(CO)CO)cc1C#CCc1ccccc1,ASP-7,missing,
8,8,O=c1[nH]c(=O)n(CCC(CO)CO)cc1C#CCc1ccccc1,VP-0,missing,
8,8,O=c1[nH]c(=O)n(CCC(CO)CO)cc1C#CCc1ccccc1,VP-1,missing,
8,8,O=c1[nH]c(=O)n(CCC(CO)CO)cc1C#CCc1ccccc1,VP-2,missing,
8,8,O=c1[nH]c(=O)n(CCC(CO)CO)cc1C#CCc1ccccc1,VP-3,missing,
8,8,O=c1[nH]c(=O)n(CCC(CO)CO)cc1C#CCc1ccccc1,VP-4,missing,
8,8,O=c1[nH]c(=O)n(CCC(CO)CO)cc1C#CCc1ccccc1,VP-5,missing,
8,8,O=c1[nH]c(=O)n(CCC(CO)CO)cc1C#CCc1ccccc1,VP-6,missing,
8,8,O=c1[nH]c(=O)n(CCC(CO)CO)cc1C#CCc1ccccc1,VP-7,missing,
8,8,O=c1[nH]c(=O)n(CCC(CO)CO)cc1C#CCc1ccccc1,AVP-0,missing,
8,8,O=c1[nH]c(=O)n(CCC(CO)CO)cc1C#CCc1ccccc1,AVP-1,missing,
8,8,O=c1[nH]c(=O)n(CCC(CO)CO)cc1C#CCc1ccccc1,AVP-2,missing,
8,8,O=c1[nH]c(=O)n(CCC(CO)CO)cc1C#CCc1ccccc1,AVP-3,missing,
8,8,O=c1[nH]c(=O)n(CCC(CO)CO)cc1C#CCc1ccccc1,AVP-4,missing,
8,8,O=c1[nH]c(=O)n(CCC(CO)CO)cc1C#CCc1ccccc1,AVP-5,missing,
8,8,O=c1[nH]c(=O)n(CCC(CO)CO)cc1C#CCc1ccccc1,AVP-6,missing,
8,8,O=c1[nH]c(=O)n(CCC(CO)CO)cc1C#CCc1ccccc1,AVP-7,missing,
8,8,O=c1[nH]c(=O)n(CCC(CO)CO)cc1C#CCc1ccccc1,VABC,missing,
9,9,CCCCCCCCC#Cc1cn(CCC(CO)CO)c(=O)[nH]c1=O,BCUTw-1l,missing,
9,9,CCCCCCCCC#Cc1cn(CCC(CO)CO)c(=O)[nH]c1=O,BCUTw-1h,missing,
9,9,CCCCCCCCC#Cc1cn(CCC(CO)CO)c(=O)[nH]c1=O,BCUTc-1l,missing,
9,9,CCCCCCCCC#Cc1cn(CCC(CO)CO)c(=O)[nH]c1=O,BCUTc-1h,missing,
9,9,CCCCCCCCC#Cc1cn(CCC(CO)CO)c(=O)[nH]c1=O,BCUTp-1l,missing,
9,9,CCCCCCCCC#Cc1cn(CCC(CO)CO)c(=O)[nH]c1=O,BCUTp-1h,missing,
9,9,CCCCCCCCC#Cc1cn(CCC(CO)CO)c(=O)[nH]c1=O,SCH-3,missing,
9,9,CCCCCCCCC#Cc1cn(CCC(CO)CO)c(=O)[nH]c1=O,SCH-4,missing,
9,9,CCCCCCCCC#Cc1cn(CCC(CO)CO)c(=O)[nH]c1=O,SCH-5,missing,
9,9,CCCCCCCCC#Cc1cn(CCC(CO)CO)c(=O)[nH]c1=O,SCH-6,missing,
9,9,CCCCCCCCC#Cc1cn(CCC(CO)CO)c(=O)[nH]c1=O,SCH-7,missing,
9,9,CCCCCCCCC#Cc1cn(CCC(CO)CO)c(=O)[nH]c1=O,VCH-3,missing,
9,9,CCCCCCCCC#Cc1cn(CCC(CO)CO)c(=O)[nH]c1=O,VCH-4,missing,
9,9,CCCCCCCCC#Cc1cn(CCC(CO)CO)c(=O)[nH]c1=O,VCH-5,missing,
9,9,CCCCCCCCC#Cc1cn(CCC(CO)CO)c(=O)[nH]c1=O,VCH-6,missing,
9,9,CCCCCCCCC#Cc1cn(CCC(CO)CO)c(=O)[nH]c1=O,VCH-7,missing,
9,9,CCCCCCCCC#Cc1cn(CCC(CO)CO)c(=O)[nH]c1=O,SC-3,missing,
9,9,CCCCCCCCC#Cc1cn(CCC(CO)CO)c(=O)[nH]c1=O,SC-4,missing,
9,9,CCCCCCCCC#Cc1cn(CCC(CO)CO)c(=O)[nH]c1=O,SC-5,missing,
9,9,CCCCCCCCC#Cc1cn(CCC(CO)CO)c(=O)[nH]c1=O,SC-6,missing,
9,9,CCCCCCCCC#Cc1cn(CCC(CO)CO)c(=O)[nH]c1=O,VC-3,missing,
9,9,CCCCCCCCC#Cc1cn(CCC(CO)CO)c(=O)[nH]c1=O,VC-4,missing,
9,9,CCCCCCCCC#Cc1cn(CCC(CO)CO)c(=O)[nH]c1=O,VC-5,missing,
9,9,CCCCCCCCC#Cc1cn(CCC(CO)CO)c(=O)[nH]c1=O,VC-6,missing,
9,9,CCCCCCCCC#Cc1cn(CCC(CO)CO)c(=O)[nH]c1=O,SPC-4,missing,
9,9,CCCCCCCCC#Cc1cn(CCC(CO)CO)c(=O)[nH]c1=O,SPC-5,missing,
9,9,CCCCCCCCC#Cc1cn(CCC(CO)CO)c(=O)[nH]c1=O,SPC-6,missing,
9,9,CCCCCCCCC#Cc1cn(CCC(CO)CO)c(=O)[nH]c1=O,VPC-4,missing,
9,9,CCCCCCCCC#Cc1cn(CCC(CO)CO)c(=O)[nH]c1=O,VPC-5,missing,
9,9,CCCCCCCCC#Cc1cn(CCC(CO)CO)c(=O)[nH]c1=O,VPC-6,missing,
9,9,CCCCCCCCC#Cc1cn(CCC(CO)CO)c(=O)[nH]c1=O,SP-0,missing,
9,9,CCCCCCCCC#Cc1cn(CCC(CO)CO)c(=O)[nH]c1=O,SP-1,missing,
9,9,CCCCCCCCC#Cc1cn(CCC(CO)CO)c(=O)[nH]c1=O,SP-2,missing,
9,9,CCCCCCCCC#Cc1cn(CCC(CO)CO)c(=O)[nH]c1=O,SP-3,missing,
9,9,CCCCCCCCC#Cc1cn(CCC(CO)CO)c(=O)[nH]c1=O,SP-4,missing,
9,9,CCCCCCCCC#Cc1cn(CCC(CO)CO)c(=O)[nH]c1=O,SP-5,missing,
9,9,CCCCCCCCC#Cc1cn(CCC(CO)CO)c(=O)[nH]c1=O,SP-6,missing,
9,9,CCCCCCCCC#Cc1cn(CCC(CO)CO)c(=O)[nH]c1=O,SP-7,missing,
9,9,CCCCCCCCC#Cc1cn(CCC(CO)CO)c(=O)[nH]c1=O,ASP-0,missing,
9,9,CCCCCCCCC#Cc1cn(CCC(CO)CO)c(=O)[nH]c1=O,ASP-1,missing,
9,9,CCCCCCCCC#Cc1cn(CCC(CO)CO)c(=O)[nH]c1=O,ASP-2,missing,
9,9,CCCCCCCCC#Cc1cn(CCC(CO)CO)c(=O)[nH]c1=O,ASP-3,missing,
9,9,CCCCCCCCC#Cc1cn(CCC(CO)CO)c(=O)[nH]c1=O,ASP-4,missing,
9,9,CCCCCCCCC#Cc1cn(CCC(CO)CO)c(=O)[nH]c1=O,ASP-5,missing,
9,9,CCCCCCCCC#Cc1cn(CCC(CO)CO)c(=O)[nH]c1=O,ASP-6,missing,
9,9,CCCCCCCCC#Cc1cn(CCC(CO)CO)c(=O)[nH]c1=O,ASP-7,missing,
9,9,CCCCCCCCC#Cc1cn(CCC(CO)CO)c(=O)[nH]c1=O,VP-0,missing,
9,9,CCCCCCCCC#Cc1cn(CCC(CO)CO)c(=O)[nH]c1=O,VP-1,missing,
9,9,CCCCCCCCC#Cc1cn(CCC(CO)CO)c(=O)[nH]c1=O,VP-2,missing,
9,9,CCCCCCCCC#Cc1cn(CCC(CO)CO)c(=O)[nH]c1=O,VP-3,missing,
9,9,CCCCCCCCC#Cc1cn(CCC(CO)CO)c(=O)[nH]c1=O,VP-4,missing,
9,9,CCCCCCCCC#Cc1cn(CCC(CO)CO)c(=O)[nH]c1=O,VP-5,missing,
9,9,CCCCCCCCC#Cc1cn(CCC(CO)CO)c(=O)[nH]c1=O,VP-6,missing,
9,9,CCCCCCCCC#Cc1cn(CCC(CO)CO)c(=O)[nH]c1=O,VP-7,missing,
9,9,CCCCCCCCC#Cc1cn(CCC(CO)CO)c(=O)[nH]c1=O,AVP-0,missing,
9,9,CCCCCCCCC#Cc1cn(CCC(CO)CO)c(=O)[nH]c1=O,AVP-1,missing,
9,9,CCCCCCCCC#Cc1cn(CCC(CO)CO)c(=O)[nH]c1=O,AVP-2,missing,
9,9,CCCCCCCCC#Cc1cn(CCC(CO)CO)c(=O)[nH]c1=O,AVP-3,missing,
9,9,CCCCCCCCC#Cc1cn(CCC(CO)CO)c(=O)[nH]c1=O,AVP-4,missing,
9,9,CCCCCCCCC#Cc1cn(CCC(CO)CO)c(=O)[nH]c1=O,AVP-5,missing,
9,9,CCCCCCCCC#Cc1cn(CCC(CO)CO)c(=O)[nH]c1=O,AVP-6,missing,
9,9,CCCCCCCCC#Cc1cn(CCC(CO)CO)c(=O)[nH]c1=O,AVP-7,missing,
9,9,CCCCCCCCC#Cc1cn(CCC(CO)CO)c(=O)[nH]c1=O,VABC,missing,
10,10,CC(=O)OCC(CCn1cc(C#CCCCCl)c(=O)n(C(=O)c2ccccc2)c1=O)COC(C)=O,BCUTw-1l,missing,
10,10,CC(=O)OCC(CCn1cc(C#CCCCCl)c(=O)n(C(=O)c2ccccc2)c1=O)COC(C)=O,BCUTw-1h,missing,
10,10,CC(=O)OCC(CCn1cc(C#CCCCCl)c(=O)n(C(=O)c2ccccc2)c1=O)COC(C)=O,BCUTc-1l,missing,
10,10,CC(=O)OCC(CCn1cc(C#CCCCCl)c(=O)n(C(=O)c2ccccc2)c1=O)COC(C)=O,BCUTc-1h,missing,
10,10,CC(=O)OCC(CCn1cc(C#CCCCCl)c(=O)n(C(=O)c2ccccc2)c1=O)COC(C)=O,BCUTp-1l,missing,
10,10,CC(=O)OCC(CCn1cc(C#CCCCCl)c(=O)n(C(=O)c2ccccc2)c1=O)COC(C)=O,BCUTp-1h,missing,
10,10,CC(=O)OCC(CCn1cc(C#CCCCCl)c(=O)n(C(=O)c2ccccc2)c1=O)COC(C)=O,SCH-3,missing,
10,10,CC(=O)OCC(CCn1cc(C#CCCCCl)c(=O)n(C(=O)c2ccccc2)c1=O)COC(C)=O,SCH-4,missing,
10,10,CC(=O)OCC(CCn1cc(C#CCCCCl)c(=O)n(C(=O)c2ccccc2)c1=O)COC(C)=O,SCH-5,missing,
10,10,CC(=O)OCC(CCn1cc(C#CCCCCl)c(=O)n(C(=O)c2ccccc2)c1=O)COC(C)=O,SCH-6,missing,
10,10,CC(=O)OCC(CCn1cc(C#CCCCCl)c(=O)n(C(=O)c2ccccc2)c1=O)COC(C)=O,SCH-7,missing,
10,10,CC(=O)OCC(CCn1cc(C#CCCCCl)c(=O)n(C(=O)c2ccccc2)c1=O)COC(C)=O,VCH-3,missing,
10,10,CC(=O)OCC(CCn1cc(C#CCCCCl)c(=O)n(C(=O)c2ccccc2)c1=O)COC(C)=O,VCH-4,missing,
10,10,CC(=O)OCC(CCn1cc(C#CCCCCl)c(=O)n(C(=O)c2ccccc2)c1=O)COC(C)=O,VCH-5,missing,
10,10,CC(=O)OCC(CCn1cc(C#CCCCCl)c(=O)n(C(=O)c2ccccc2)c1=O)COC(C)=O,VCH-6,missing,
10,10,CC(=O)OCC(CCn1cc(C#CCCCCl)c(=O)n(C(=O)c2ccccc2)c1=O)COC(C)=O,VCH-7,missing,
10,10,CC(=O)OCC(CCn1cc(C#CCCCCl)c(=O)n(C(=O)c2ccccc2)c1=O)COC(C)=O,SC-3,missing,
10,10,CC(=O)OCC(CCn1cc(C#CCCCCl)c(=O)n(C(=O)c2ccccc2)c1=O)COC(C)=O,SC-4,missing,
10,10,CC(=O)OCC(CCn1cc(C#CCCCCl)c(=O)n(C(=O)c2ccccc2)c1=O)COC(C)=O,SC-5,missing,
10,10,CC(=O)OCC(CCn1cc(C#CCCCCl)c(=O)n(C(=O)c2ccccc2)c1=O)COC(C)=O,SC-6,missing,
10,10,CC(=O)OCC(CCn1cc(C#CCCCCl)c(=O)n(C(=O)c2ccccc2)c1=O)COC(C)=O,VC-3,missing,
10,10,CC(=O)OCC(CCn1cc(C#CCCCCl)c(=O)n(C(=O)c2ccccc2)c1=O)COC(C)=O,VC-4,missing,
10,10,CC(=O)OCC(CCn1cc(C#CCCCCl)c(=O)n(C(=O)c2ccccc2)c1=O)COC(C)=O,VC-5,missing,
10,10,CC(=O)OCC(CCn1cc(C#CCCCCl)c(=O)n(C(=O)c2ccccc2)c1=O)COC(C)=O,VC-6,missing,
10,10,CC(=O)OCC(CCn1cc(C#CCCCCl)c(=O)n(C(=O)c2ccccc2)c1=O)COC(C)=O,SPC-4,missing,
10,10,CC(=O)OCC(CCn1cc(C#CCCCCl)c(=O)n(C(=O)c2ccccc2)c1=O)COC(C)=O,SPC-5,missing,
10,10,CC(=O)OCC(CCn1cc(C#CCCCCl)c(=O)n(C(=O)c2ccccc2)c1=O)COC(C)=O,SPC-6,missing,
10,10,CC(=O)OCC(CCn1cc(C#CCCCCl)c(=O)n(C(=O)c2ccccc2)c1=O)COC(C)=O,VPC-4,missing,
10,10,CC(=O)OCC(CCn1cc(C#CCCCCl)c(=O)n(C(=O)c2ccccc2)c1=O)COC(C)=O,VPC-5,missing,
10,10,CC(=O)OCC(CCn1cc(C#CCCCCl)c(=O)n(C(=O)c2ccccc2)c1=O)COC(C)=O,VPC-6,missing,
10,10,CC(=O)OCC(CCn1cc(C#CCCCCl)c(=O)n(C(=O)c2ccccc2)c1=O)COC(C)=O,SP-0,missing,
10,10,CC(=O)OCC(CCn1cc(C#CCCCCl)c(=O)n(C(=O)c2ccccc2)c1=O)COC(C)=O,SP-1,missing,
10,10,CC(=O)OCC(CCn1cc(C#CCCCCl)c(=O)n(C(=O)c2ccccc2)c1=O)COC(C)=O,SP-2,missing,
10,10,CC(=O)OCC(CCn1cc(C#CCCCCl)c(=O)n(C(=O)c2ccccc2)c1=O)COC(C)=O,SP-3,missing,
10,10,CC(=O)OCC(CCn1cc(C#CCCCCl)c(=O)n(C(=O)c2ccccc2)c1=O)COC(C)=O,SP-4,missing,
10,10,CC(=O)OCC(CCn1cc(C#CCCCCl)c(=O)n(C(=O)c2ccccc2)c1=O)COC(C)=O,SP-5,missing,
10,10,CC(=O)OCC(CCn1cc(C#CCCCCl)c(=O)n(C(=O)c2ccccc2)c1=O)COC(C)=O,SP-6,missing,
10,10,CC(=O)OCC(CCn1cc(C#CCCCCl)c(=O)n(C(=O)c2ccccc2)c1=O)COC(C)=O,SP-7,missing,
10,10,CC(=O)OCC(CCn1cc(C#CCCCCl)c(=O)n(C(=O)c2ccccc2)c1=O)COC(C)=O,ASP-0,missing,
10,10,CC(=O)OCC(CCn1cc(C#CCCCCl)c(=O)n(C(=O)c2ccccc2)c1=O)COC(C)=O,ASP-1,missing,
10,10,CC(=O)OCC(CCn1cc(C#CCCCCl)c(=O)n(C(=O)c2ccccc2)c1=O)COC(C)=O,ASP-2,missing,
10,10,CC(=O)OCC(CCn1cc(C#CCCCCl)c(=O)n(C(=O)c2ccccc2)c1=O)COC(C)=O,ASP-3,missing,
10,10,CC(=O)OCC(CCn1cc(C#CCCCCl)c(=O)n(C(=O)c2ccccc2)c1=O)COC(C)=O,ASP-4,missing,
10,10,CC(=O)OCC(CCn1cc(C#CCCCCl)c(=O)n(C(=O)c2ccccc2)c1=O)COC(C)=O,ASP-5,missing,
10,10,CC(=O)OCC(CCn1cc(C#CCCCCl)c(=O)n(C(=O)c2ccccc2)c1=O)COC(C)=O,ASP-6,missing,
10,10,CC(=O)OCC(CCn1cc(C#CCCCCl)c(=O)n(C(=O)c2ccccc2)c1=O)COC(C)=O,ASP-7,missing,
10,10,CC(=O)OCC(CCn1cc(C#CCCCCl)c(=O)n(C(=O)c2ccccc2)c1=O)COC(C)=O,VP-0,missing,
10,10,CC(=O)OCC(CCn1cc(C#CCCCCl)c(=O)n(C(=O)c2ccccc2)c1=O)COC(C)=O,VP-1,missing,
10,10,CC(=O)OCC(CCn1cc(C#CCCCCl)c(=O)n(C(=O)c2ccccc2)c1=O)COC(C)=O,VP-2,missing,
10,10,CC(=O)OCC(CCn1cc(C#CCCCCl)c(=O)n(C(=O)c2ccccc2)c1=O)COC(C)=O,VP-3,missing,
10,10,CC(=O)OCC(CCn1cc(C#CCCCCl)c(=O)n(C(=O)c2ccccc2)c1=O)COC(C)=O,VP-4,missing,
10,10,CC(=O)OCC(CCn1cc(C#CCCCCl)c(=O)n(C(=O)c2ccccc2)c1=O)COC(C)=O,VP-5,missing,
10,10,CC(=O)OCC(CCn1cc(C#CCCCCl)c(=O)n(C(=O)c2ccccc2)c1=O)COC(C)=O,VP-6,missing,
10,10,CC(=O)OCC(CCn1cc(C#CCCCCl)c(=O)n(C(=O)c2ccccc2)c1=O)COC(C)=O,VP-7,missing,
10,10,CC(=O)OCC(CCn1cc(C#CCCCCl)c(=O)n(C(=O)c2ccccc2)c1=O)COC(C)=O,AVP-0,missing,
10,10,CC(=O)OCC(CCn1cc(C#CCCCCl)c(=O)n(C(=O)c2ccccc2)c1=O)COC(C)=O,AVP-1,missing,
10,10,CC(=O)OCC(CCn1cc(C#CCCCCl)c(=O)n(C(=O)c2ccccc2)c1=O)COC(C)=O,AVP-2,missing,
10,10,CC(=O)OCC(CCn1cc(C#CCCCCl)c(=O)n(C(=O)c2ccccc2)c1=O)COC(C)=O,AVP-3,missing,
10,10,CC(=O)OCC(CCn1cc(C#CCCCCl)c(=O)n(C(=O)c2ccccc2)c1=O)COC(C)=O,AVP-4,missing,
10,10,CC(=O)OCC(CCn1cc(C#CCCCCl)c(=O)n(C(=O)c2ccccc2)c1=O)COC(C)=O,AVP-5,missing,
10,10,CC(=O)OCC(CCn1cc(C#CCCCCl)c(=O)n(C(=O)c2ccccc2)c1=O)COC(C)=O,AVP-6,missing,
10,10,CC(=O)OCC(CCn1cc(C#CCCCCl)c(=O)n(C(=O)c2ccccc2)c1=O)COC(C)=O,AVP-7,missing,
10,10,CC(=O)OCC(CCn1cc(C#CCCCCl)c(=O)n(C(=O)c2ccccc2)c1=O)COC(C)=O,VABC,missing,
11,11,CCCCCc1ccc(C#Cc2cn(CCC(CO)CO)c(=O)[nH]c2=O)cc1,BCUTw-1l,missing,
11,11,CCCCCc1ccc(C#Cc2cn(CCC(CO)CO)c(=O)[nH]c2=O)cc1,BCUTw-1h,missing,
11,11,CCCCCc1ccc(C#Cc2cn(CCC(CO)CO)c(=O)[nH]c2=O)cc1,BCUTc-1l,missing,
11,11,CCCCCc1ccc(C#Cc2cn(CCC(CO)CO)c(=O)[nH]c2=O)cc1,BCUTc-1h,missing,
11,11,CCCCCc1ccc(C#Cc2cn(CCC(CO)CO)c(=O)[nH]c2=O)cc1,BCUTp-1l,missing,
11,11,CCCCCc1ccc(C#Cc2cn(CCC(CO)CO)c(=O)[nH]c2=O)cc1,BCUTp-1h,missing,
11,11,CCCCCc1ccc(C#Cc2cn(CCC(CO)CO)c(=O)[nH]c2=O)cc1,SCH-3,missing,
11,11,CCCCCc1ccc(C#Cc2cn(CCC(CO)CO)c(=O)[nH]c2=O)cc1,SCH-4,missing,
11,11,CCCCCc1ccc(C#Cc2cn(CCC(CO)CO)c(=O)[nH]c2=O)cc1,SCH-5,missing,
11,11,CCCCCc1ccc(C#Cc2cn(CCC(CO)CO)c(=O)[nH]c2=O)cc1,SCH-6,missing,
11,11,CCCCCc1ccc(C#Cc2cn(CCC(CO)CO)c(=O)[nH]c2=O)cc1,SCH-7,missing,
11,11,CCCCCc1ccc(C#Cc2cn(CCC(CO)CO)c(=O)[nH]c2=O)cc1,VCH-3,missing,
11,11,CCCCCc1ccc(C#Cc2cn(CCC(CO)CO)c(=O)[nH]c2=O)cc1,VCH-4,missing,
11,11,CCCCCc1ccc(C#Cc2cn(CCC(CO)CO)c(=O)[nH]c2=O)cc1,VCH-5,missing,
11,11,CCCCCc1ccc(C#Cc2cn(CCC(CO)CO)c(=O)[nH]c2=O)cc1,VCH-6,missing,
11,11,CCCCCc1ccc(C#Cc2cn(CCC(CO)CO)c(=O)[nH]c2=O)cc1,VCH-7,missing,
11,11,CCCCCc1ccc(C#Cc2cn(CCC(CO)CO)c(=O)[nH]c2=O)cc1,SC-3,missing,
11,11,CCCCCc1ccc(C#Cc2cn(CCC(CO)CO)c(=O)[nH]c2=O)cc1,SC-4,missing,
11,11,CCCCCc1ccc(C#Cc2cn(CCC(CO)CO)c(=O)[nH]c2=O)cc1,SC-5,missing,
11,11,CCCCCc1ccc(C#Cc2cn(CCC(CO)CO)c(=O)[nH]c2=O)cc1,SC-6,missing,
11,11,CCCCCc1ccc(C#Cc2cn(CCC(CO)CO)c(=O)[nH]c2=O)cc1,VC-3,missing,
11,11,CCCCCc1ccc(C#Cc2cn(CCC(CO)CO)c(=O)[nH]c2=O)cc1,VC-4,missing,
11,11,CCCCCc1ccc(C#Cc2cn(CCC(CO)CO)c(=O)[nH]c2=O)cc1,VC-5,missing,
11,11,CCCCCc1ccc(C#Cc2cn(CCC(CO)CO)c(=O)[nH]c2=O)cc1,VC-6,missing,
11,11,CCCCCc1ccc(C#Cc2cn(CCC(CO)CO)c(=O)[nH]c2=O)cc1,SPC-4,missing,
11,11,CCCCCc1ccc(C#Cc2cn(CCC(CO)CO)c(=O)[nH]c2=O)cc1,SPC-5,missing,
11,11,CCCCCc1ccc(C#Cc2cn(CCC(CO)CO)c(=O)[nH]c2=O)cc1,SPC-6,missing,
11,11,CCCCCc1ccc(C#Cc2cn(CCC(CO)CO)c(=O)[nH]c2=O)cc1,VPC-4,missing,
11,11,CCCCCc1ccc(C#Cc2cn(CCC(CO)CO)c(=O)[nH]c2=O)cc1,VPC-5,missing,
11,11,CCCCCc1ccc(C#Cc2cn(CCC(CO)CO)c(=O)[nH]c2=O)cc1,VPC-6,missing,
11,11,CCCCCc1ccc(C#Cc2cn(CCC(CO)CO)c(=O)[nH]c2=O)cc1,SP-0,missing,
11,11,CCCCCc1ccc(C#Cc2cn(CCC(CO)CO)c(=O)[nH]c2=O)cc1,SP-1,missing,
11,11,CCCCCc1ccc(C#Cc2cn(CCC(CO)CO)c(=O)[nH]c2=O)cc1,SP-2,missing,
11,11,CCCCCc1ccc(C#Cc2cn(CCC(CO)CO)c(=O)[nH]c2=O)cc1,SP-3,missing,
11,11,CCCCCc1ccc(C#Cc2cn(CCC(CO)CO)c(=O)[nH]c2=O)cc1,SP-4,missing,
11,11,CCCCCc1ccc(C#Cc2cn(CCC(CO)CO)c(=O)[nH]c2=O)cc1,SP-5,missing,
11,11,CCCCCc1ccc(C#Cc2cn(CCC(CO)CO)c(=O)[nH]c2=O)cc1,SP-6,missing,
11,11,CCCCCc1ccc(C#Cc2cn(CCC(CO)CO)c(=O)[nH]c2=O)cc1,SP-7,missing,
11,11,CCCCCc1ccc(C#Cc2cn(CCC(CO)CO)c(=O)[nH]c2=O)cc1,ASP-0,missing,
11,11,CCCCCc1ccc(C#Cc2cn(CCC(CO)CO)c(=O)[nH]c2=O)cc1,ASP-1,missing,
11,11,CCCCCc1ccc(C#Cc2cn(CCC(CO)CO)c(=O)[nH]c2=O)cc1,ASP-2,missing,
11,11,CCCCCc1ccc(C#Cc2cn(CCC(CO)CO)c(=O)[nH]c2=O)cc1,ASP-3,missing,
11,11,CCCCCc1ccc(C#Cc2cn(CCC(CO)CO)c(=O)[nH]c2=O)cc1,ASP-4,missing,
11,11,CCCCCc1ccc(C#Cc2cn(CCC(CO)CO)c(=O)[nH]c2=O)cc1,ASP-5,missing,
11,11,CCCCCc1ccc(C#Cc2cn(CCC(CO)CO)c(=O)[nH]c2=O)cc1,ASP-6,missing,
11,11,CCCCCc1ccc(C#Cc2cn(CCC(CO)CO)c(=O)[nH]c2=O)cc1,ASP-7,missing,
11,11,CCCCCc1ccc(C#Cc2cn(CCC(CO)CO)c(=O)[nH]c2=O)cc1,VP-0,missing,
11,11,CCCCCc1ccc(C#Cc2cn(CCC(CO)CO)c(=O)[nH]c2=O)cc1,VP-1,missing,
11,11,CCCCCc1ccc(C#Cc2cn(CCC(CO)CO)c(=O)[nH]c2=O)cc1,VP-2,missing,
11,11,CCCCCc1ccc(C#Cc2cn(CCC(CO)CO)c(=O)[nH]c2=O)cc1,VP-3,missing,
11,11,CCCCCc1ccc(C#Cc2cn(CCC(CO)CO)c(=O)[nH]c2=O)cc1,VP-4,missing,
11,11,CCCCCc1ccc(C#Cc2cn(CCC(CO)CO)c(=O)[nH]c2=O)cc1,VP-5,missing,
11,11,CCCCCc1ccc(C#Cc2cn(CCC(CO)CO)c(=O)[nH]c2=O)cc1,VP-6,missing,
11,11,CCCCCc1ccc(C#Cc2cn(CCC(CO)CO)c(=O)[nH]c2=O)cc1,VP-7,missing,
11,11,CCCCCc1ccc(C#Cc2cn(CCC(CO)CO)c(=O)[nH]c2=O)cc1,AVP-0,missing,
11,11,CCCCCc1ccc(C#Cc2cn(CCC(CO)CO)c(=O)[nH]c2=O)cc1,AVP-1,missing,
11,11,CCCCCc1ccc(C#Cc2cn(CCC(CO)CO)c(=O)[nH]c2=O)cc1,AVP-2,missing,
11,11,CCCCCc1ccc(C#Cc2cn(CCC(CO)CO)c(=O)[nH]c2=O)cc1,AVP-3,missing,
11,11,CCCCCc1ccc(C#Cc2cn(CCC(CO)CO)c(=O)[nH]c2=O)cc1,AVP-4,missing,
11,11,CCCCCc1ccc(C#Cc2cn(CCC(CO)CO)c(=O)[nH]c2=O)cc1,AVP-5,missing,
11,11,CCCCCc1ccc(C#Cc2cn(CCC(CO)CO)c(=O)[nH]c2=O)cc1,AVP-6,missing,
11,11,CCCCCc1ccc(C#Cc2cn(CCC(CO)CO)c(=O)[nH]c2=O)cc1,AVP-7,missing,
11,11,CCCCCc1ccc(C#Cc2cn(CCC(CO)CO)c(=O)[nH]c2=O)cc1,VABC,missing,
12,12,CC(=O)OCC(CCn1cc(C#Cc2ccc(Br)cc2)c(=O)n(C(=O)c2ccccc2)c1=O)COC(C)=O,BCUTw-1l,missing,
12,12,CC(=O)OCC(CCn1cc(C#Cc2ccc(Br)cc2)c(=O)n(C(=O)c2ccccc2)c1=O)COC(C)=O,BCUTw-1h,missing,
12,12,CC(=O)OCC(CCn1cc(C#Cc2ccc(Br)cc2)c(=O)n(C(=O)c2ccccc2)c1=O)COC(C)=O,BCUTc-1l,missing,
12,12,CC(=O)OCC(CCn1cc(C#Cc2ccc(Br)cc2)c(=O)n(C(=O)c2ccccc2)c1=O)COC(C)=O,BCUTc-1h,missing,
12,12,CC(=O)OCC(CCn1cc(C#Cc2ccc(Br)cc2)c(=O)n(C(=O)c2ccccc2)c1=O)COC(C)=O,BCUTp-1l,missing,
12,12,CC(=O)OCC(CCn1cc(C#Cc2ccc(Br)cc2)c(=O)n(C(=O)c2ccccc2)c1=O)COC(C)=O,BCUTp-1h,missing,
12,12,CC(=O)OCC(CCn1cc(C#Cc2ccc(Br)cc2)c(=O)n(C(=O)c2ccccc2)c1=O)COC(C)=O,SCH-3,missing,
12,12,CC(=O)OCC(CCn1cc(C#Cc2ccc(Br)cc2)c(=O)n(C(=O)c2ccccc2)c1=O)COC(C)=O,SCH-4,missing,
12,12,CC(=O)OCC(CCn1cc(C#Cc2ccc(Br)cc2)c(=O)n(C(=O)c2ccccc2)c1=O)COC(C)=O,SCH-5,missing,
12,12,CC(=O)OCC(CCn1cc(C#Cc2ccc(Br)cc2)c(=O)n(C(=O)c2ccccc2)c1=O)COC(C)=O,SCH-6,missing,
12,12,CC(=O)OCC(CCn1cc(C#Cc2ccc(Br)cc2)c(=O)n(C(=O)c2ccccc2)c1=O)COC(C)=O,SCH-7,missing,
12,12,CC(=O)OCC(CCn1cc(C#Cc2ccc(Br)cc2)c(=O)n(C(=O)c2ccccc2)c1=O)COC(C)=O,VCH-3,missing,
12,12,CC(=O)OCC(CCn1cc(C#Cc2ccc(Br)cc2)c(=O)n(C(=O)c2ccccc2)c1=O)COC(C)=O,VCH-4,missing,
12,12,CC(=O)OCC(CCn1cc(C#Cc2ccc(Br)cc2)c(=O)n(C(=O)c2ccccc2)c1=O)COC(C)=O,VCH-5,missing,
12,12,CC(=O)OCC(CCn1cc(C#Cc2ccc(Br)cc2)c(=O)n(C(=O)c2ccccc2)c1=O)COC(C)=O,VCH-6,missing,
12,12,CC(=O)OCC(CCn1cc(C#Cc2ccc(Br)cc2)c(=O)n(C(=O)c2ccccc2)c1=O)COC(C)=O,VCH-7,missing,
12,12,CC(=O)OCC(CCn1cc(C#Cc2ccc(Br)cc2)c(=O)n(C(=O)c2ccccc2)c1=O)COC(C)=O,SC-3,missing,
12,12,CC(=O)OCC(CCn1cc(C#Cc2ccc(Br)cc2)c(=O)n(C(=O)c2ccccc2)c1=O)COC(C)=O,SC-4,missing,
12,12,CC(=O)OCC(CCn1cc(C#Cc2ccc(Br)cc2)c(=O)n(C(=O)c2ccccc2)c1=O)COC(C)=O,SC-5,missing,
12,12,CC(=O)OCC(CCn1cc(C#Cc2ccc(Br)cc2)c(=O)n(C(=O)c2ccccc2)c1=O)COC(C)=O,SC-6,missing,
12,12,CC(=O)OCC(CCn1cc(C#Cc2ccc(Br)cc2)c(=O)n(C(=O)c2ccccc2)c1=O)COC(C)=O,VC-3,missing,
12,12,CC(=O)OCC(CCn1cc(C#Cc2ccc(Br)cc2)c(=O)n(C(=O)c2ccccc2)c1=O)COC(C)=O,VC-4,missing,
12,12,CC(=O)OCC(CCn1cc(C#Cc2ccc(Br)cc2)c(=O)n(C(=O)c2ccccc2)c1=O)COC(C)=O,VC-5,missing,
12,12,CC(=O)OCC(CCn1cc(C#Cc2ccc(Br)cc2)c(=O)n(C(=O)c2ccccc2)c1=O)COC(C)=O,VC-6,missing,
12,12,CC(=O)OCC(CCn1cc(C#Cc2ccc(Br)cc2)c(=O)n(C(=O)c2ccccc2)c1=O)COC(C)=O,SPC-4,missing,
12,12,CC(=O)OCC(CCn1cc(C#Cc2ccc(Br)cc2)c(=O)n(C(=O)c2ccccc2)c1=O)COC(C)=O,SPC-5,missing,
12,12,CC(=O)OCC(CCn1cc(C#Cc2ccc(Br)cc2)c(=O)n(C(=O)c2ccccc2)c1=O)COC(C)=O,SPC-6,missing,
12,12,CC(=O)OCC(CCn1cc(C#Cc2ccc(Br)cc2)c(=O)n(C(=O)c2ccccc2)c1=O)COC(C)=O,VPC-4,missing,
12,12,CC(=O)OCC(CCn1cc(C#Cc2ccc(Br)cc2)c(=O)n(C(=O)c2ccccc2)c1=O)COC(C)=O,VPC-5,missing,
12,12,CC(=O)OCC(CCn1cc(C#Cc2ccc(Br)cc2)c(=O)n(C(=O)c2ccccc2)c1=O)COC(C)=O,VPC-6,missing,
12,12,CC(=O)OCC(CCn1cc(C#Cc2ccc(Br)cc2)c(=O)n(C(=O)c2ccccc2)c1=O)COC(C)=O,SP-0,missing,
12,12,CC(=O)OCC(CCn1cc(C#Cc2ccc(Br)cc2)c(=O)n(C(=O)c2ccccc2)c1=O)COC(C)=O,SP-1,missing,
12,12,CC(=O)OCC(CCn1cc(C#Cc2ccc(Br)cc2)c(=O)n(C(=O)c2ccccc2)c1=O)COC(C)=O,SP-2,missing,
12,12,CC(=O)OCC(CCn1cc(C#Cc2ccc(Br)cc2)c(=O)n(C(=O)c2ccccc2)c1=O)COC(C)=O,SP-3,missing,
12,12,CC(=O)OCC(CCn1cc(C#Cc2ccc(Br)cc2)c(=O)n(C(=O)c2ccccc2)c1=O)COC(C)=O,SP-4,missing,
12,12,CC(=O)OCC(CCn1cc(C#Cc2ccc(Br)cc2)c(=O)n(C(=O)c2ccccc2)c1=O)COC(C)=O,SP-5,missing,
12,12,CC(=O)OCC(CCn1cc(C#Cc2ccc(Br)cc2)c(=O)n(C(=O)c2ccccc2)c1=O)COC(C)=O,SP-6,missing,
12,12,CC(=O)OCC(CCn1cc(C#Cc2ccc(Br)cc2)c(=O)n(C(=O)c2ccccc2)c1=O)COC(C)=O,SP-7,missing,
12,12,CC(=O)OCC(CCn1cc(C#Cc2ccc(Br)cc2)c(=O)n(C(=O)c2ccccc2)c1=O)COC(C)=O,ASP-0,missing,
12,12,CC(=O)OCC(CCn1cc(C#Cc2ccc(Br)cc2)c(=O)n(C(=O)c2ccccc2)c1=O)COC(C)=O,ASP-1,missing,
12,12,CC(=O)OCC(CCn1cc(C#Cc2ccc(Br)cc2)c(=O)n(C(=O)c2ccccc2)c1=O)COC(C)=O,ASP-2,missing,
12,12,CC(=O)OCC(CCn1cc(C#Cc2ccc(Br)cc2)c(=O)n(C(=O)c2ccccc2)c1=O)COC(C)=O,ASP-3,missing,
12,12,CC(=O)OCC(CCn1cc(C#Cc2ccc(Br)cc2)c(=O)n(C(=O)c2ccccc2)c1=O)COC(C)=O,ASP-4,missing,
12,12,CC(=O)OCC(CCn1cc(C#Cc2ccc(Br)cc2)c(=O)n(C(=O)c2ccccc2)c1=O)COC(C)=O,ASP-5,missing,
12,12,CC(=O)OCC(CCn1cc(C#Cc2ccc(Br)cc2)c(=O)n(C(=O)c2ccccc2)c1=O)COC(C)=O,ASP-6,missing,
12,12,CC(=O)OCC(CCn1cc(C#Cc2ccc(Br)cc2)c(=O)n(C(=O)c2ccccc2)c1=O)COC(C)=O,ASP-7,missing,
12,12,CC(=O)OCC(CCn1cc(C#Cc2ccc(Br)cc2)c(=O)n(C(=O)c2ccccc2)c1=O)COC(C)=O,VP-0,missing,
12,12,CC(=O)OCC(CCn1cc(C#Cc2ccc(Br)cc2)c(=O)n(C(=O)c2ccccc2)c1=O)COC(C)=O,VP-1,missing,
12,12,CC(=O)OCC(CCn1cc(C#Cc2ccc(Br)cc2)c(=O)n(C(=O)c2ccccc2)c1=O)COC(C)=O,VP-2,missing,
12,12,CC(=O)OCC(CCn1cc(C#Cc2ccc(Br)cc2)c(=O)n(C(=O)c2ccccc2)c1=O)COC(C)=O,VP-3,missing,
12,12,CC(=O)OCC(CCn1cc(C#Cc2ccc(Br)cc2)c(=O)n(C(=O)c2ccccc2)c1=O)COC(C)=O,VP-4,missing,
12,12,CC(=O)OCC(CCn1cc(C#Cc2ccc(Br)cc2)c(=O)n(C(=O)c2ccccc2)c1=O)COC(C)=O,VP-5,missing,
12,12,CC(=O)OCC(CCn1cc(C#Cc2ccc(Br)cc2)c(=O)n(C(=O)c2ccccc2)c1=O)COC(C)=O,VP-6,missing,
12,12,CC(=O)OCC(CCn1cc(C#Cc2ccc(Br)cc2)c(=O)n(C(=O)c2ccccc2)c1=O)COC(C)=O,VP-7,missing,
12,12,CC(=O)OCC(CCn1cc(C#Cc2ccc(Br)cc2)c(=O)n(C(=O)c2ccccc2)c1=O)COC(C)=O,AVP-0,missing,
12,12,CC(=O)OCC(CCn1cc(C#Cc2ccc(Br)cc2)c(=O)n(C(=O)c2ccccc2)c1=O)COC(C)=O,AVP-1,missing,
12,12,CC(=O)OCC(CCn1cc(C#Cc2ccc(Br)cc2)c(=O)n(C(=O)c2ccccc2)c1=O)COC(C)=O,AVP-2,missing,
12,12,CC(=O)OCC(CCn1cc(C#Cc2ccc(Br)cc2)c(=O)n(C(=O)c2ccccc2)c1=O)COC(C)=O,AVP-3,missing,
12,12,CC(=O)OCC(CCn1cc(C#Cc2ccc(Br)cc2)c(=O)n(C(=O)c2ccccc2)c1=O)COC(C)=O,AVP-4,missing,
12,12,CC(=O)OCC(CCn1cc(C#Cc2ccc(Br)cc2)c(=O)n(C(=O)c2ccccc2)c1=O)COC(C)=O,AVP-5,missing,
12,12,CC(=O)OCC(CCn1cc(C#Cc2ccc(Br)cc2)c(=O)n(C(=O)c2ccccc2)c1=O)COC(C)=O,AVP-6,missing,
12,12,CC(=O)OCC(CCn1cc(C#Cc2ccc(Br)cc2)c(=O)n(C(=O)c2ccccc2)c1=O)COC(C)=O,AVP-7,missing,
12,12,CC(=O)OCC(CCn1cc(C#Cc2ccc(Br)cc2)c(=O)n(C(=O)c2ccccc2)c1=O)COC(C)=O,VABC,missing,
13,13,CCCCCCCCC#Cc1cn(CCC(COC(C)=O)COC(C)=O)c(=O)n(C(=O)c2ccccc2)c1=O,BCUTw-1l,missing,
13,13,CCCCCCCCC#Cc1cn(CCC(COC(C)=O)COC(C)=O)c(=O)n(C(=O)c2ccccc2)c1=O,BCUTw-1h,missing,
13,13,CCCCCCCCC#Cc1cn(CCC(COC(C)=O)COC(C)=O)c(=O)n(C(=O)c2ccccc2)c1=O,BCUTc-1l,missing,
13,13,CCCCCCCCC#Cc1cn(CCC(COC(C)=O)COC(C)=O)c(=O)n(C(=O)c2ccccc2)c1=O,BCUTc-1h,missing,
13,13,CCCCCCCCC#Cc1cn(CCC(COC(C)=O)COC(C)=O)c(=O)n(C(=O)c2ccccc2)c1=O,BCUTp-1l,missing,
13,13,CCCCCCCCC#Cc1cn(CCC(COC(C)=O)COC(C)=O)c(=O)n(C(=O)c2ccccc2)c1=O,BCUTp-1h,missing,
13,13,CCCCCCCCC#Cc1cn(CCC(COC(C)=O)COC(C)=O)c(=O)n(C(=O)c2ccccc2)c1=O,SCH-3,missing,
13,13,CCCCCCCCC#Cc1cn(CCC(COC(C)=O)COC(C)=O)c(=O)n(C(=O)c2ccccc2)c1=O,SCH-4,missing,
13,13,CCCCCCCCC#Cc1cn(CCC(COC(C)=O)COC(C)=O)c(=O)n(C(=O)c2ccccc2)c1=O,SCH-5,missing,
13,13,CCCCCCCCC#Cc1cn(CCC(COC(C)=O)COC(C)=O)c(=O)n(C(=O)c2ccccc2)c1=O,SCH-6,missing,
13,13,CCCCCCCCC#Cc1cn(CCC(COC(C)=O)COC(C)=O)c(=O)n(C(=O)c2ccccc2)c1=O,SCH-7,missing,
13,13,CCCCCCCCC#Cc1cn(CCC(COC(C)=O)COC(C)=O)c(=O)n(C(=O)c2ccccc2)c1=O,VCH-3,missing,
13,13,CCCCCCCCC#Cc1cn(CCC(COC(C)=O)COC(C)=O)c(=O)n(C(=O)c2ccccc2)c1=O,VCH-4,missing,
13,13,CCCCCCCCC#Cc1cn(CCC(COC(C)=O)COC(C)=O)c(=O)n(C(=O)c2ccccc2)c1=O,VCH-5,missing,
13,13,CCCCCCCCC#Cc1cn(CCC(COC(C)=O)COC(C)=O)c(=O)n(C(=O)c2ccccc2)c1=O,VCH-6,missing,
13,13,CCCCCCCCC#Cc1cn(CCC(COC(C)=O)COC(C)=O)c(=O)n(C(=O)c2ccccc2)c1=O,VCH-7,missing,
13,13,CCCCCCCCC#Cc1cn(CCC(COC(C)=O)COC(C)=O)c(=O)n(C(=O)c2ccccc2)c1=O,SC-3,missing,
13,13,CCCCCCCCC#Cc1cn(CCC(COC(C)=O)COC(C)=O)c(=O)n(C(=O)c2ccccc2)c1=O,SC-4,missing,
13,13,CCCCCCCCC#Cc1cn(CCC(COC(C)=O)COC(C)=O)c(=O)n(C(=O)c2ccccc2)c1=O,SC-5,missing,
13,13,CCCCCCCCC#Cc1cn(CCC(COC(C)=O)COC(C)=O)c(=O)n(C(=O)c2ccccc2)c1=O,SC-6,missing,
13,13,CCCCCCCCC#Cc1cn(CCC(COC(C)=O)COC(C)=O)c(=O)n(C(=O)c2ccccc2)c1=O,VC-3,missing,
13,13,CCCCCCCCC#Cc1cn(CCC(COC(C)=O)COC(C)=O)c(=O)n(C(=O)c2ccccc2)c1=O,VC-4,missing,
13,13,CCCCCCCCC#Cc1cn(CCC(COC(C)=O)COC(C)=O)c(=O)n(C(=O)c2ccccc2)c1=O,VC-5,missing,
13,13,CCCCCCCCC#Cc1cn(CCC(COC(C)=O)COC(C)=O)c(=O)n(C(=O)c2ccccc2)c1=O,VC-6,missing,
13,13,CCCCCCCCC#Cc1cn(CCC(COC(C)=O)COC(C)=O)c(=O)n(C(=O)c2ccccc2)c1=O,SPC-4,missing,
13,13,CCCCCCCCC#Cc1cn(CCC(COC(C)=O)COC(C)=O)c(=O)n(C(=O)c2ccccc2)c1=O,SPC-5,missing,
13,13,CCCCCCCCC#Cc1cn(CCC(COC(C)=O)COC(C)=O)c(=O)n(C(=O)c2ccccc2)c1=O,SPC-6,missing,
13,13,CCCCCCCCC#Cc1cn(CCC(COC(C)=O)COC(C)=O)c(=O)n(C(=O)c2ccccc2)c1=O,VPC-4,missing,
13,13,CCCCCCCCC#Cc1cn(CCC(COC(C)=O)COC(C)=O)c(=O)n(C(=O)c2ccccc2)c1=O,VPC-5,missing,
13,13,CCCCCCCCC#Cc1cn(CCC(COC(C)=O)COC(C)=O)c(=O)n(C(=O)c2ccccc2)c1=O,VPC-6,missing,
13,13,CCCCCCCCC#Cc1cn(CCC(COC(C)=O)COC(C)=O)c(=O)n(C(=O)c2ccccc2)c1=O,SP-0,missing,
13,13,CCCCCCCCC#Cc1cn(CCC(COC(C)=O)COC(C)=O)c(=O)n(C(=O)c2ccccc2)c1=O,SP-1,missing,
13,13,CCCCCCCCC#Cc1cn(CCC(COC(C)=O)COC(C)=O)c(=O)n(C(=O)c2ccccc2)c1=O,SP-2,missing,
13,13,CCCCCCCCC#Cc1cn(CCC(COC(C)=O)COC(C)=O)c(=O)n(C(=O)c2ccccc2)c1=O,SP-3,missing,
13,13,CCCCCCCCC#Cc1cn(CCC(COC(C)=O)COC(C)=O)c(=O)n(C(=O)c2ccccc2)c1=O,SP-4,missing,
13,13,CCCCCCCCC#Cc1cn(CCC(COC(C)=O)COC(C)=O)c(=O)n(C(=O)c2ccccc2)c1=O,SP-5,missing,
13,13,CCCCCCCCC#Cc1cn(CCC(COC(C)=O)COC(C)=O)c(=O)n(C(=O)c2ccccc2)c1=O,SP-6,missing,
13,13,CCCCCCCCC#Cc1cn(CCC(COC(C)=O)COC(C)=O)c(=O)n(C(=O)c2ccccc2)c1=O,SP-7,missing,
13,13,CCCCCCCCC#Cc1cn(CCC(COC(C)=O)COC(C)=O)c(=O)n(C(=O)c2ccccc2)c1=O,ASP-0,missing,
13,13,CCCCCCCCC#Cc1cn(CCC(COC(C)=O)COC(C)=O)c(=O)n(C(=O)c2ccccc2)c1=O,ASP-1,missing,
13,13,CCCCCCCCC#Cc1cn(CCC(COC(C)=O)COC(C)=O)c(=O)n(C(=O)c2ccccc2)c1=O,ASP-2,missing,
13,13,CCCCCCCCC#Cc1cn(CCC(COC(C)=O)COC(C)=O)c(=O)n(C(=O)c2ccccc2)c1=O,ASP-3,missing,
13,13,CCCCCCCCC#Cc1cn(CCC(COC(C)=O)COC(C)=O)c(=O)n(C(=O)c2ccccc2)c1=O,ASP-4,missing,
13,13,CCCCCCCCC#Cc1cn(CCC(COC(C)=O)COC(C)=O)c(=O)n(C(=O)c2ccccc2)c1=O,ASP-5,missing,
13,13,CCCCCCCCC#Cc1cn(CCC(COC(C)=O)COC(C)=O)c(=O)n(C(=O)c2ccccc2)c1=O,ASP-6,missing,
13,13,CCCCCCCCC#Cc1cn(CCC(COC(C)=O)COC(C)=O)c(=O)n(C(=O)c2ccccc2)c1=O,ASP-7,missing,
13,13,CCCCCCCCC#Cc1cn(CCC(COC(C)=O)COC(C)=O)c(=O)n(C(=O)c2ccccc2)c1=O,VP-0,missing,
13,13,CCCCCCCCC#Cc1cn(CCC(COC(C)=O)COC(C)=O)c(=O)n(C(=O)c2ccccc2)c1=O,VP-1,missing,
13,13,CCCCCCCCC#Cc1cn(CCC(COC(C)=O)COC(C)=O)c(=O)n(C(=O)c2ccccc2)c1=O,VP-2,missing,
13,13,CCCCCCCCC#Cc1cn(CCC(COC(C)=O)COC(C)=O)c(=O)n(C(=O)c2ccccc2)c1=O,VP-3,missing,
13,13,CCCCCCCCC#Cc1cn(CCC(COC(C)=O)COC(C)=O)c(=O)n(C(=O)c2ccccc2)c1=O,VP-4,missing,
13,13,CCCCCCCCC#Cc1cn(CCC(COC(C)=O)COC(C)=O)c(=O)n(C(=O)c2ccccc2)c1=O,VP-5,missing,
13,13,CCCCCCCCC#Cc1cn(CCC(COC(C)=O)COC(C)=O)c(=O)n(C(=O)c2ccccc2)c1=O,VP-6,missing,
13,13,CCCCCCCCC#Cc1cn(CCC(COC(C)=O)COC(C)=O)c(=O)n(C(=O)c2ccccc2)c1=O,VP-7,missing,
13,13,CCCCCCCCC#Cc1cn(CCC(COC(C)=O)COC(C)=O)c(=O)n(C(=O)c2ccccc2)c1=O,AVP-0,missing,
13,13,CCCCCCCCC#Cc1cn(CCC(COC(C)=O)COC(C)=O)c(=O)n(C(=O)c2ccccc2)c1=O,AVP-1,missing,
13,13,CCCCCCCCC#Cc1cn(CCC(COC(C)=O)COC(C)=O)c(=O)n(C(=O)c2ccccc2)c1=O,AVP-2,missing,
13,13,CCCCCCCCC#Cc1cn(CCC(COC(C)=O)COC(C)=O)c(=O)n(C(=O)c2ccccc2)c1=O,AVP-3,missing,
13,13,CCCCCCCCC#Cc1cn(CCC(COC(C)=O)COC(C)=O)c(=O)n(C(=O)c2ccccc2)c1=O,AVP-4,missing,
13,13,CCCCCCCCC#Cc1cn(CCC(COC(C)=O)COC(C)=O)c(=O)n(C(=O)c2ccccc2)c1=O,AVP-5,missing,
13,13,CCCCCCCCC#Cc1cn(CCC(COC(C)=O)COC(C)=O)c(=O)n(C(=O)c2ccccc2)c1=O,AVP-6,missing,
13,13,CCCCCCCCC#Cc1cn(CCC(COC(C)=O)COC(C)=O)c(=O)n(C(=O)c2ccccc2)c1=O,AVP-7,missing,
13,13,CCCCCCCCC#Cc1cn(CCC(COC(C)=O)COC(C)=O)c(=O)n(C(=O)c2ccccc2)c1=O,VABC,missing,
14,14,O=c1[nH]c(=O)n(CCC(CO)CO)cc1C#Cc1cc(F)cc(F)c1,BCUTw-1l,missing,
14,14,O=c1[nH]c(=O)n(CCC(CO)CO)cc1C#Cc1cc(F)cc(F)c1,BCUTw-1h,missing,
14,14,O=c1[nH]c(=O)n(CCC(CO)CO)cc1C#Cc1cc(F)cc(F)c1,BCUTc-1l,missing,
14,14,O=c1[nH]c(=O)n(CCC(CO)CO)cc1C#Cc1cc(F)cc(F)c1,BCUTc-1h,missing,
14,14,O=c1[nH]c(=O)n(CCC(CO)CO)cc1C#Cc1cc(F)cc(F)c1,BCUTp-1l,missing,
14,14,O=c1[nH]c(=O)n(CCC(CO)CO)cc1C#Cc1cc(F)cc(F)c1,BCUTp-1h,missing,
14,14,O=c1[nH]c(=O)n(CCC(CO)CO)cc1C#Cc1cc(F)cc(F)c1,SCH-3,missing,
14,14,O=c1[nH]c(=O)n(CCC(CO)CO)cc1C#Cc1cc(F)cc(F)c1,SCH-4,missing,
14,14,O=c1[nH]c(=O)n(CCC(CO)CO)cc1C#Cc1cc(F)cc(F)c1,SCH-5,missing,
14,14,O=c1[nH]c(=O)n(CCC(CO)CO)cc1C#Cc1cc(F)cc(F)c1,SCH-6,missing,
14,14,O=c1[nH]c(=O)n(CCC(CO)CO)cc1C#Cc1cc(F)cc(F)c1,SCH-7,missing,
14,14,O=c1[nH]c(=O)n(CCC(CO)CO)cc1C#Cc1cc(F)cc(F)c1,VCH-3,missing,
14,14,O=c1[nH]c(=O)n(CCC(CO)CO)cc1C#Cc1cc(F)cc(F)c1,VCH-4,missing,
14,14,O=c1[nH]c(=O)n(CCC(CO)CO)cc1C#Cc1cc(F)cc(F)c1,VCH-5,missing,
14,14,O=c1[nH]c(=O)n(CCC(CO)CO)cc1C#Cc1cc(F)cc(F)c1,VCH-6,missing,
14,14,O=c1[nH]c(=O)n(CCC(CO)CO)cc1C#Cc1cc(F)cc(F)c1,VCH-7,missing,
14,14,O=c1[nH]c(=O)n(CCC(CO)CO)cc1C#Cc1cc(F)cc(F)c1,SC-3,missing,
14,14,O=c1[nH]c(=O)n(CCC(CO)CO)cc1C#Cc1cc(F)cc(F)c1,SC-4,missing,
14,14,O=c1[nH]c(=O)n(CCC(CO)CO)cc1C#Cc1cc(F)cc(F)c1,SC-5,missing,
14,14,O=c1[nH]c(=O)n(CCC(CO)CO)cc1C#Cc1cc(F)cc(F)c1,SC-6,missing,
14,14,O=c1[nH]c(=O)n(CCC(CO)CO)cc1C#Cc1cc(F)cc(F)c1,VC-3,missing,
14,14,O=c1[nH]c(=O)n(CCC(CO)CO)cc1C#Cc1cc(F)cc(F)c1,VC-4,missing,
14,14,O=c1[nH]c(=O)n(CCC(CO)CO)cc1C#Cc1cc(F)cc(F)c1,VC-5,missing,
14,14,O=c1[nH]c(=O)n(CCC(CO)CO)cc1C#Cc1cc(F)cc(F)c1,VC-6,missing,
14,14,O=c1[nH]c(=O)n(CCC(CO)CO)cc1C#Cc1cc(F)cc(F)c1,SPC-4,missing,
14,14,O=c1[nH]c(=O)n(CCC(CO)CO)cc1C#Cc1cc(F)cc(F)c1,SPC-5,missing,
14,14,O=c1[nH]c(=O)n(CCC(CO)CO)cc1C#Cc1cc(F)cc(F)c1,SPC-6,missing,
14,14,O=c1[nH]c(=O)n(CCC(CO)CO)cc1C#Cc1cc(F)cc(F)c1,VPC-4,missing,
14,14,O=c1[nH]c(=O)n(CCC(CO)CO)cc1C#Cc1cc(F)cc(F)c1,VPC-5,missing,
14,14,O=c1[nH]c(=O)n(CCC(CO)CO)cc1C#Cc1cc(F)cc(F)c1,VPC-6,missing,
14,14,O=c1[nH]c(=O)n(CCC(CO)CO)cc1C#Cc1cc(F)cc(F)c1,SP-0,missing,
14,14,O=c1[nH]c(=O)n(CCC(CO)CO)cc1C#Cc1cc(F)cc(F)c1,SP-1,missing,
14,14,O=c1[nH]c(=O)n(CCC(CO)CO)cc1C#Cc1cc(F)cc(F)c1,SP-2,missing,
14,14,O=c1[nH]c(=O)n(CCC(CO)CO)cc1C#Cc1cc(F)cc(F)c1,SP-3,missing,
14,14,O=c1[nH]c(=O)n(CCC(CO)CO)cc1C#Cc1cc(F)cc(F)c1,SP-4,missing,
14,14,O=c1[nH]c(=O)n(CCC(CO)CO)cc1C#Cc1cc(F)cc(F)c1,SP-5,missing,
14,14,O=c1[nH]c(=O)n(CCC(CO)CO)cc1C#Cc1cc(F)cc(F)c1,SP-6,missing,
14,14,O=c1[nH]c(=O)n(CCC(CO)CO)cc1C#Cc1cc(F)cc(F)c1,SP-7,missing,
14,14,O=c1[nH]c(=O)n(CCC(CO)CO)cc1C#Cc1cc(F)cc(F)c1,ASP-0,missing,
14,14,O=c1[nH]c(=O)n(CCC(CO)CO)cc1C#Cc1cc(F)cc(F)c1,ASP-1,missing,
14,14,O=c1[nH]c(=O)n(CCC(CO)CO)cc1C#Cc1cc(F)cc(F)c1,ASP-2,missing,
14,14,O=c1[nH]c(=O)n(CCC(CO)CO)cc1C#Cc1cc(F)cc(F)c1,ASP-3,missing,
14,14,O=c1[nH]c(=O)n(CCC(CO)CO)cc1C#Cc1cc(F)cc(F)c1,ASP-4,missing,
14,14,O=c1[nH]c(=O)n(CCC(CO)CO)cc1C#Cc1cc(F)cc(F)c1,ASP-5,missing,
14,14,O=c1[nH]c(=O)n(CCC(CO)CO)cc1C#Cc1cc(F)cc(F)c1,ASP-6,missing,
14,14,O=c1[nH]c(=O)n(CCC(CO)CO)cc1C#Cc1cc(F)cc(F)c1,ASP-7,missing,
14,14,O=c1[nH]c(=O)n(CCC(CO)CO)cc1C#Cc1cc(F)cc(F)c1,VP-0,missing,
14,14,O=c1[nH]c(=O)n(CCC(CO)CO)cc1C#Cc1cc(F)cc(F)c1,VP-1,missing,
14,14,O=c1[nH]c(=O)n(CCC(CO)CO)cc1C#Cc1cc(F)cc(F)c1,VP-2,missing,
14,14,O=c1[nH]c(=O)n(CCC(CO)CO)cc1C#Cc1cc(F)cc(F)c1,VP-3,missing,
14,14,O=c1[nH]c(=O)n(CCC(CO)CO)cc1C#Cc1cc(F)cc(F)c1,VP-4,missing,
14,14,O=c1[nH]c(=O)n(CCC(CO)CO)cc1C#Cc1cc(F)cc(F)c1,VP-5,missing,
14,14,O=c1[nH]c(=O)n(CCC(CO)CO)cc1C#Cc1cc(F)cc(F)c1,VP-6,missing,
14,14,O=c1[nH]c(=O)n(CCC(CO)CO)cc1C#Cc1cc(F)cc(F)c1,VP-7,missing,
14,14,O=c1[nH]c(=O)n(CCC(CO)CO)cc1C#Cc1cc(F)cc(F)c1,AVP-0,missing,
14,14,O=c1[nH]c(=O)n(CCC(CO)CO)cc1C#Cc1cc(F)cc(F)c1,AVP-1,missing,
14,14,O=c1[nH]c(=O)n(CCC(CO)CO)cc1C#Cc1cc(F)cc(F)c1,AVP-2,missing,
14,14,O=c1[nH]c(=O)n(CCC(CO)CO)cc1C#Cc1cc(F)cc(F)c1,AVP-3,missing,
14,14,O=c1[nH]c(=O)n(CCC(CO)CO)cc1C#Cc1cc(F)cc(F)c1,AVP-4,missing,
14,14,O=c1[nH]c(=O)n(CCC(CO)CO)cc1C#Cc1cc(F)cc(F)c1,AVP-5,missing,
14,14,O=c1[nH]c(=O)n(CCC(CO)CO)cc1C#Cc1cc(F)cc(F)c1,AVP-6,missing,
14,14,O=c1[nH]c(=O)n(CCC(CO)CO)cc1C#Cc1cc(F)cc(F)c1,AVP-7,missing,
14,14,O=c1[nH]c(=O)n(CCC(CO)CO)cc1C#Cc1cc(F)cc(F)c1,VABC,missing,
15,15,O=c1[nH]c(=O)n(CCC(CO)CO)cc1-c1cccs1,BCUTw-1l,missing,
15,15,O=c1[nH]c(=O)n(CCC(CO)CO)cc1-c1cccs1,BCUTw-1h,missing,
15,15,O=c1[nH]c(=O)n(CCC(CO)CO)cc1-c1cccs1,BCUTc-1l,missing,
15,15,O=c1[nH]c(=O)n(CCC(CO)CO)cc1-c1cccs1,BCUTc-1h,missing,
15,15,O=c1[nH]c(=O)n(CCC(CO)CO)cc1-c1cccs1,BCUTp-1l,missing,
15,15,O=c1[nH]c(=O)n(CCC(CO)CO)cc1-c1cccs1,BCUTp-1h,missing,
15,15,O=c1[nH]c(=O)n(CCC(CO)CO)cc1-c1cccs1,SCH-3,missing,
15,15,O=c1[nH]c(=O)n(CCC(CO)CO)cc1-c1cccs1,SCH-4,missing,
15,15,O=c1[nH]c(=O)n(CCC(CO)CO)cc1-c1cccs1,SCH-5,missing,
15,15,O=c1[nH]c(=O)n(CCC(CO)CO)cc1-c1cccs1,SCH-6,missing,
15,15,O=c1[nH]c(=O)n(CCC(CO)CO)cc1-c1cccs1,SCH-7,missing,
15,15,O=c1[nH]c(=O)n(CCC(CO)CO)cc1-c1cccs1,VCH-3,missing,
15,15,O=c1[nH]c(=O)n(CCC(CO)CO)cc1-c1cccs1,VCH-4,missing,
15,15,O=c1[nH]c(=O)n(CCC(CO)CO)cc1-c1cccs1,VCH-5,missing,
15,15,O=c1[nH]c(=O)n(CCC(CO)CO)cc1-c1cccs1,VCH-6,missing,
15,15,O=c1[nH]c(=O)n(CCC(CO)CO)cc1-c1cccs1,VCH-7,missing,
15,15,O=c1[nH]c(=O)n(CCC(CO)CO)cc1-c1cccs1,SC-3,missing,
15,15,O=c1[nH]c(=O)n(CCC(CO)CO)cc1-c1cccs1,SC-4,missing,
15,15,O=c1[nH]c(=O)n(CCC(CO)CO)cc1-c1cccs1,SC-5,missing,
15,15,O=c1[nH]c(=O)n(CCC(CO)CO)cc1-c1cccs1,SC-6,missing,
15,15,O=c1[nH]c(=O)n(CCC(CO)CO)cc1-c1cccs1,VC-3,missing,
15,15,O=c1[nH]c(=O)n(CCC(CO)CO)cc1-c1cccs1,VC-4,missing,
15,15,O=c1[nH]c(=O)n(CCC(CO)CO)cc1-c1cccs1,VC-5,missing,
15,15,O=c1[nH]c(=O)n(CCC(CO)CO)cc1-c1cccs1,VC-6,missing,
15,15,O=c1[nH]c(=O)n(CCC(CO)CO)cc1-c1cccs1,SPC-4,missing,
15,15,O=c1[nH]c(=O)n(CCC(CO)CO)cc1-c1cccs1,SPC-5,missing,
15,15,O=c1[nH]c(=O)n(CCC(CO)CO)cc1-c1cccs1,SPC-6,missing,
15,15,O=c1[nH]c(=O)n(CCC(CO)CO)cc1-c1cccs1,VPC-4,missing,
15,15,O=c1[nH]c(=O)n(CCC(CO)CO)cc1-c1cccs1,VPC-5,missing,
15,15,O=c1[nH]c(=O)n(CCC(CO)CO)cc1-c1cccs1,VPC-6,missing,
15,15,O=c1[nH]c(=O)n(CCC(CO)CO)cc1-c1cccs1,SP-0,missing,
15,15,O=c1[nH]c(=O)n(CCC(CO)CO)cc1-c1cccs1,SP-1,missing,
15,15,O=c1[nH]c(=O)n(CCC(CO)CO)cc1-c1cccs1,SP-2,missing,
15,15,O=c1[nH]c(=O)n(CCC(CO)CO)cc1-c1cccs1,SP-3,missing,
15,15,O=c1[nH]c(=O)n(CCC(CO)CO)cc1-c1cccs1,SP-4,missing,
15,15,O=c1[nH]c(=O)n(CCC(CO)CO)cc1-c1cccs1,SP-5,missing,
15,15,O=c1[nH]c(=O)n(CCC(CO)CO)cc1-c1cccs1,SP-6,missing,
15,15,O=c1[nH]c(=O)n(CCC(CO)CO)cc1-c1cccs1,SP-7,missing,
15,15,O=c1[nH]c(=O)n(CCC(CO)CO)cc1-c1cccs1,ASP-0,missing,
15,15,O=c1[nH]c(=O)n(CCC(CO)CO)cc1-c1cccs1,ASP-1,missing,
15,15,O=c1[nH]c(=O)n(CCC(CO)CO)cc1-c1cccs1,ASP-2,missing,
15,15,O=c1[nH]c(=O)n(CCC(CO)CO)cc1-c1cccs1,ASP-3,missing,
15,15,O=c1[nH]c(=O)n(CCC(CO)CO)cc1-c1cccs1,ASP-4,missing,
15,15,O=c1[nH]c(=O)n(CCC(CO)CO)cc1-c1cccs1,ASP-5,missing,
15,15,O=c1[nH]c(=O)n(CCC(CO)CO)cc1-c1cccs1,ASP-6,missing,
15,15,O=c1[nH]c(=O)n(CCC(CO)CO)cc1-c1cccs1,ASP-7,missing,
15,15,O=c1[nH]c(=O)n(CCC(CO)CO)cc1-c1cccs1,VP-0,missing,
15,15,O=c1[nH]c(=O)n(CCC(CO)CO)cc1-c1cccs1,VP-1,missing,
15,15,O=c1[nH]c(=O)n(CCC(CO)CO)cc1-c1cccs1,VP-2,missing,
15,15,O=c1[nH]c(=O)n(CCC(CO)CO)cc1-c1cccs1,VP-3,missing,
15,15,O=c1[nH]c(=O)n(CCC(CO)CO)cc1-c1cccs1,VP-4,missing,
15,15,O=c1[nH]c(=O)n(CCC(CO)CO)cc1-c1cccs1,VP-5,missing,
15,15,O=c1[nH]c(=O)n(CCC(CO)CO)cc1-c1cccs1,VP-6,missing,
15,15,O=c1[nH]c(=O)n(CCC(CO)CO)cc1-c1cccs1,VP-7,missing,
15,15,O=c1[nH]c(=O)n(CCC(CO)CO)cc1-c1cccs1,AVP-0,missing,
15,15,O=c1[nH]c(=O)n(CCC(CO)CO)cc1-c1cccs1,AVP-1,missing,
15,15,O=c1[nH]c(=O)n(CCC(CO)CO)cc1-c1cccs1,AVP-2,missing,
15,15,O=c1[nH]c(=O)n(CCC(CO)CO)cc1-c1cccs1,AVP-3,missing,
15,15,O=c1[nH]c(=O)n(CCC(CO)CO)cc1-c1cccs1,AVP-4,missing,
15,15,O=c1[nH]c(=O)n(CCC(CO)CO)cc1-c1cccs1,AVP-5,missing,
15,15,O=c1[nH]c(=O)n(CCC(CO)CO)cc1-c1cccs1,AVP-6,missing,
15,15,O=c1[nH]c(=O)n(CCC(CO)CO)cc1-c1cccs1,AVP-7,missing,
15,15,O=c1[nH]c(=O)n(CCC(CO)CO)cc1-c1cccs1,VABC,missing,
16,16,CCCCC[C@H](O)c1cc2cn(C/C=C3\OC(=O)C(OCc4ccccc4)=C3OCc3ccccc3)c(=O)nc2o1,BCUTw-1l,missing,
16,16,CCCCC[C@H](O)c1cc2cn(C/C=C3\OC(=O)C(OCc4ccccc4)=C3OCc3ccccc3)c(=O)nc2o1,BCUTw-1h,missing,
16,16,CCCCC[C@H](O)c1cc2cn(C/C=C3\OC(=O)C(OCc4ccccc4)=C3OCc3ccccc3)c(=O)nc2o1,BCUTc-1l,missing,
16,16,CCCCC[C@H](O)c1cc2cn(C/C=C3\OC(=O)C(OCc4ccccc4)=C3OCc3ccccc3)c(=O)nc2o1,BCUTc-1h,missing,
16,16,CCCCC[C@H](O)c1cc2cn(C/C=C3\OC(=O)C(OCc4ccccc4)=C3OCc3ccccc3)c(=O)nc2o1,BCUTp-1l,missing,
16,16,CCCCC[C@H](O)c1cc2cn(C/C=C3\OC(=O)C(OCc4ccccc4)=C3OCc3ccccc3)c(=O)nc2o1,BCUTp-1h,missing,
16,16,CCCCC[C@H](O)c1cc2cn(C/C=C3\OC(=O)C(OCc4ccccc4)=C3OCc3ccccc3)c(=O)nc2o1,SCH-3,missing,
16,16,CCCCC[C@H](O)c1cc2cn(C/C=C3\OC(=O)C(OCc4ccccc4)=C3OCc3ccccc3)c(=O)nc2o1,SCH-4,missing,
16,16,CCCCC[C@H](O)c1cc2cn(C/C=C3\OC(=O)C(OCc4ccccc4)=C3OCc3ccccc3)c(=O)nc2o1,SCH-5,missing,
16,16,CCCCC[C@H](O)c1cc2cn(C/C=C3\OC(=O)C(OCc4ccccc4)=C3OCc3ccccc3)c(=O)nc2o1,SCH-6,missing,
16,16,CCCCC[C@H](O)c1cc2cn(C/C=C3\OC(=O)C(OCc4ccccc4)=C3OCc3ccccc3)c(=O)nc2o1,SCH-7,missing,
16,16,CCCCC[C@H](O)c1cc2cn(C/C=C3\OC(=O)C(OCc4ccccc4)=C3OCc3ccccc3)c(=O)nc2o1,VCH-3,missing,
16,16,CCCCC[C@H](O)c1cc2cn(C/C=C3\OC(=O)C(OCc4ccccc4)=C3OCc3ccccc3)c(=O)nc2o1,VCH-4,missing,
16,16,CCCCC[C@H](O)c1cc2cn(C/C=C3\OC(=O)C(OCc4ccccc4)=C3OCc3ccccc3)c(=O)nc2o1,VCH-5,missing,
16,16,CCCCC[C@H](O)c1cc2cn(C/C=C3\OC(=O)C(OCc4ccccc4)=C3OCc3ccccc3)c(=O)nc2o1,VCH-6,missing,
16,16,CCCCC[C@H](O)c1cc2cn(C/C=C3\OC(=O)C(OCc4ccccc4)=C3OCc3ccccc3)c(=O)nc2o1,VCH-7,missing,
16,16,CCCCC[C@H](O)c1cc2cn(C/C=C3\OC(=O)C(OCc4ccccc4)=C3OCc3ccccc3)c(=O)nc2o1,SC-3,missing,
16,16,CCCCC[C@H](O)c1cc2cn(C/C=C3\OC(=O)C(OCc4ccccc4)=C3OCc3ccccc3)c(=O)nc2o1,SC-4,missing,
16,16,CCCCC[C@H](O)c1cc2cn(C/C=C3\OC(=O)C(OCc4ccccc4)=C3OCc3ccccc3)c(=O)nc2o1,SC-5,missing,
16,16,CCCCC[C@H](O)c1cc2cn(C/C=C3\OC(=O)C(OCc4ccccc4)=C3OCc3ccccc3)c(=O)nc2o1,SC-6,missing,
16,16,CCCCC[C@H](O)c1cc2cn(C/C=C3\OC(=O)C(OCc4ccccc4)=C3OCc3ccccc3)c(=O)nc2o1,VC-3,missing,
16,16,CCCCC[C@H](O)c1cc2cn(C/C=C3\OC(=O)C(OCc4ccccc4)=C3OCc3ccccc3)c(=O)nc2o1,VC-4,missing,
16,16,CCCCC[C@H](O)c1cc2cn(C/C=C3\OC(=O)C(OCc4ccccc4)=C3OCc3ccccc3)c(=O)nc2o1,VC-5,missing,
16,16,CCCCC[C@H](O)c1cc2cn(C/C=C3\OC(=O)C(OCc4ccccc4)=C3OCc3ccccc3)c(=O)nc2o1,VC-6,missing,
16,16,CCCCC[C@H](O)c1cc2cn(C/C=C3\OC(=O)C(OCc4ccccc4)=C3OCc3ccccc3)c(=O)nc2o1,SPC-4,missing,
16,16,CCCCC[C@H](O)c1cc2cn(C/C=C3\OC(=O)C(OCc4ccccc4)=C3OCc3ccccc3)c(=O)nc2o1,SPC-5,missing,
16,16,CCCCC[C@H](O)c1cc2cn(C/C=C3\OC(=O)C(OCc4ccccc4)=C3OCc3ccccc3)c(=O)nc2o1,SPC-6,missing,
16,16,CCCCC[C@H](O)c1cc2cn(C/C=C3\OC(=O)C(OCc4ccccc4)=C3OCc3ccccc3)c(=O)nc2o1,VPC-4,missing,
16,16,CCCCC[C@H](O)c1cc2cn(C/C=C3\OC(=O)C(OCc4ccccc4)=C3OCc3ccccc3)c(=O)nc2o1,VPC-5,missing,
16,16,CCCCC[C@H](O)c1cc2cn(C/C=C3\OC(=O)C(OCc4ccccc4)=C3OCc3ccccc3)c(=O)nc2o1,VPC-6,missing,
16,16,CCCCC[C@H](O)c1cc2cn(C/C=C3\OC(=O)C(OCc4ccccc4)=C3OCc3ccccc3)c(=O)nc2o1,SP-0,missing,
16,16,CCCCC[C@H](O)c1cc2cn(C/C=C3\OC(=O)C(OCc4ccccc4)=C3OCc3ccccc3)c(=O)nc2o1,SP-1,missing,
16,16,CCCCC[C@H](O)c1cc2cn(C/C=C3\OC(=O)C(OCc4ccccc4)=C3OCc3ccccc3)c(=O)nc2o1,SP-2,missing,
16,16,CCCCC[C@H](O)c1cc2cn(C/C=C3\OC(=O)C(OCc4ccccc4)=C3OCc3ccccc3)c(=O)nc2o1,SP-3,missing,
16,16,CCCCC[C@H](O)c1cc2cn(C/C=C3\OC(=O)C(OCc4ccccc4)=C3OCc3ccccc3)c(=O)nc2o1,SP-4,missing,
16,16,CCCCC[C@H](O)c1cc2cn(C/C=C3\OC(=O)C(OCc4ccccc4)=C3OCc3ccccc3)c(=O)nc2o1,SP-5,missing,
16,16,CCCCC[C@H](O)c1cc2cn(C/C=C3\OC(=O)C(OCc4ccccc4)=C3OCc3ccccc3)c(=O)nc2o1,SP-6,missing,
16,16,CCCCC[C@H](O)c1cc2cn(C/C=C3\OC(=O)C(OCc4ccccc4)=C3OCc3ccccc3)c(=O)nc2o1,SP-7,missing,
16,16,CCCCC[C@H](O)c1cc2cn(C/C=C3\OC(=O)C(OCc4ccccc4)=C3OCc3ccccc3)c(=O)nc2o1,ASP-0,missing,
16,16,CCCCC[C@H](O)c1cc2cn(C/C=C3\OC(=O)C(OCc4ccccc4)=C3OCc3ccccc3)c(=O)nc2o1,ASP-1,missing,
16,16,CCCCC[C@H](O)c1cc2cn(C/C=C3\OC(=O)C(OCc4ccccc4)=C3OCc3ccccc3)c(=O)nc2o1,ASP-2,missing,
16,16,CCCCC[C@H](O)c1cc2cn(C/C=C3\OC(=O)C(OCc4ccccc4)=C3OCc3ccccc3)c(=O)nc2o1,ASP-3,missing,
16,16,CCCCC[C@H](O)c1cc2cn(C/C=C3\OC(=O)C(OCc4ccccc4)=C3OCc3ccccc3)c(=O)nc2o1,ASP-4,missing,
16,16,CCCCC[C@H](O)c1cc2cn(C/C=C3\OC(=O)C(OCc4ccccc4)=C3OCc3ccccc3)c(=O)nc2o1,ASP-5,missing,
16,16,CCCCC[C@H](O)c1cc2cn(C/C=C3\OC(=O)C(OCc4ccccc4)=C3OCc3ccccc3)c(=O)nc2o1,ASP-6,missing,
16,16,CCCCC[C@H](O)c1cc2cn(C/C=C3\OC(=O)C(OCc4ccccc4)=C3OCc3ccccc3)c(=O)nc2o1,ASP-7,missing,
16,16,CCCCC[C@H](O)c1cc2cn(C/C=C3\OC(=O)C(OCc4ccccc4)=C3OCc3ccccc3)c(=O)nc2o1,VP-0,missing,
16,16,CCCCC[C@H](O)c1cc2cn(C/C=C3\OC(=O)C(OCc4ccccc4)=C3OCc3ccccc3)c(=O)nc2o1,VP-1,missing,
16,16,CCCCC[C@H](O)c1cc2cn(C/C=C3\OC(=O)C(OCc4ccccc4)=C3OCc3ccccc3)c(=O)nc2o1,VP-2,missing,
16,16,CCCCC[C@H](O)c1cc2cn(C/C=C3\OC(=O)C(OCc4ccccc4)=C3OCc3ccccc3)c(=O)nc2o1,VP-3,missing,
16,16,CCCCC[C@H](O)c1cc2cn(C/C=C3\OC(=O)C(OCc4ccccc4)=C3OCc3ccccc3)c(=O)nc2o1,VP-4,missing,
16,16,CCCCC[C@H](O)c1cc2cn(C/C=C3\OC(=O)C(OCc4ccccc4)=C3OCc3ccccc3)c(=O)nc2o1,VP-5,missing,
16,16,CCCCC[C@H](O)c1cc2cn(C/C=C3\OC(=O)C(OCc4ccccc4)=C3OCc3ccccc3)c(=O)nc2o1,VP-6,missing,
16,16,CCCCC[C@H](O)c1cc2cn(C/C=C3\OC(=O)C(OCc4ccccc4)=C3OCc3ccccc3)c(=O)nc2o1,VP-7,missing,
16,16,CCCCC[C@H](O)c1cc2cn(C/C=C3\OC(=O)C(OCc4ccccc4)=C3OCc3ccccc3)c(=O)nc2o1,AVP-0,missing,
16,16,CCCCC[C@H](O)c1cc2cn(C/C=C3\OC(=O)C(OCc4ccccc4)=C3OCc3ccccc3)c(=O)nc2o1,AVP-1,missing,
16,16,CCCCC[C@H](O)c1cc2cn(C/C=C3\OC(=O)C(OCc4ccccc4)=C3OCc3ccccc3)c(=O)nc2o1,AVP-2,missing,
16,16,CCCCC[C@H](O)c1cc2cn(C/C=C3\OC(=O)C(OCc4ccccc4)=C3OCc3ccccc3)c(=O)nc2o1,AVP-3,missing,
16,16,CCCCC[C@H](O)c1cc2cn(C/C=C3\OC(=O)C(OCc4ccccc4)=C3OCc3ccccc3)c(=O)nc2o1,AVP-4,missing,
16,16,CCCCC[C@H](O)c1cc2cn(C/C=C3\OC(=O)C(OCc4ccccc4)=C3OCc3ccccc3)c(=O)nc2o1,AVP-5,missing,
16,16,CCCCC[C@H](O)c1cc2cn(C/C=C3\OC(=O)C(OCc4ccccc4)=C3OCc3ccccc3)c(=O)nc2o1,AVP-6,missing,
16,16,CCCCC[C@H](O)c1cc2cn(C/C=C3\OC(=O)C(OCc4ccccc4)=C3OCc3ccccc3)c(=O)nc2o1,AVP-7,missing,
16,16,CCCCC[C@H](O)c1cc2cn(C/C=C3\OC(=O)C(OCc4ccccc4)=C3OCc3ccccc3)c(=O)nc2o1,VABC,missing,
17,17,CCCCCCCCC#Cc1cn(C/C=C2\OC(=O)C(OCc3ccccc3)=C2OCc2ccccc2)c(=O)[nH]c1=O,BCUTw-1l,missing,
17,17,CCCCCCCCC#Cc1cn(C/C=C2\OC(=O)C(OCc3ccccc3)=C2OCc2ccccc2)c(=O)[nH]c1=O,BCUTw-1h,missing,
17,17,CCCCCCCCC#Cc1cn(C/C=C2\OC(=O)C(OCc3ccccc3)=C2OCc2ccccc2)c(=O)[nH]c1=O,BCUTc-1l,missing,
17,17,CCCCCCCCC#Cc1cn(C/C=C2\OC(=O)C(OCc3ccccc3)=C2OCc2ccccc2)c(=O)[nH]c1=O,BCUTc-1h,missing,
17,17,CCCCCCCCC#Cc1cn(C/C=C2\OC(=O)C(OCc3ccccc3)=C2OCc2ccccc2)c(=O)[nH]c1=O,BCUTp-1l,missing,
17,17,CCCCCCCCC#Cc1cn(C/C=C2\OC(=O)C(OCc3ccccc3)=C2OCc2ccccc2)c(=O)[nH]c1=O,BCUTp-1h,missing,
17,17,CCCCCCCCC#Cc1cn(C/C=C2\OC(=O)C(OCc3ccccc3)=C2OCc2ccccc2)c(=O)[nH]c1=O,SCH-3,missing,
17,17,CCCCCCCCC#Cc1cn(C/C=C2\OC(=O)C(OCc3ccccc3)=C2OCc2ccccc2)c(=O)[nH]c1=O,SCH-4,missing,
17,17,CCCCCCCCC#Cc1cn(C/C=C2\OC(=O)C(OCc3ccccc3)=C2OCc2ccccc2)c(=O)[nH]c1=O,SCH-5,missing,
17,17,CCCCCCCCC#Cc1cn(C/C=C2\OC(=O)C(OCc3ccccc3)=C2OCc2ccccc2)c(=O)[nH]c1=O,SCH-6,missing,
17,17,CCCCCCCCC#Cc1cn(C/C=C2\OC(=O)C(OCc3ccccc3)=C2OCc2ccccc2)c(=O)[nH]c1=O,SCH-7,missing,
17,17,CCCCCCCCC#Cc1cn(C/C=C2\OC(=O)C(OCc3ccccc3)=C2OCc2ccccc2)c(=O)[nH]c1=O,VCH-3,missing,
17,17,CCCCCCCCC#Cc1cn(C/C=C2\OC(=O)C(OCc3ccccc3)=C2OCc2ccccc2)c(=O)[nH]c1=O,VCH-4,missing,
17,17,CCCCCCCCC#Cc1cn(C/C=C2\OC(=O)C(OCc3ccccc3)=C2OCc2ccccc2)c(=O)[nH]c1=O,VCH-5,missing,
17,17,CCCCCCCCC#Cc1cn(C/C=C2\OC(=O)C(OCc3ccccc3)=C2OCc2ccccc2)c(=O)[nH]c1=O,VCH-6,missing,
17,17,CCCCCCCCC#Cc1cn(C/C=C2\OC(=O)C(OCc3ccccc3)=C2OCc2ccccc2)c(=O)[nH]c1=O,VCH-7,missing,
17,17,CCCCCCCCC#Cc1cn(C/C=C2\OC(=O)C(OCc3ccccc3)=C2OCc2ccccc2)c(=O)[nH]c1=O,SC-3,missing,
17,17,CCCCCCCCC#Cc1cn(C/C=C2\OC(=O)C(OCc3ccccc3)=C2OCc2ccccc2)c(=O)[nH]c1=O,SC-4,missing,
17,17,CCCCCCCCC#Cc1cn(C/C=C2\OC(=O)C(OCc3ccccc3)=C2OCc2ccccc2)c(=O)[nH]c1=O,SC-5,missing,
17,17,CCCCCCCCC#Cc1cn(C/C=C2\OC(=O)C(OCc3ccccc3)=C2OCc2ccccc2)c(=O)[nH]c1=O,SC-6,missing,
17,17,CCCCCCCCC#Cc1cn(C/C=C2\OC(=O)C(OCc3ccccc3)=C2OCc2ccccc2)c(=O)[nH]c1=O,VC-3,missing,
17,17,CCCCCCCCC#Cc1cn(C/C=C2\OC(=O)C(OCc3ccccc3)=C2OCc2ccccc2)c(=O)[nH]c1=O,VC-4,missing,
17,17,CCCCCCCCC#Cc1cn(C/C=C2\OC(=O)C(OCc3ccccc3)=C2OCc2ccccc2)c(=O)[nH]c1=O,VC-5,missing,
17,17,CCCCCCCCC#Cc1cn(C/C=C2\OC(=O)C(OCc3ccccc3)=C2OCc2ccccc2)c(=O)[nH]c1=O,VC-6,missing,
17,17,CCCCCCCCC#Cc1cn(C/C=C2\OC(=O)C(OCc3ccccc3)=C2OCc2ccccc2)c(=O)[nH]c1=O,SPC-4,missing,
17,17,CCCCCCCCC#Cc1cn(C/C=C2\OC(=O)C(OCc3ccccc3)=C2OCc2ccccc2)c(=O)[nH]c1=O,SPC-5,missing,
17,17,CCCCCCCCC#Cc1cn(C/C=C2\OC(=O)C(OCc3ccccc3)=C2OCc2ccccc2)c(=O)[nH]c1=O,SPC-6,missing,
17,17,CCCCCCCCC#Cc1cn(C/C=C2\OC(=O)C(OCc3ccccc3)=C2OCc2ccccc2)c(=O)[nH]c1=O,VPC-4,missing,
17,17,CCCCCCCCC#Cc1cn(C/C=C2\OC(=O)C(OCc3ccccc3)=C2OCc2ccccc2)c(=O)[nH]c1=O,VPC-5,missing,
17,17,CCCCCCCCC#Cc1cn(C/C=C2\OC(=O)C(OCc3ccccc3)=C2OCc2ccccc2)c(=O)[nH]c1=O,VPC-6,missing,
17,17,CCCCCCCCC#Cc1cn(C/C=C2\OC(=O)C(OCc3ccccc3)=C2OCc2ccccc2)c(=O)[nH]c1=O,SP-0,missing,
17,17,CCCCCCCCC#Cc1cn(C/C=C2\OC(=O)C(OCc3ccccc3)=C2OCc2ccccc2)c(=O)[nH]c1=O,SP-1,missing,
17,17,CCCCCCCCC#Cc1cn(C/C=C2\OC(=O)C(OCc3ccccc3)=C2OCc2ccccc2)c(=O)[nH]c1=O,SP-2,missing,
17,17,CCCCCCCCC#Cc1cn(C/C=C2\OC(=O)C(OCc3ccccc3)=C2OCc2ccccc2)c(=O)[nH]c1=O,SP-3,missing,
17,17,CCCCCCCCC#Cc1cn(C/C=C2\OC(=O)C(OCc3ccccc3)=C2OCc2ccccc2)c(=O)[nH]c1=O,SP-4,missing,
17,17,CCCCCCCCC#Cc1cn(C/C=C2\OC(=O)C(OCc3ccccc3)=C2OCc2ccccc2)c(=O)[nH]c1=O,SP-5,missing,
17,17,CCCCCCCCC#Cc1cn(C/C=C2\OC(=O)C(OCc3ccccc3)=C2OCc2ccccc2)c(=O)[nH]c1=O,SP-6,missing,
17,17,CCCCCCCCC#Cc1cn(C/C=C2\OC(=O)C(OCc3ccccc3)=C2OCc2ccccc2)c(=O)[nH]c1=O,SP-7,missing,
17,17,CCCCCCCCC#Cc1cn(C/C=C2\OC(=O)C(OCc3ccccc3)=C2OCc2ccccc2)c(=O)[nH]c1=O,ASP-0,missing,
17,17,CCCCCCCCC#Cc1cn(C/C=C2\OC(=O)C(OCc3ccccc3)=C2OCc2ccccc2)c(=O)[nH]c1=O,ASP-1,missing,
17,17,CCCCCCCCC#Cc1cn(C/C=C2\OC(=O)C(OCc3ccccc3)=C2OCc2ccccc2)c(=O)[nH]c1=O,ASP-2,missing,
17,17,CCCCCCCCC#Cc1cn(C/C=C2\OC(=O)C(OCc3ccccc3)=C2OCc2ccccc2)c(=O)[nH]c1=O,ASP-3,missing,
17,17,CCCCCCCCC#Cc1cn(C/C=C2\OC(=O)C(OCc3ccccc3)=C2OCc2ccccc2)c(=O)[nH]c1=O,ASP-4,missing,
17,17,CCCCCCCCC#Cc1cn(C/C=C2\OC(=O)C(OCc3ccccc3)=C2OCc2ccccc2)c(=O)[nH]c1=O,ASP-5,missing,
17,17,CCCCCCCCC#Cc1cn(C/C=C2\OC(=O)C(OCc3ccccc3)=C2OCc2ccccc2)c(=O)[nH]c1=O,ASP-6,missing,
17,17,CCCCCCCCC#Cc1cn(C/C=C2\OC(=O)C(OCc3ccccc3)=C2OCc2ccccc2)c(=O)[nH]c1=O,ASP-7,missing,
17,17,CCCCCCCCC#Cc1cn(C/C=C2\OC(=O)C(OCc3ccccc3)=C2OCc2ccccc2)c(=O)[nH]c1=O,VP-0,missing,
17,17,CCCCCCCCC#Cc1cn(C/C=C2\OC(=O)C(OCc3ccccc3)=C2OCc2ccccc2)c(=O)[nH]c1=O,VP-1,missing,
17,17,CCCCCCCCC#Cc1cn(C/C=C2\OC(=O)C(OCc3ccccc3)=C2OCc2ccccc2)c(=O)[nH]c1=O,VP-2,missing,
17,17,CCCCCCCCC#Cc1cn(C/C=C2\OC(=O)C(OCc3ccccc3)=C2OCc2ccccc2)c(=O)[nH]c1=O,VP-3,missing,
17,17,CCCCCCCCC#Cc1cn(C/C=C2\OC(=O)C(OCc3ccccc3)=C2OCc2ccccc2)c(=O)[nH]c1=O,VP-4,missing,
17,17,CCCCCCCCC#Cc1cn(C/C=C2\OC(=O)C(OCc3ccccc3)=C2OCc2ccccc2)c(=O)[nH]c1=O,VP-5,missing,
17,17,CCCCCCCCC#Cc1cn(C/C=C2\OC(=O)C(OCc3ccccc3)=C2OCc2ccccc2)c(=O)[nH]c1=O,VP-6,missing,
17,17,CCCCCCCCC#Cc1cn(C/C=C2\OC(=O)C(OCc3ccccc3)=C2OCc2ccccc2)c(=O)[nH]c1=O,VP-7,missing,
17,17,CCCCCCCCC#Cc1cn(C/C=C2\OC(=O)C(OCc3ccccc3)=C2OCc2ccccc2)c(=O)[nH]c1=O,AVP-0,missing,
17,17,CCCCCCCCC#Cc1cn(C/C=C2\OC(=O)C(OCc3ccccc3)=C2OCc2ccccc2)c(=O)[nH]c1=O,AVP-1,missing,
17,17,CCCCCCCCC#Cc1cn(C/C=C2\OC(=O)C(OCc3ccccc3)=C2OCc2ccccc2)c(=O)[nH]c1=O,AVP-2,missing,
17,17,CCCCCCCCC#Cc1cn(C/C=C2\OC(=O)C(OCc3ccccc3)=C2OCc2ccccc2)c(=O)[nH]c1=O,AVP-3,missing,
17,17,CCCCCCCCC#Cc1cn(C/C=C2\OC(=O)C(OCc3ccccc3)=C2OCc2ccccc2)c(=O)[nH]c1=O,AVP-4,missing,
17,17,CCCCCCCCC#Cc1cn(C/C=C2\OC(=O)C(OCc3ccccc3)=C2OCc2ccccc2)c(=O)[nH]c1=O,AVP-5,missing,
17,17,CCCCCCCCC#Cc1cn(C/C=C2\OC(=O)C(OCc3ccccc3)=C2OCc2ccccc2)c(=O)[nH]c1=O,AVP-6,missing,
17,17,CCCCCCCCC#Cc1cn(C/C=C2\OC(=O)C(OCc3ccccc3)=C2OCc2ccccc2)c(=O)[nH]c1=O,AVP-7,missing,
17,17,CCCCCCCCC#Cc1cn(C/C=C2\OC(=O)C(OCc3ccccc3)=C2OCc2ccccc2)c(=O)[nH]c1=O,VABC,missing,
18,18,CCCCC[C@H](O)C#Cc1cn(C/C=C2\OC(=O)C(OCc3ccccc3)=C2OCc2ccccc2)c(=O)[nH]c1=O,BCUTw-1l,missing,
18,18,CCCCC[C@H](O)C#Cc1cn(C/C=C2\OC(=O)C(OCc3ccccc3)=C2OCc2ccccc2)c(=O)[nH]c1=O,BCUTw-1h,missing,
18,18,CCCCC[C@H](O)C#Cc1cn(C/C=C2\OC(=O)C(OCc3ccccc3)=C2OCc2ccccc2)c(=O)[nH]c1=O,BCUTc-1l,missing,
18,18,CCCCC[C@H](O)C#Cc1cn(C/C=C2\OC(=O)C(OCc3ccccc3)=C2OCc2ccccc2)c(=O)[nH]c1=O,BCUTc-1h,missing,
18,18,CCCCC[C@H](O)C#Cc1cn(C/C=C2\OC(=O)C(OCc3ccccc3)=C2OCc2ccccc2)c(=O)[nH]c1=O,BCUTp-1l,missing,
18,18,CCCCC[C@H](O)C#Cc1cn(C/C=C2\OC(=O)C(OCc3ccccc3)=C2OCc2ccccc2)c(=O)[nH]c1=O,BCUTp-1h,missing,
18,18,CCCCC[C@H](O)C#Cc1cn(C/C=C2\OC(=O)C(OCc3ccccc3)=C2OCc2ccccc2)c(=O)[nH]c1=O,SCH-3,missing,
18,18,CCCCC[C@H](O)C#Cc1cn(C/C=C2\OC(=O)C(OCc3ccccc3)=C2OCc2ccccc2)c(=O)[nH]c1=O,SCH-4,missing,
18,18,CCCCC[C@H](O)C#Cc1cn(C/C=C2\OC(=O)C(OCc3ccccc3)=C2OCc2ccccc2)c(=O)[nH]c1=O,SCH-5,missing,
18,18,CCCCC[C@H](O)C#Cc1cn(C/C=C2\OC(=O)C(OCc3ccccc3)=C2OCc2ccccc2)c(=O)[nH]c1=O,SCH-6,missing,
18,18,CCCCC[C@H](O)C#Cc1cn(C/C=C2\OC(=O)C(OCc3ccccc3)=C2OCc2ccccc2)c(=O)[nH]c1=O,SCH-7,missing,
18,18,CCCCC[C@H](O)C#Cc1cn(C/C=C2\OC(=O)C(OCc3ccccc3)=C2OCc2ccccc2)c(=O)[nH]c1=O,VCH-3,missing,
18,18,CCCCC[C@H](O)C#Cc1cn(C/C=C2\OC(=O)C(OCc3ccccc3)=C2OCc2ccccc2)c(=O)[nH]c1=O,VCH-4,missing,
18,18,CCCCC[C@H](O)C#Cc1cn(C/C=C2\OC(=O)C(OCc3ccccc3)=C2OCc2ccccc2)c(=O)[nH]c1=O,VCH-5,missing,
18,18,CCCCC[C@H](O)C#Cc1cn(C/C=C2\OC(=O)C(OCc3ccccc3)=C2OCc2ccccc2)c(=O)[nH]c1=O,VCH-6,missing,
18,18,CCCCC[C@H](O)C#Cc1cn(C/C=C2\OC(=O)C(OCc3ccccc3)=C2OCc2ccccc2)c(=O)[nH]c1=O,VCH-7,missing,
18,18,CCCCC[C@H](O)C#Cc1cn(C/C=C2\OC(=O)C(OCc3ccccc3)=C2OCc2ccccc2)c(=O)[nH]c1=O,SC-3,missing,
18,18,CCCCC[C@H](O)C#Cc1cn(C/C=C2\OC(=O)C(OCc3ccccc3)=C2OCc2ccccc2)c(=O)[nH]c1=O,SC-4,missing,
18,18,CCCCC[C@H](O)C#Cc1cn(C/C=C2\OC(=O)C(OCc3ccccc3)=C2OCc2ccccc2)c(=O)[nH]c1=O,SC-5,missing,
18,18,CCCCC[C@H](O)C#Cc1cn(C/C=C2\OC(=O)C(OCc3ccccc3)=C2OCc2ccccc2)c(=O)[nH]c1=O,SC-6,missing,
18,18,CCCCC[C@H](O)C#Cc1cn(C/C=C2\OC(=O)C(OCc3ccccc3)=C2OCc2ccccc2)c(=O)[nH]c1=O,VC-3,missing,
18,18,CCCCC[C@H](O)C#Cc1cn(C/C=C2\OC(=O)C(OCc3ccccc3)=C2OCc2ccccc2)c(=O)[nH]c1=O,VC-4,missing,
18,18,CCCCC[C@H](O)C#Cc1cn(C/C=C2\OC(=O)C(OCc3ccccc3)=C2OCc2ccccc2)c(=O)[nH]c1=O,VC-5,missing,
18,18,CCCCC[C@H](O)C#Cc1cn(C/C=C2\OC(=O)C(OCc3ccccc3)=C2OCc2ccccc2)c(=O)[nH]c1=O,VC-6,missing,
18,18,CCCCC[C@H](O)C#Cc1cn(C/C=C2\OC(=O)C(OCc3ccccc3)=C2OCc2ccccc2)c(=O)[nH]c1=O,SPC-4,missing,
18,18,CCCCC[C@H](O)C#Cc1cn(C/C=C2\OC(=O)C(OCc3ccccc3)=C2OCc2ccccc2)c(=O)[nH]c1=O,SPC-5,missing,
18,18,CCCCC[C@H](O)C#Cc1cn(C/C=C2\OC(=O)C(OCc3ccccc3)=C2OCc2ccccc2)c(=O)[nH]c1=O,SPC-6,missing,
18,18,CCCCC[C@H](O)C#Cc1cn(C/C=C2\OC(=O)C(OCc3ccccc3)=C2OCc2ccccc2)c(=O)[nH]c1=O,VPC-4,missing,
18,18,CCCCC[C@H](O)C#Cc1cn(C/C=C2\OC(=O)C(OCc3ccccc3)=C2OCc2ccccc2)c(=O)[nH]c1=O,VPC-5,missing,
18,18,CCCCC[C@H](O)C#Cc1cn(C/C=C2\OC(=O)C(OCc3ccccc3)=C2OCc2ccccc2)c(=O)[nH]c1=O,VPC-6,missing,
18,18,CCCCC[C@H](O)C#Cc1cn(C/C=C2\OC(=O)C(OCc3ccccc3)=C2OCc2ccccc2)c(=O)[nH]c1=O,SP-0,missing,
18,18,CCCCC[C@H](O)C#Cc1cn(C/C=C2\OC(=O)C(OCc3ccccc3)=C2OCc2ccccc2)c(=O)[nH]c1=O,SP-1,missing,
18,18,CCCCC[C@H](O)C#Cc1cn(C/C=C2\OC(=O)C(OCc3ccccc3)=C2OCc2ccccc2)c(=O)[nH]c1=O,SP-2,missing,
18,18,CCCCC[C@H](O)C#Cc1cn(C/C=C2\OC(=O)C(OCc3ccccc3)=C2OCc2ccccc2)c(=O)[nH]c1=O,SP-3,missing,
18,18,CCCCC[C@H](O)C#Cc1cn(C/C=C2\OC(=O)C(OCc3ccccc3)=C2OCc2ccccc2)c(=O)[nH]c1=O,SP-4,missing,
18,18,CCCCC[C@H](O)C#Cc1cn(C/C=C2\OC(=O)C(OCc3ccccc3)=C2OCc2ccccc2)c(=O)[nH]c1=O,SP-5,missing,
18,18,CCCCC[C@H](O)C#Cc1cn(C/C=C2\OC(=O)C(OCc3ccccc3)=C2OCc2ccccc2)c(=O)[nH]c1=O,SP-6,missing,
18,18,CCCCC[C@H](O)C#Cc1cn(C/C=C2\OC(=O)C(OCc3ccccc3)=C2OCc2ccccc2)c(=O)[nH]c1=O,SP-7,missing,
18,18,CCCCC[C@H](O)C#Cc1cn(C/C=C2\OC(=O)C(OCc3ccccc3)=C2OCc2ccccc2)c(=O)[nH]c1=O,ASP-0,missing,
18,18,CCCCC[C@H](O)C#Cc1cn(C/C=C2\OC(=O)C(OCc3ccccc3)=C2OCc2ccccc2)c(=O)[nH]c1=O,ASP-1,missing,
18,18,CCCCC[C@H](O)C#Cc1cn(C/C=C2\OC(=O)C(OCc3ccccc3)=C2OCc2ccccc2)c(=O)[nH]c1=O,ASP-2,missing,
18,18,CCCCC[C@H](O)C#Cc1cn(C/C=C2\OC(=O)C(OCc3ccccc3)=C2OCc2ccccc2)c(=O)[nH]c1=O,ASP-3,missing,
18,18,CCCCC[C@H](O)C#Cc1cn(C/C=C2\OC(=O)C(OCc3ccccc3)=C2OCc2ccccc2)c(=O)[nH]c1=O,ASP-4,missing,
18,18,CCCCC[C@H](O)C#Cc1cn(C/C=C2\OC(=O)C(OCc3ccccc3)=C2OCc2ccccc2)c(=O)[nH]c1=O,ASP-5,missing,
18,18,CCCCC[C@H](O)C#Cc1cn(C/C=C2\OC(=O)C(OCc3ccccc3)=C2OCc2ccccc2)c(=O)[nH]c1=O,ASP-6,missing,
18,18,CCCCC[C@H](O)C#Cc1cn(C/C=C2\OC(=O)C(OCc3ccccc3)=C2OCc2ccccc2)c(=O)[nH]c1=O,ASP-7,missing,
18,18,CCCCC[C@H](O)C#Cc1cn(C/C=C2\OC(=O)C(OCc3ccccc3)=C2OCc2ccccc2)c(=O)[nH]c1=O,VP-0,missing,
18,18,CCCCC[C@H](O)C#Cc1cn(C/C=C2\OC(=O)C(OCc3ccccc3)=C2OCc2ccccc2)c(=O)[nH]c1=O,VP-1,missing,
18,18,CCCCC[C@H](O)C#Cc1cn(C/C=C2\OC(=O)C(OCc3ccccc3)=C2OCc2ccccc2)c(=O)[nH]c1=O,VP-2,missing,
18,18,CCCCC[C@H](O)C#Cc1cn(C/C=C2\OC(=O)C(OCc3ccccc3)=C2OCc2ccccc2)c(=O)[nH]c1=O,VP-3,missing,
18,18,CCCCC[C@H](O)C#Cc1cn(C/C=C2\OC(=O)C(OCc3ccccc3)=C2OCc2ccccc2)c(=O)[nH]c1=O,VP-4,missing,
18,18,CCCCC[C@H](O)C#Cc1cn(C/C=C2\OC(=O)C(OCc3ccccc3)=C2OCc2ccccc2)c(=O)[nH]c1=O,VP-5,missing,
18,18,CCCCC[C@H](O)C#Cc1cn(C/C=C2\OC(=O)C(OCc3ccccc3)=C2OCc2ccccc2)c(=O)[nH]c1=O,VP-6,missing,
18,18,CCCCC[C@H](O)C#Cc1cn(C/C=C2\OC(=O)C(OCc3ccccc3)=C2OCc2ccccc2)c(=O)[nH]c1=O,VP-7,missing,
18,18,CCCCC[C@H](O)C#Cc1cn(C/C=C2\OC(=O)C(OCc3ccccc3)=C2OCc2ccccc2)c(=O)[nH]c1=O,AVP-0,missing,
18,18,CCCCC[C@H](O)C#Cc1cn(C/C=C2\OC(=O)C(OCc3ccccc3)=C2OCc2ccccc2)c(=O)[nH]c1=O,AVP-1,missing,
18,18,CCCCC[C@H](O)C#Cc1cn(C/C=C2\OC(=O)C(OCc3ccccc3)=C2OCc2ccccc2)c(=O)[nH]c1=O,AVP-2,missing,
18,18,CCCCC[C@H](O)C#Cc1cn(C/C=C2\OC(=O)C(OCc3ccccc3)=C2OCc2ccccc2)c(=O)[nH]c1=O,AVP-3,missing,
18,18,CCCCC[C@H](O)C#Cc1cn(C/C=C2\OC(=O)C(OCc3ccccc3)=C2OCc2ccccc2)c(=O)[nH]c1=O,AVP-4,missing,
18,18,CCCCC[C@H](O)C#Cc1cn(C/C=C2\OC(=O)C(OCc3ccccc3)=C2OCc2ccccc2)c(=O)[nH]c1=O,AVP-5,missing,
18,18,CCCCC[C@H](O)C#Cc1cn(C/C=C2\OC(=O)C(OCc3ccccc3)=C2OCc2ccccc2)c(=O)[nH]c1=O,AVP-6,missing,
18,18,CCCCC[C@H](O)C#Cc1cn(C/C=C2\OC(=O)C(OCc3ccccc3)=C2OCc2ccccc2)c(=O)[nH]c1=O,AVP-7,missing,
18,18,CCCCC[C@H](O)C#Cc1cn(C/C=C2\OC(=O)C(OCc3ccccc3)=C2OCc2ccccc2)c(=O)[nH]c1=O,VABC,missing,
19,19,CCCCCCc1cc2cn(C/C=C3\OC(=O)C(OCc4ccccc4)=C3OCc3ccccc3)c(=O)nc2o1,BCUTw-1l,missing,
19,19,CCCCCCc1cc2cn(C/C=C3\OC(=O)C(OCc4ccccc4)=C3OCc3ccccc3)c(=O)nc2o1,BCUTw-1h,missing,
19,19,CCCCCCc1cc2cn(C/C=C3\OC(=O)C(OCc4ccccc4)=C3OCc3ccccc3)c(=O)nc2o1,BCUTc-1l,missing,
19,19,CCCCCCc1cc2cn(C/C=C3\OC(=O)C(OCc4ccccc4)=C3OCc3ccccc3)c(=O)nc2o1,BCUTc-1h,missing,
19,19,CCCCCCc1cc2cn(C/C=C3\OC(=O)C(OCc4ccccc4)=C3OCc3ccccc3)c(=O)nc2o1,BCUTp-1l,missing,
19,19,CCCCCCc1cc2cn(C/C=C3\OC(=O)C(OCc4ccccc4)=C3OCc3ccccc3)c(=O)nc2o1,BCUTp-1h,missing,
19,19,CCCCCCc1cc2cn(C/C=C3\OC(=O)C(OCc4ccccc4)=C3OCc3ccccc3)c(=O)nc2o1,SCH-3,missing,
19,19,CCCCCCc1cc2cn(C/C=C3\OC(=O)C(OCc4ccccc4)=C3OCc3ccccc3)c(=O)nc2o1,SCH-4,missing,
19,19,CCCCCCc1cc2cn(C/C=C3\OC(=O)C(OCc4ccccc4)=C3OCc3ccccc3)c(=O)nc2o1,SCH-5,missing,
19,19,CCCCCCc1cc2cn(C/C=C3\OC(=O)C(OCc4ccccc4)=C3OCc3ccccc3)c(=O)nc2o1,SCH-6,missing,
19,19,CCCCCCc1cc2cn(C/C=C3\OC(=O)C(OCc4ccccc4)=C3OCc3ccccc3)c(=O)nc2o1,SCH-7,missing,
19,19,CCCCCCc1cc2cn(C/C=C3\OC(=O)C(OCc4ccccc4)=C3OCc3ccccc3)c(=O)nc2o1,VCH-3,missing,
19,19,CCCCCCc1cc2cn(C/C=C3\OC(=O)C(OCc4ccccc4)=C3OCc3ccccc3)c(=O)nc2o1,VCH-4,missing,
19,19,CCCCCCc1cc2cn(C/C=C3\OC(=O)C(OCc4ccccc4)=C3OCc3ccccc3)c(=O)nc2o1,VCH-5,missing,
19,19,CCCCCCc1cc2cn(C/C=C3\OC(=O)C(OCc4ccccc4)=C3OCc3ccccc3)c(=O)nc2o1,VCH-6,missing,
19,19,CCCCCCc1cc2cn(C/C=C3\OC(=O)C(OCc4ccccc4)=C3OCc3ccccc3)c(=O)nc2o1,VCH-7,missing,
19,19,CCCCCCc1cc2cn(C/C=C3\OC(=O)C(OCc4ccccc4)=C3OCc3ccccc3)c(=O)nc2o1,SC-3,missing,
19,19,CCCCCCc1cc2cn(C/C=C3\OC(=O)C(OCc4ccccc4)=C3OCc3ccccc3)c(=O)nc2o1,SC-4,missing,
19,19,CCCCCCc1cc2cn(C/C=C3\OC(=O)C(OCc4ccccc4)=C3OCc3ccccc3)c(=O)nc2o1,SC-5,missing,
19,19,CCCCCCc1cc2cn(C/C=C3\OC(=O)C(OCc4ccccc4)=C3OCc3ccccc3)c(=O)nc2o1,SC-6,missing,
19,19,CCCCCCc1cc2cn(C/C=C3\OC(=O)C(OCc4ccccc4)=C3OCc3ccccc3)c(=O)nc2o1,VC-3,missing,
19,19,CCCCCCc1cc2cn(C/C=C3\OC(=O)C(OCc4ccccc4)=C3OCc3ccccc3)c(=O)nc2o1,VC-4,missing,
19,19,CCCCCCc1cc2cn(C/C=C3\OC(=O)C(OCc4ccccc4)=C3OCc3ccccc3)c(=O)nc2o1,VC-5,missing,
19,19,CCCCCCc1cc2cn(C/C=C3\OC(=O)C(OCc4ccccc4)=C3OCc3ccccc3)c(=O)nc2o1,VC-6,missing,
19,19,CCCCCCc1cc2cn(C/C=C3\OC(=O)C(OCc4ccccc4)=C3OCc3ccccc3)c(=O)nc2o1,SPC-4,missing,
19,19,CCCCCCc1cc2cn(C/C=C3\OC(=O)C(OCc4ccccc4)=C3OCc3ccccc3)c(=O)nc2o1,SPC-5,missing,
19,19,CCCCCCc1cc2cn(C/C=C3\OC(=O)C(OCc4ccccc4)=C3OCc3ccccc3)c(=O)nc2o1,SPC-6,missing,
19,19,CCCCCCc1cc2cn(C/C=C3\OC(=O)C(OCc4ccccc4)=C3OCc3ccccc3)c(=O)nc2o1,VPC-4,missing,
19,19,CCCCCCc1cc2cn(C/C=C3\OC(=O)C(OCc4ccccc4)=C3OCc3ccccc3)c(=O)nc2o1,VPC-5,missing,
19,19,CCCCCCc1cc2cn(C/C=C3\OC(=O)C(OCc4ccccc4)=C3OCc3ccccc3)c(=O)nc2o1,VPC-6,missing,
19,19,CCCCCCc1cc2cn(C/C=C3\OC(=O)C(OCc4ccccc4)=C3OCc3ccccc3)c(=O)nc2o1,SP-0,missing,
19,19,CCCCCCc1cc2cn(C/C=C3\OC(=O)C(OCc4ccccc4)=C3OCc3ccccc3)c(=O)nc2o1,SP-1,missing,
19,19,CCCCCCc1cc2cn(C/C=C3\OC(=O)C(OCc4ccccc4)=C3OCc3ccccc3)c(=O)nc2o1,SP-2,missing,
19,19,CCCCCCc1cc2cn(C/C=C3\OC(=O)C(OCc4ccccc4)=C3OCc3ccccc3)c(=O)nc2o1,SP-3,missing,
19,19,CCCCCCc1cc2cn(C/C=C3\OC(=O)C(OCc4ccccc4)=C3OCc3ccccc3)c(=O)nc2o1,SP-4,missing,
19,19,CCCCCCc1cc2cn(C/C=C3\OC(=O)C(OCc4ccccc4)=C3OCc3ccccc3)c(=O)nc2o1,SP-5,missing,
19,19,CCCCCCc1cc2cn(C/C=C3\OC(=O)C(OCc4ccccc4)=C3OCc3ccccc3)c(=O)nc2o1,SP-6,missing,
19,19,CCCCCCc1cc2cn(C/C=C3\OC(=O)C(OCc4ccccc4)=C3OCc3ccccc3)c(=O)nc2o1,SP-7,missing,
19,19,CCCCCCc1cc2cn(C/C=C3\OC(=O)C(OCc4ccccc4)=C3OCc3ccccc3)c(=O)nc2o1,ASP-0,missing,
19,19,CCCCCCc1cc2cn(C/C=C3\OC(=O)C(OCc4ccccc4)=C3OCc3ccccc3)c(=O)nc2o1,ASP-1,missing,
19,19,CCCCCCc1cc2cn(C/C=C3\OC(=O)C(OCc4ccccc4)=C3OCc3ccccc3)c(=O)nc2o1,ASP-2,missing,
19,19,CCCCCCc1cc2cn(C/C=C3\OC(=O)C(OCc4ccccc4)=C3OCc3ccccc3)c(=O)nc2o1,ASP-3,missing,
19,19,CCCCCCc1cc2cn(C/C=C3\OC(=O)C(OCc4ccccc4)=C3OCc3ccccc3)c(=O)nc2o1,ASP-4,missing,
19,19,CCCCCCc1cc2cn(C/C=C3\OC(=O)C(OCc4ccccc4)=C3OCc3ccccc3)c(=O)nc2o1,ASP-5,missing,
19,19,CCCCCCc1cc2cn(C/C=C3\OC(=O)C(OCc4ccccc4)=C3OCc3ccccc3)c(=O)nc2o1,ASP-6,missing,
19,19,CCCCCCc1cc2cn(C/C=C3\OC(=O)C(OCc4ccccc4)=C3OCc3ccccc3)c(=O)nc2o1,ASP-7,missing,
19,19,CCCCCCc1cc2cn(C/C=C3\OC(=O)C(OCc4ccccc4)=C3OCc3ccccc3)c(=O)nc2o1,VP-0,missing,
19,19,CCCCCCc1cc2cn(C/C=C3\OC(=O)C(OCc4ccccc4)=C3OCc3ccccc3)c(=O)nc2o1,VP-1,missing,
19,19,CCCCCCc1cc2cn(C/C=C3\OC(=O)C(OCc4ccccc4)=C3OCc3ccccc3)c(=O)nc2o1,VP-2,missing,
19,19,CCCCCCc1cc2cn(C/C=C3\OC(=O)C(OCc4ccccc4)=C3OCc3ccccc3)c(=O)nc2o1,VP-3,missing,
19,19,CCCCCCc1cc2cn(C/C=C3\OC(=O)C(OCc4ccccc4)=C3OCc3ccccc3)c(=O)nc2o1,VP-4,missing,
19,19,CCCCCCc1cc2cn(C/C=C3\OC(=O)C(OCc4ccccc4)=C3OCc3ccccc3)c(=O)nc2o1,VP-5,missing,
19,19,CCCCCCc1cc2cn(C/C=C3\OC(=O)C(OCc4ccccc4)=C3OCc3ccccc3)c(=O)nc2o1,VP-6,missing,
19,19,CCCCCCc1cc2cn(C/C=C3\OC(=O)C(OCc4ccccc4)=C3OCc3ccccc3)c(=O)nc2o1,VP-7,missing,
19,19,CCCCCCc1cc2cn(C/C=C3\OC(=O)C(OCc4ccccc4)=C3OCc3ccccc3)c(=O)nc2o1,AVP-0,missing,
19,19,CCCCCCc1cc2cn(C/C=C3\OC(=O)C(OCc4ccccc4)=C3OCc3ccccc3)c(=O)nc2o1,AVP-1,missing,
19,19,CCCCCCc1cc2cn(C/C=C3\OC(=O)C(OCc4ccccc4)=C3OCc3ccccc3)c(=O)nc2o1,AVP-2,missing,
19,19,CCCCCCc1cc2cn(C/C=C3\OC(=O)C(OCc4ccccc4)=C3OCc3ccccc3)c(=O)nc2o1,AVP-3,missing,
19,19,CCCCCCc1cc2cn(C/C=C3\OC(=O)C(OCc4ccccc4)=C3OCc3ccccc3)c(=O)nc2o1,AVP-4,missing,
19,19,CCCCCCc1cc2cn(C/C=C3\OC(=O)C(OCc4ccccc4)=C3OCc3ccccc3)c(=O)nc2o1,AVP-5,missing,
19,19,CCCCCCc1cc2cn(C/C=C3\OC(=O)C(OCc4ccccc4)=C3OCc3ccccc3)c(=O)nc2o1,AVP-6,missing,
19,19,CCCCCCc1cc2cn(C/C=C3\OC(=O)C(OCc4ccccc4)=C3OCc3ccccc3)c(=O)nc2o1,AVP-7,missing,
19,19,CCCCCCc1cc2cn(C/C=C3\OC(=O)C(OCc4ccccc4)=C3OCc3ccccc3)c(=O)nc2o1,VABC,missing,
20,20,O=C1O/C(=C\Cn2cc3cc(-c4ccc(Br)cc4)oc3nc2=O)C(OCc2ccccc2)=C1OCc1ccccc1,BCUTw-1l,missing,
20,20,O=C1O/C(=C\Cn2cc3cc(-c4ccc(Br)cc4)oc3nc2=O)C(OCc2ccccc2)=C1OCc1ccccc1,BCUTw-1h,missing,
20,20,O=C1O/C(=C\Cn2cc3cc(-c4ccc(Br)cc4)oc3nc2=O)C(OCc2ccccc2)=C1OCc1ccccc1,BCUTc-1l,missing,
20,20,O=C1O/C(=C\Cn2cc3cc(-c4ccc(Br)cc4)oc3nc2=O)C(OCc2ccccc2)=C1OCc1ccccc1,BCUTc-1h,missing,
20,20,O=C1O/C(=C\Cn2cc3cc(-c4ccc(Br)cc4)oc3nc2=O)C(OCc2ccccc2)=C1OCc1ccccc1,BCUTp-1l,missing,
20,20,O=C1O/C(=C\Cn2cc3cc(-c4ccc(Br)cc4)oc3nc2=O)C(OCc2ccccc2)=C1OCc1ccccc1,BCUTp-1h,missing,
20,20,O=C1O/C(=C\Cn2cc3cc(-c4ccc(Br)cc4)oc3nc2=O)C(OCc2ccccc2)=C1OCc1ccccc1,SCH-3,missing,
20,20,O=C1O/C(=C\Cn2cc3cc(-c4ccc(Br)cc4)oc3nc2=O)C(OCc2ccccc2)=C1OCc1ccccc1,SCH-4,missing,
20,20,O=C1O/C(=C\Cn2cc3cc(-c4ccc(Br)cc4)oc3nc2=O)C(OCc2ccccc2)=C1OCc1ccccc1,SCH-5,missing,
20,20,O=C1O/C(=C\Cn2cc3cc(-c4ccc(Br)cc4)oc3nc2=O)C(OCc2ccccc2)=C1OCc1ccccc1,SCH-6,missing,
20,20,O=C1O/C(=C\Cn2cc3cc(-c4ccc(Br)cc4)oc3nc2=O)C(OCc2ccccc2)=C1OCc1ccccc1,SCH-7,missing,
20,20,O=C1O/C(=C\Cn2cc3cc(-c4ccc(Br)cc4)oc3nc2=O)C(OCc2ccccc2)=C1OCc1ccccc1,VCH-3,missing,
20,20,O=C1O/C(=C\Cn2cc3cc(-c4ccc(Br)cc4)oc3nc2=O)C(OCc2ccccc2)=C1OCc1ccccc1,VCH-4,missing,
20,20,O=C1O/C(=C\Cn2cc3cc(-c4ccc(Br)cc4)oc3nc2=O)C(OCc2ccccc2)=C1OCc1ccccc1,VCH-5,missing,
20,20,O=C1O/C(=C\Cn2cc3cc(-c4ccc(Br)cc4)oc3nc2=O)C(OCc2ccccc2)=C1OCc1ccccc1,VCH-6,missing,
20,20,O=C1O/C(=C\Cn2cc3cc(-c4ccc(Br)cc4)oc3nc2=O)C(OCc2ccccc2)=C1OCc1ccccc1,VCH-7,missing,
20,20,O=C1O/C(=C\Cn2cc3cc(-c4ccc(Br)cc4)oc3nc2=O)C(OCc2ccccc2)=C1OCc1ccccc1,SC-3,missing,
20,20,O=C1O/C(=C\Cn2cc3cc(-c4ccc(Br)cc4)oc3nc2=O)C(OCc2ccccc2)=C1OCc1ccccc1,SC-4,missing,
20,20,O=C1O/C(=C\Cn2cc3cc(-c4ccc(Br)cc4)oc3nc2=O)C(OCc2ccccc2)=C1OCc1ccccc1,SC-5,missing,
20,20,O=C1O/C(=C\Cn2cc3cc(-c4ccc(Br)cc4)oc3nc2=O)C(OCc2ccccc2)=C1OCc1ccccc1,SC-6,missing,
20,20,O=C1O/C(=C\Cn2cc3cc(-c4ccc(Br)cc4)oc3nc2=O)C(OCc2ccccc2)=C1OCc1ccccc1,VC-3,missing,
20,20,O=C1O/C(=C\Cn2cc3cc(-c4ccc(Br)cc4)oc3nc2=O)C(OCc2ccccc2)=C1OCc1ccccc1,VC-4,missing,
20,20,O=C1O/C(=C\Cn2cc3cc(-c4ccc(Br)cc4)oc3nc2=O)C(OCc2ccccc2)=C1OCc1ccccc1,VC-5,missing,
20,20,O=C1O/C(=C\Cn2cc3cc(-c4ccc(Br)cc4)oc3nc2=O)C(OCc2ccccc2)=C1OCc1ccccc1,VC-6,missing,
20,20,O=C1O/C(=C\Cn2cc3cc(-c4ccc(Br)cc4)oc3nc2=O)C(OCc2ccccc2)=C1OCc1ccccc1,SPC-4,missing,
20,20,O=C1O/C(=C\Cn2cc3cc(-c4ccc(Br)cc4)oc3nc2=O)C(OCc2ccccc2)=C1OCc1ccccc1,SPC-5,missing,
20,20,O=C1O/C(=C\Cn2cc3cc(-c4ccc(Br)cc4)oc3nc2=O)C(OCc2ccccc2)=C1OCc1ccccc1,SPC-6,missing,
20,20,O=C1O/C(=C\Cn2cc3cc(-c4ccc(Br)cc4)oc3nc2=O)C(OCc2ccccc2)=C1OCc1ccccc1,VPC-4,missing,
20,20,O=C1O/C(=C\Cn2cc3cc(-c4ccc(Br)cc4)oc3nc2=O)C(OCc2ccccc2)=C1OCc1ccccc1,VPC-5,missing,
20,20,O=C1O/C(=C\Cn2cc3cc(-c4ccc(Br)cc4)oc3nc2=O)C(OCc2ccccc2)=C1OCc1ccccc1,VPC-6,missing,
20,20,O=C1O/C(=C\Cn2cc3cc(-c4ccc(Br)cc4)oc3nc2=O)C(OCc2ccccc2)=C1OCc1ccccc1,SP-0,missing,
20,20,O=C1O/C(=C\Cn2cc3cc(-c4ccc(Br)cc4)oc3nc2=O)C(OCc2ccccc2)=C1OCc1ccccc1,SP-1,missing,
20,20,O=C1O/C(=C\Cn2cc3cc(-c4ccc(Br)cc4)oc3nc2=O)C(OCc2ccccc2)=C1OCc1ccccc1,SP-2,missing,
20,20,O=C1O/C(=C\Cn2cc3cc(-c4ccc(Br)cc4)oc3nc2=O)C(OCc2ccccc2)=C1OCc1ccccc1,SP-3,missing,
20,20,O=C1O/C(=C\Cn2cc3cc(-c4ccc(Br)cc4)oc3nc2=O)C(OCc2ccccc2)=C1OCc1ccccc1,SP-4,missing,
20,20,O=C1O/C(=C\Cn2cc3cc(-c4ccc(Br)cc4)oc3nc2=O)C(OCc2ccccc2)=C1OCc1ccccc1,SP-5,missing,
20,20,O=C1O/C(=C\Cn2cc3cc(-c4ccc(Br)cc4)oc3nc2=O)C(OCc2ccccc2)=C1OCc1ccccc1,SP-6,missing,
20,20,O=C1O/C(=C\Cn2cc3cc(-c4ccc(Br)cc4)oc3nc2=O)C(OCc2ccccc2)=C1OCc1ccccc1,SP-7,missing,
20,20,O=C1O/C(=C\Cn2cc3cc(-c4ccc(Br)cc4)oc3nc2=O)C(OCc2ccccc2)=C1OCc1ccccc1,ASP-0,missing,
20,20,O=C1O/C(=C\Cn2cc3cc(-c4ccc(Br)cc4)oc3nc2=O)C(OCc2ccccc2)=C1OCc1ccccc1,ASP-1,missing,
20,20,O=C1O/C(=C\Cn2cc3cc(-c4ccc(Br)cc4)oc3nc2=O)C(OCc2ccccc2)=C1OCc1ccccc1,ASP-2,missing,
20,20,O=C1O/C(=C\Cn2cc3cc(-c4ccc(Br)cc4)oc3nc2=O)C(OCc2ccccc2)=C1OCc1ccccc1,ASP-3,missing,
20,20,O=C1O/C(=C\Cn2cc3cc(-c4ccc(Br)cc4)oc3nc2=O)C(OCc2ccccc2)=C1OCc1ccccc1,ASP-4,missing,
20,20,O=C1O/C(=C\Cn2cc3cc(-c4ccc(Br)cc4)oc3nc2=O)C(OCc2ccccc2)=C1OCc1ccccc1,ASP-5,missing,
20,20,O=C1O/C(=C\Cn2cc3cc(-c4ccc(Br)cc4)oc3nc2=O)C(OCc2ccccc2)=C1OCc1ccccc1,ASP-6,missing,
20,20,O=C1O/C(=C\Cn2cc3cc(-c4ccc(Br)cc4)oc3nc2=O)C(OCc2ccccc2)=C1OCc1ccccc1,ASP-7,missing,
20,20,O=C1O/C(=C\Cn2cc3cc(-c4ccc(Br)cc4)oc3nc2=O)C(OCc2ccccc2)=C1OCc1ccccc1,VP-0,missing,
20,20,O=C1O/C(=C\Cn2cc3cc(-c4ccc(Br)cc4)oc3nc2=O)C(OCc2ccccc2)=C1OCc1ccccc1,VP-1,missing,
20,20,O=C1O/C(=C\Cn2cc3cc(-c4ccc(Br)cc4)oc3nc2=O)C(OCc2ccccc2)=C1OCc1ccccc1,VP-2,missing,
20,20,O=C1O/C(=C\Cn2cc3cc(-c4ccc(Br)cc4)oc3nc2=O)C(OCc2ccccc2)=C1OCc1ccccc1,VP-3,missing,
20,20,O=C1O/C(=C\Cn2cc3cc(-c4ccc(Br)cc4)oc3nc2=O)C(OCc2ccccc2)=C1OCc1ccccc1,VP-4,missing,
20,20,O=C1O/C(=C\Cn2cc3cc(-c4ccc(Br)cc4)oc3nc2=O)C(OCc2ccccc2)=C1OCc1ccccc1,VP-5,missing,
20,20,O=C1O/C(=C\Cn2cc3cc(-c4ccc(Br)cc4)oc3nc2=O)C(OCc2ccccc2)=C1OCc1ccccc1,VP-6,missing,
20,20,O=C1O/C(=C\Cn2cc3cc(-c4ccc(Br)cc4)oc3nc2=O)C(OCc2ccccc2)=C1OCc1ccccc1,VP-7,missing,
20,20,O=C1O/C(=C\Cn2cc3cc(-c4ccc(Br)cc4)oc3nc2=O)C(OCc2ccccc2)=C1OCc1ccccc1,AVP-0,missing,
20,20,O=C1O/C(=C\Cn2cc3cc(-c4ccc(Br)cc4)oc3nc2=O)C(OCc2ccccc2)=C1OCc1ccccc1,AVP-1,missing,
20,20,O=C1O/C(=C\Cn2cc3cc(-c4ccc(Br)cc4)oc3nc2=O)C(OCc2ccccc2)=C1OCc1ccccc1,AVP-2,missing,
20,20,O=C1O/C(=C\Cn2cc3cc(-c4ccc(Br)cc4)oc3nc2=O)C(OCc2ccccc2)=C1OCc1ccccc1,AVP-3,missing,
20,20,O=C1O/C(=C\Cn2cc3cc(-c4ccc(Br)cc4)oc3nc2=O)C(OCc2ccccc2)=C1OCc1ccccc1,AVP-4,missing,
20,20,O=C1O/C(=C\Cn2cc3cc(-c4ccc(Br)cc4)oc3nc2=O)C(OCc2ccccc2)=C1OCc1ccccc1,AVP-5,missing,
20,20,O=C1O/C(=C\Cn2cc3cc(-c4ccc(Br)cc4)oc3nc2=O)C(OCc2ccccc2)=C1OCc1ccccc1,AVP-6,missing,
20,20,O=C1O/C(=C\Cn2cc3cc(-c4ccc(Br)cc4)oc3nc2=O)C(OCc2ccccc2)=C1OCc1ccccc1,AVP-7,missing,
20,20,O=C1O/C(=C\Cn2cc3cc(-c4ccc(Br)cc4)oc3nc2=O)C(OCc2ccccc2)=C1OCc1ccccc1,VABC,missing,
21,21,CCCCc1cc2cn(C/C=C3\OC(=O)C(OCc4ccccc4)=C3OCc3ccccc3)c(=O)nc2o1,BCUTw-1l,missing,
21,21,CCCCc1cc2cn(C/C=C3\OC(=O)C(OCc4ccccc4)=C3OCc3ccccc3)c(=O)nc2o1,BCUTw-1h,missing,
21,21,CCCCc1cc2cn(C/C=C3\OC(=O)C(OCc4ccccc4)=C3OCc3ccccc3)c(=O)nc2o1,BCUTc-1l,missing,
21,21,CCCCc1cc2cn(C/C=C3\OC(=O)C(OCc4ccccc4)=C3OCc3ccccc3)c(=O)nc2o1,BCUTc-1h,missing,
21,21,CCCCc1cc2cn(C/C=C3\OC(=O)C(OCc4ccccc4)=C3OCc3ccccc3)c(=O)nc2o1,BCUTp-1l,missing,
21,21,CCCCc1cc2cn(C/C=C3\OC(=O)C(OCc4ccccc4)=C3OCc3ccccc3)c(=O)nc2o1,BCUTp-1h,missing,
21,21,CCCCc1cc2cn(C/C=C3\OC(=O)C(OCc4ccccc4)=C3OCc3ccccc3)c(=O)nc2o1,SCH-3,missing,
21,21,CCCCc1cc2cn(C/C=C3\OC(=O)C(OCc4ccccc4)=C3OCc3ccccc3)c(=O)nc2o1,SCH-4,missing,
21,21,CCCCc1cc2cn(C/C=C3\OC(=O)C(OCc4ccccc4)=C3OCc3ccccc3)c(=O)nc2o1,SCH-5,missing,
21,21,CCCCc1cc2cn(C/C=C3\OC(=O)C(OCc4ccccc4)=C3OCc3ccccc3)c(=O)nc2o1,SCH-6,missing,
21,21,CCCCc1cc2cn(C/C=C3\OC(=O)C(OCc4ccccc4)=C3OCc3ccccc3)c(=O)nc2o1,SCH-7,missing,
21,21,CCCCc1cc2cn(C/C=C3\OC(=O)C(OCc4ccccc4)=C3OCc3ccccc3)c(=O)nc2o1,VCH-3,missing,
21,21,CCCCc1cc2cn(C/C=C3\OC(=O)C(OCc4ccccc4)=C3OCc3ccccc3)c(=O)nc2o1,VCH-4,missing,
21,21,CCCCc1cc2cn(C/C=C3\OC(=O)C(OCc4ccccc4)=C3OCc3ccccc3)c(=O)nc2o1,VCH-5,missing,
21,21,CCCCc1cc2cn(C/C=C3\OC(=O)C(OCc4ccccc4)=C3OCc3ccccc3)c(=O)nc2o1,VCH-6,missing,
21,21,CCCCc1cc2cn(C/C=C3\OC(=O)C(OCc4ccccc4)=C3OCc3ccccc3)c(=O)nc2o1,VCH-7,missing,
21,21,CCCCc1cc2cn(C/C=C3\OC(=O)C(OCc4ccccc4)=C3OCc3ccccc3)c(=O)nc2o1,SC-3,missing,
21,21,CCCCc1cc2cn(C/C=C3\OC(=O)C(OCc4ccccc4)=C3OCc3ccccc3)c(=O)nc2o1,SC-4,missing,
21,21,CCCCc1cc2cn(C/C=C3\OC(=O)C(OCc4ccccc4)=C3OCc3ccccc3)c(=O)nc2o1,SC-5,missing,
21,21,CCCCc1cc2cn(C/C=C3\OC(=O)C(OCc4ccccc4)=C3OCc3ccccc3)c(=O)nc2o1,SC-6,missing,
21,21,CCCCc1cc2cn(C/C=C3\OC(=O)C(OCc4ccccc4)=C3OCc3ccccc3)c(=O)nc2o1,VC-3,missing,
21,21,CCCCc1cc2cn(C/C=C3\OC(=O)C(OCc4ccccc4)=C3OCc3ccccc3)c(=O)nc2o1,VC-4,missing,
21,21,CCCCc1cc2cn(C/C=C3\OC(=O)C(OCc4ccccc4)=C3OCc3ccccc3)c(=O)nc2o1,VC-5,missing,
21,21,CCCCc1cc2cn(C/C=C3\OC(=O)C(OCc4ccccc4)=C3OCc3ccccc3)c(=O)nc2o1,VC-6,missing,
21,21,CCCCc1cc2cn(C/C=C3\OC(=O)C(OCc4ccccc4)=C3OCc3ccccc3)c(=O)nc2o1,SPC-4,missing,
21,21,CCCCc1cc2cn(C/C=C3\OC(=O)C(OCc4ccccc4)=C3OCc3ccccc3)c(=O)nc2o1,SPC-5,missing,
21,21,CCCCc1cc2cn(C/C=C3\OC(=O)C(OCc4ccccc4)=C3OCc3ccccc3)c(=O)nc2o1,SPC-6,missing,
21,21,CCCCc1cc2cn(C/C=C3\OC(=O)C(OCc4ccccc4)=C3OCc3ccccc3)c(=O)nc2o1,VPC-4,missing,
21,21,CCCCc1cc2cn(C/C=C3\OC(=O)C(OCc4ccccc4)=C3OCc3ccccc3)c(=O)nc2o1,VPC-5,missing,
21,21,CCCCc1cc2cn(C/C=C3\OC(=O)C(OCc4ccccc4)=C3OCc3ccccc3)c(=O)nc2o1,VPC-6,missing,
21,21,CCCCc1cc2cn(C/C=C3\OC(=O)C(OCc4ccccc4)=C3OCc3ccccc3)c(=O)nc2o1,SP-0,missing,
21,21,CCCCc1cc2cn(C/C=C3\OC(=O)C(OCc4ccccc4)=C3OCc3ccccc3)c(=O)nc2o1,SP-1,missing,
21,21,CCCCc1cc2cn(C/C=C3\OC(=O)C(OCc4ccccc4)=C3OCc3ccccc3)c(=O)nc2o1,SP-2,missing,
21,21,CCCCc1cc2cn(C/C=C3\OC(=O)C(OCc4ccccc4)=C3OCc3ccccc3)c(=O)nc2o1,SP-3,missing,
21,21,CCCCc1cc2cn(C/C=C3\OC(=O)C(OCc4ccccc4)=C3OCc3ccccc3)c(=O)nc2o1,SP-4,missing,
21,21,CCCCc1cc2cn(C/C=C3\OC(=O)C(OCc4ccccc4)=C3OCc3ccccc3)c(=O)nc2o1,SP-5,missing,
21,21,CCCCc1cc2cn(C/C=C3\OC(=O)C(OCc4ccccc4)=C3OCc3ccccc3)c(=O)nc2o1,SP-6,missing,
21,21,CCCCc1cc2cn(C/C=C3\OC(=O)C(OCc4ccccc4)=C3OCc3ccccc3)c(=O)nc2o1,SP-7,missing,
21,21,CCCCc1cc2cn(C/C=C3\OC(=O)C(OCc4ccccc4)=C3OCc3ccccc3)c(=O)nc2o1,ASP-0,missing,
21,21,CCCCc1cc2cn(C/C=C3\OC(=O)C(OCc4ccccc4)=C3OCc3ccccc3)c(=O)nc2o1,ASP-1,missing,
21,21,CCCCc1cc2cn(C/C=C3\OC(=O)C(OCc4ccccc4)=C3OCc3ccccc3)c(=O)nc2o1,ASP-2,missing,
21,21,CCCCc1cc2cn(C/C=C3\OC(=O)C(OCc4ccccc4)=C3OCc3ccccc3)c(=O)nc2o1,ASP-3,missing,
21,21,CCCCc1cc2cn(C/C=C3\OC(=O)C(OCc4ccccc4)=C3OCc3ccccc3)c(=O)nc2o1,ASP-4,missing,
21,21,CCCCc1cc2cn(C/C=C3\OC(=O)C(OCc4ccccc4)=C3OCc3ccccc3)c(=O)nc2o1,ASP-5,missing,
21,21,CCCCc1cc2cn(C/C=C3\OC(=O)C(OCc4ccccc4)=C3OCc3ccccc3)c(=O)nc2o1,ASP-6,missing,
21,21,CCCCc1cc2cn(C/C=C3\OC(=O)C(OCc4ccccc4)=C3OCc3ccccc3)c(=O)nc2o1,ASP-7,missing,
21,21,CCCCc1cc2cn(C/C=C3\OC(=O)C(OCc4ccccc4)=C3OCc3ccccc3)c(=O)nc2o1,VP-0,missing,
21,21,CCCCc1cc2cn(C/C=C3\OC(=O)C(OCc4ccccc4)=C3OCc3ccccc3)c(=O)nc2o1,VP-1,missing,
21,21,CCCCc1cc2cn(C/C=C3\OC(=O)C(OCc4ccccc4)=C3OCc3ccccc3)c(=O)nc2o1,VP-2,missing,
21,21,CCCCc1cc2cn(C/C=C3\OC(=O)C(OCc4ccccc4)=C3OCc3ccccc3)c(=O)nc2o1,VP-3,missing,
21,21,CCCCc1cc2cn(C/C=C3\OC(=O)C(OCc4ccccc4)=C3OCc3ccccc3)c(=O)nc2o1,VP-4,missing,
21,21,CCCCc1cc2cn(C/C=C3\OC(=O)C(OCc4ccccc4)=C3OCc3ccccc3)c(=O)nc2o1,VP-5,missing,
21,21,CCCCc1cc2cn(C/C=C3\OC(=O)C(OCc4ccccc4)=C3OCc3ccccc3)c(=O)nc2o1,VP-6,missing,
21,21,CCCCc1cc2cn(C/C=C3\OC(=O)C(OCc4ccccc4)=C3OCc3ccccc3)c(=O)nc2o1,VP-7,missing,
21,21,CCCCc1cc2cn(C/C=C3\OC(=O)C(OCc4ccccc4)=C3OCc3ccccc3)c(=O)nc2o1,AVP-0,missing,
21,21,CCCCc1cc2cn(C/C=C3\OC(=O)C(OCc4ccccc4)=C3OCc3ccccc3)c(=O)nc2o1,AVP-1,missing,
21,21,CCCCc1cc2cn(C/C=C3\OC(=O)C(OCc4ccccc4)=C3OCc3ccccc3)c(=O)nc2o1,AVP-2,missing,
21,21,CCCCc1cc2cn(C/C=C3\OC(=O)C(OCc4ccccc4)=C3OCc3ccccc3)c(=O)nc2o1,AVP-3,missing,
21,21,CCCCc1cc2cn(C/C=C3\OC(=O)C(OCc4ccccc4)=C3OCc3ccccc3)c(=O)nc2o1,AVP-4,missing,
21,21,CCCCc1cc2cn(C/C=C3\OC(=O)C(OCc4ccccc4)=C3OCc3ccccc3)c(=O)nc2o1,AVP-5,missing,
21,21,CCCCc1cc2cn(C/C=C3\OC(=O)C(OCc4ccccc4)=C3OCc3ccccc3)c(=O)nc2o1,AVP-6,missing,
21,21,CCCCc1cc2cn(C/C=C3\OC(=O)C(OCc4ccccc4)=C3OCc3ccccc3)c(=O)nc2o1,AVP-7,missing,
21,21,CCCCc1cc2cn(C/C=C3\OC(=O)C(OCc4ccccc4)=C3OCc3ccccc3)c(=O)nc2o1,VABC,missing,
22,22,O=C1O/C(=C\Cn2cc(C#CCCc3ccccc3)c(=O)[nH]c2=O)C(OCc2ccccc2)=C1OCc1ccccc1,BCUTw-1l,missing,
22,22,O=C1O/C(=C\Cn2cc(C#CCCc3ccccc3)c(=O)[nH]c2=O)C(OCc2ccccc2)=C1OCc1ccccc1,BCUTw-1h,missing,
22,22,O=C1O/C(=C\Cn2cc(C#CCCc3ccccc3)c(=O)[nH]c2=O)C(OCc2ccccc2)=C1OCc1ccccc1,BCUTc-1l,missing,
22,22,O=C1O/C(=C\Cn2cc(C#CCCc3ccccc3)c(=O)[nH]c2=O)C(OCc2ccccc2)=C1OCc1ccccc1,BCUTc-1h,missing,
22,22,O=C1O/C(=C\Cn2cc(C#CCCc3ccccc3)c(=O)[nH]c2=O)C(OCc2ccccc2)=C1OCc1ccccc1,BCUTp-1l,missing,
22,22,O=C1O/C(=C\Cn2cc(C#CCCc3ccccc3)c(=O)[nH]c2=O)C(OCc2ccccc2)=C1OCc1ccccc1,BCUTp-1h,missing,
22,22,O=C1O/C(=C\Cn2cc(C#CCCc3ccccc3)c(=O)[nH]c2=O)C(OCc2ccccc2)=C1OCc1ccccc1,SCH-3,missing,
22,22,O=C1O/C(=C\Cn2cc(C#CCCc3ccccc3)c(=O)[nH]c2=O)C(OCc2ccccc2)=C1OCc1ccccc1,SCH-4,missing,
22,22,O=C1O/C(=C\Cn2cc(C#CCCc3ccccc3)c(=O)[nH]c2=O)C(OCc2ccccc2)=C1OCc1ccccc1,SCH-5,missing,
22,22,O=C1O/C(=C\Cn2cc(C#CCCc3ccccc3)c(=O)[nH]c2=O)C(OCc2ccccc2)=C1OCc1ccccc1,SCH-6,missing,
22,22,O=C1O/C(=C\Cn2cc(C#CCCc3ccccc3)c(=O)[nH]c2=O)C(OCc2ccccc2)=C1OCc1ccccc1,SCH-7,missing,
22,22,O=C1O/C(=C\Cn2cc(C#CCCc3ccccc3)c(=O)[nH]c2=O)C(OCc2ccccc2)=C1OCc1ccccc1,VCH-3,missing,
22,22,O=C1O/C(=C\Cn2cc(C#CCCc3ccccc3)c(=O)[nH]c2=O)C(OCc2ccccc2)=C1OCc1ccccc1,VCH-4,missing,
22,22,O=C1O/C(=C\Cn2cc(C#CCCc3ccccc3)c(=O)[nH]c2=O)C(OCc2ccccc2)=C1OCc1ccccc1,VCH-5,missing,
22,22,O=C1O/C(=C\Cn2cc(C#CCCc3ccccc3)c(=O)[nH]c2=O)C(OCc2ccccc2)=C1OCc1ccccc1,VCH-6,missing,
22,22,O=C1O/C(=C\Cn2cc(C#CCCc3ccccc3)c(=O)[nH]c2=O)C(OCc2ccccc2)=C1OCc1ccccc1,VCH-7,missing,
22,22,O=C1O/C(=C\Cn2cc(C#CCCc3ccccc3)c(=O)[nH]c2=O)C(OCc2ccccc2)=C1OCc1ccccc1,SC-3,missing,
22,22,O=C1O/C(=C\Cn2cc(C#CCCc3ccccc3)c(=O)[nH]c2=O)C(OCc2ccccc2)=C1OCc1ccccc1,SC-4,missing,
22,22,O=C1O/C(=C\Cn2cc(C#CCCc3ccccc3)c(=O)[nH]c2=O)C(OCc2ccccc2)=C1OCc1ccccc1,SC-5,missing,
22,22,O=C1O/C(=C\Cn2cc(C#CCCc3ccccc3)c(=O)[nH]c2=O)C(OCc2ccccc2)=C1OCc1ccccc1,SC-6,missing,
22,22,O=C1O/C(=C\Cn2cc(C#CCCc3ccccc3)c(=O)[nH]c2=O)C(OCc2ccccc2)=C1OCc1ccccc1,VC-3,missing,
22,22,O=C1O/C(=C\Cn2cc(C#CCCc3ccccc3)c(=O)[nH]c2=O)C(OCc2ccccc2)=C1OCc1ccccc1,VC-4,missing,
22,22,O=C1O/C(=C\Cn2cc(C#CCCc3ccccc3)c(=O)[nH]c2=O)C(OCc2ccccc2)=C1OCc1ccccc1,VC-5,missing,
22,22,O=C1O/C(=C\Cn2cc(C#CCCc3ccccc3)c(=O)[nH]c2=O)C(OCc2ccccc2)=C1OCc1ccccc1,VC-6,missing,
22,22,O=C1O/C(=C\Cn2cc(C#CCCc3ccccc3)c(=O)[nH]c2=O)C(OCc2ccccc2)=C1OCc1ccccc1,SPC-4,missing,
22,22,O=C1O/C(=C\Cn2cc(C#CCCc3ccccc3)c(=O)[nH]c2=O)C(OCc2ccccc2)=C1OCc1ccccc1,SPC-5,missing,
22,22,O=C1O/C(=C\Cn2cc(C#CCCc3ccccc3)c(=O)[nH]c2=O)C(OCc2ccccc2)=C1OCc1ccccc1,SPC-6,missing,
22,22,O=C1O/C(=C\Cn2cc(C#CCCc3ccccc3)c(=O)[nH]c2=O)C(OCc2ccccc2)=C1OCc1ccccc1,VPC-4,missing,
22,22,O=C1O/C(=C\Cn2cc(C#CCCc3ccccc3)c(=O)[nH]c2=O)C(OCc2ccccc2)=C1OCc1ccccc1,VPC-5,missing,
22,22,O=C1O/C(=C\Cn2cc(C#CCCc3ccccc3)c(=O)[nH]c2=O)C(OCc2ccccc2)=C1OCc1ccccc1,VPC-6,missing,
22,22,O=C1O/C(=C\Cn2cc(C#CCCc3ccccc3)c(=O)[nH]c2=O)C(OCc2ccccc2)=C1OCc1ccccc1,SP-0,missing,
22,22,O=C1O/C(=C\Cn2cc(C#CCCc3ccccc3)c(=O)[nH]c2=O)C(OCc2ccccc2)=C1OCc1ccccc1,SP-1,missing,
22,22,O=C1O/C(=C\Cn2cc(C#CCCc3ccccc3)c(=O)[nH]c2=O)C(OCc2ccccc2)=C1OCc1ccccc1,SP-2,missing,
22,22,O=C1O/C(=C\Cn2cc(C#CCCc3ccccc3)c(=O)[nH]c2=O)C(OCc2ccccc2)=C1OCc1ccccc1,SP-3,missing,
22,22,O=C1O/C(=C\Cn2cc(C#CCCc3ccccc3)c(=O)[nH]c2=O)C(OCc2ccccc2)=C1OCc1ccccc1,SP-4,missing,
22,22,O=C1O/C(=C\Cn2cc(C#CCCc3ccccc3)c(=O)[nH]c2=O)C(OCc2ccccc2)=C1OCc1ccccc1,SP-5,missing,
22,22,O=C1O/C(=C\Cn2cc(C#CCCc3ccccc3)c(=O)[nH]c2=O)C(OCc2ccccc2)=C1OCc1ccccc1,SP-6,missing,
22,22,O=C1O/C(=C\Cn2cc(C#CCCc3ccccc3)c(=O)[nH]c2=O)C(OCc2ccccc2)=C1OCc1ccccc1,SP-7,missing,
22,22,O=C1O/C(=C\Cn2cc(C#CCCc3ccccc3)c(=O)[nH]c2=O)C(OCc2ccccc2)=C1OCc1ccccc1,ASP-0,missing,
22,22,O=C1O/C(=C\Cn2cc(C#CCCc3ccccc3)c(=O)[nH]c2=O)C(OCc2ccccc2)=C1OCc1ccccc1,ASP-1,missing,
22,22,O=C1O/C(=C\Cn2cc(C#CCCc3ccccc3)c(=O)[nH]c2=O)C(OCc2ccccc2)=C1OCc1ccccc1,ASP-2,missing,
22,22,O=C1O/C(=C\Cn2cc(C#CCCc3ccccc3)c(=O)[nH]c2=O)C(OCc2ccccc2)=C1OCc1ccccc1,ASP-3,missing,
22,22,O=C1O/C(=C\Cn2cc(C#CCCc3ccccc3)c(=O)[nH]c2=O)C(OCc2ccccc2)=C1OCc1ccccc1,ASP-4,missing,
22,22,O=C1O/C(=C\Cn2cc(C#CCCc3ccccc3)c(=O)[nH]c2=O)C(OCc2ccccc2)=C1OCc1ccccc1,ASP-5,missing,
22,22,O=C1O/C(=C\Cn2cc(C#CCCc3ccccc3)c(=O)[nH]c2=O)C(OCc2ccccc2)=C1OCc1ccccc1,ASP-6,missing,
22,22,O=C1O/C(=C\Cn2cc(C#CCCc3ccccc3)c(=O)[nH]c2=O)C(OCc2ccccc2)=C1OCc1ccccc1,ASP-7,missing,
22,22,O=C1O/C(=C\Cn2cc(C#CCCc3ccccc3)c(=O)[nH]c2=O)C(OCc2ccccc2)=C1OCc1ccccc1,VP-0,missing,
22,22,O=C1O/C(=C\Cn2cc(C#CCCc3ccccc3)c(=O)[nH]c2=O)C(OCc2ccccc2)=C1OCc1ccccc1,VP-1,missing,
22,22,O=C1O/C(=C\Cn2cc(C#CCCc3ccccc3)c(=O)[nH]c2=O)C(OCc2ccccc2)=C1OCc1ccccc1,VP-2,missing,
22,22,O=C1O/C(=C\Cn2cc(C#CCCc3ccccc3)c(=O)[nH]c2=O)C(OCc2ccccc2)=C1OCc1ccccc1,VP-3,missing,
22,22,O=C1O/C(=C\Cn2cc(C#CCCc3ccccc3)c(=O)[nH]c2=O)C(OCc2ccccc2)=C1OCc1ccccc1,VP-4,missing,
22,22,O=C1O/C(=C\Cn2cc(C#CCCc3ccccc3)c(=O)[nH]c2=O)C(OCc2ccccc2)=C1OCc1ccccc1,VP-5,missing,
22,22,O=C1O/C(=C\Cn2cc(C#CCCc3ccccc3)c(=O)[nH]c2=O)C(OCc2ccccc2)=C1OCc1ccccc1,VP-6,missing,
22,22,O=C1O/C(=C\Cn2cc(C#CCCc3ccccc3)c(=O)[nH]c2=O)C(OCc2ccccc2)=C1OCc1ccccc1,VP-7,missing,
22,22,O=C1O/C(=C\Cn2cc(C#CCCc3ccccc3)c(=O)[nH]c2=O)C(OCc2ccccc2)=C1OCc1ccccc1,AVP-0,missing,
22,22,O=C1O/C(=C\Cn2cc(C#CCCc3ccccc3)c(=O)[nH]c2=O)C(OCc2ccccc2)=C1OCc1ccccc1,AVP-1,missing,
22,22,O=C1O/C(=C\Cn2cc(C#CCCc3ccccc3)c(=O)[nH]c2=O)C(OCc2ccccc2)=C1OCc1ccccc1,AVP-2,missing,
22,22,O=C1O/C(=C\Cn2cc(C#CCCc3ccccc3)c(=O)[nH]c2=O)C(OCc2ccccc2)=C1OCc1ccccc1,AVP-3,missing,
22,22,O=C1O/C(=C\Cn2cc(C#CCCc3ccccc3)c(=O)[nH]c2=O)C(OCc2ccccc2)=C1OCc1ccccc1,AVP-4,missing,
22,22,O=C1O/C(=C\Cn2cc(C#CCCc3ccccc3)c(=O)[nH]c2=O)C(OCc2ccccc2)=C1OCc1ccccc1,AVP-5,missing,
22,22,O=C1O/C(=C\Cn2cc(C#CCCc3ccccc3)c(=O)[nH]c2=O)C(OCc2ccccc2)=C1OCc1ccccc1,AVP-6,missing,
22,22,O=C1O/C(=C\Cn2cc(C#CCCc3ccccc3)c(=O)[nH]c2=O)C(OCc2ccccc2)=C1OCc1ccccc1,AVP-7,missing,
22,22,O=C1O/C(=C\Cn2cc(C#CCCc3ccccc3)c(=O)[nH]c2=O)C(OCc2ccccc2)=C1OCc1ccccc1,VABC,missing,
23,23,CCCCC#Cc1cn(C/C=C2\OC(=O)C(OCc3ccccc3)=C2OCc2ccccc2)c(=O)[nH]c1=O,BCUTw-1l,missing,
23,23,CCCCC#Cc1cn(C/C=C2\OC(=O)C(OCc3ccccc3)=C2OCc2ccccc2)c(=O)[nH]c1=O,BCUTw-1h,missing,
23,23,CCCCC#Cc1cn(C/C=C2\OC(=O)C(OCc3ccccc3)=C2OCc2ccccc2)c(=O)[nH]c1=O,BCUTc-1l,missing,
23,23,CCCCC#Cc1cn(C/C=C2\OC(=O)C(OCc3ccccc3)=C2OCc2ccccc2)c(=O)[nH]c1=O,BCUTc-1h,missing,
23,23,CCCCC#Cc1cn(C/C=C2\OC(=O)C(OCc3ccccc3)=C2OCc2ccccc2)c(=O)[nH]c1=O,BCUTp-1l,missing,
23,23,CCCCC#Cc1cn(C/C=C2\OC(=O)C(OCc3ccccc3)=C2OCc2ccccc2)c(=O)[nH]c1=O,BCUTp-1h,missing,
23,23,CCCCC#Cc1cn(C/C=C2\OC(=O)C(OCc3ccccc3)=C2OCc2ccccc2)c(=O)[nH]c1=O,SCH-3,missing,
23,23,CCCCC#Cc1cn(C/C=C2\OC(=O)C(OCc3ccccc3)=C2OCc2ccccc2)c(=O)[nH]c1=O,SCH-4,missing,
23,23,CCCCC#Cc1cn(C/C=C2\OC(=O)C(OCc3ccccc3)=C2OCc2ccccc2)c(=O)[nH]c1=O,SCH-5,missing,
23,23,CCCCC#Cc1cn(C/C=C2\OC(=O)C(OCc3ccccc3)=C2OCc2ccccc2)c(=O)[nH]c1=O,SCH-6,missing,
23,23,CCCCC#Cc1cn(C/C=C2\OC(=O)C(OCc3ccccc3)=C2OCc2ccccc2)c(=O)[nH]c1=O,SCH-7,missing,
23,23,CCCCC#Cc1cn(C/C=C2\OC(=O)C(OCc3ccccc3)=C2OCc2ccccc2)c(=O)[nH]c1=O,VCH-3,missing,
23,23,CCCCC#Cc1cn(C/C=C2\OC(=O)C(OCc3ccccc3)=C2OCc2ccccc2)c(=O)[nH]c1=O,VCH-4,missing,
23,23,CCCCC#Cc1cn(C/C=C2\OC(=O)C(OCc3ccccc3)=C2OCc2ccccc2)c(=O)[nH]c1=O,VCH-5,missing,
23,23,CCCCC#Cc1cn(C/C=C2\OC(=O)C(OCc3ccccc3)=C2OCc2ccccc2)c(=O)[nH]c1=O,VCH-6,missing,
23,23,CCCCC#Cc1cn(C/C=C2\OC(=O)C(OCc3ccccc3)=C2OCc2ccccc2)c(=O)[nH]c1=O,VCH-7,missing,
23,23,CCCCC#Cc1cn(C/C=C2\OC(=O)C(OCc3ccccc3)=C2OCc2ccccc2)c(=O)[nH]c1=O,SC-3,missing,
23,23,CCCCC#Cc1cn(C/C=C2\OC(=O)C(OCc3ccccc3)=C2OCc2ccccc2)c(=O)[nH]c1=O,SC-4,missing,
23,23,CCCCC#Cc1cn(C/C=C2\OC(=O)C(OCc3ccccc3)=C2OCc2ccccc2)c(=O)[nH]c1=O,SC-5,missing,
23,23,CCCCC#Cc1cn(C/C=C2\OC(=O)C(OCc3ccccc3)=C2OCc2ccccc2)c(=O)[nH]c1=O,SC-6,missing,
23,23,CCCCC#Cc1cn(C/C=C2\OC(=O)C(OCc3ccccc3)=C2OCc2ccccc2)c(=O)[nH]c1=O,VC-3,missing,
23,23,CCCCC#Cc1cn(C/C=C2\OC(=O)C(OCc3ccccc3)=C2OCc2ccccc2)c(=O)[nH]c1=O,VC-4,missing,
23,23,CCCCC#Cc1cn(C/C=C2\OC(=O)C(OCc3ccccc3)=C2OCc2ccccc2)c(=O)[nH]c1=O,VC-5,missing,
23,23,CCCCC#Cc1cn(C/C=C2\OC(=O)C(OCc3ccccc3)=C2OCc2ccccc2)c(=O)[nH]c1=O,VC-6,missing,
23,23,CCCCC#Cc1cn(C/C=C2\OC(=O)C(OCc3ccccc3)=C2OCc2ccccc2)c(=O)[nH]c1=O,SPC-4,missing,
23,23,CCCCC#Cc1cn(C/C=C2\OC(=O)C(OCc3ccccc3)=C2OCc2ccccc2)c(=O)[nH]c1=O,SPC-5,missing,
23,23,CCCCC#Cc1cn(C/C=C2\OC(=O)C(OCc3ccccc3)=C2OCc2ccccc2)c(=O)[nH]c1=O,SPC-6,missing,
23,23,CCCCC#Cc1cn(C/C=C2\OC(=O)C(OCc3ccccc3)=C2OCc2ccccc2)c(=O)[nH]c1=O,VPC-4,missing,
23,23,CCCCC#Cc1cn(C/C=C2\OC(=O)C(OCc3ccccc3)=C2OCc2ccccc2)c(=O)[nH]c1=O,VPC-5,missing,
23,23,CCCCC#Cc1cn(C/C=C2\OC(=O)C(OCc3ccccc3)=C2OCc2ccccc2)c(=O)[nH]c1=O,VPC-6,missing,
23,23,CCCCC#Cc1cn(C/C=C2\OC(=O)C(OCc3ccccc3)=C2OCc2ccccc2)c(=O)[nH]c1=O,SP-0,missing,
23,23,CCCCC#Cc1cn(C/C=C2\OC(=O)C(OCc3ccccc3)=C2OCc2ccccc2)c(=O)[nH]c1=O,SP-1,missing,
23,23,CCCCC#Cc1cn(C/C=C2\OC(=O)C(OCc3ccccc3)=C2OCc2ccccc2)c(=O)[nH]c1=O,SP-2,missing,
23,23,CCCCC#Cc1cn(C/C=C2\OC(=O)C(OCc3ccccc3)=C2OCc2ccccc2)c(=O)[nH]c1=O,SP-3,missing,
23,23,CCCCC#Cc1cn(C/C=C2\OC(=O)C(OCc3ccccc3)=C2OCc2ccccc2)c(=O)[nH]c1=O,SP-4,missing,
23,23,CCCCC#Cc1cn(C/C=C2\OC(=O)C(OCc3ccccc3)=C2OCc2ccccc2)c(=O)[nH]c1=O,SP-5,missing,
23,23,CCCCC#Cc1cn(C/C=C2\OC(=O)C(OCc3ccccc3)=C2OCc2ccccc2)c(=O)[nH]c1=O,SP-6,missing,
23,23,CCCCC#Cc1cn(C/C=C2\OC(=O)C(OCc3ccccc3)=C2OCc2ccccc2)c(=O)[nH]c1=O,SP-7,missing,
23,23,CCCCC#Cc1cn(C/C=C2\OC(=O)C(OCc3ccccc3)=C2OCc2ccccc2)c(=O)[nH]c1=O,ASP-0,missing,
23,23,CCCCC#Cc1cn(C/C=C2\OC(=O)C(OCc3ccccc3)=C2OCc2ccccc2)c(=O)[nH]c1=O,ASP-1,missing,
23,23,CCCCC#Cc1cn(C/C=C2\OC(=O)C(OCc3ccccc3)=C2OCc2ccccc2)c(=O)[nH]c1=O,ASP-2,missing,
23,23,CCCCC#Cc1cn(C/C=C2\OC(=O)C(OCc3ccccc3)=C2OCc2ccccc2)c(=O)[nH]c1=O,ASP-3,missing,
23,23,CCCCC#Cc1cn(C/C=C2\OC(=O)C(OCc3ccccc3)=C2OCc2ccccc2)c(=O)[nH]c1=O,ASP-4,missing,
23,23,CCCCC#Cc1cn(C/C=C2\OC(=O)C(OCc3ccccc3)=C2OCc2ccccc2)c(=O)[nH]c1=O,ASP-5,missing,
23,23,CCCCC#Cc1cn(C/C=C2\OC(=O)C(OCc3ccccc3)=C2OCc2ccccc2)c(=O)[nH]c1=O,ASP-6,missing,
23,23,CCCCC#Cc1cn(C/C=C2\OC(=O)C(OCc3ccccc3)=C2OCc2ccccc2)c(=O)[nH]c1=O,ASP-7,missing,
23,23,CCCCC#Cc1cn(C/C=C2\OC(=O)C(OCc3ccccc3)=C2OCc2ccccc2)c(=O)[nH]c1=O,VP-0,missing,
23,23,CCCCC#Cc1cn(C/C=C2\OC(=O)C(OCc3ccccc3)=C2OCc2ccccc2)c(=O)[nH]c1=O,VP-1,missing,
23,23,CCCCC#Cc1cn(C/C=C2\OC(=O)C(OCc3ccccc3)=C2OCc2ccccc2)c(=O)[nH]c1=O,VP-2,missing,
23,23,CCCCC#Cc1cn(C/C=C2\OC(=O)C(OCc3ccccc3)=C2OCc2ccccc2)c(=O)[nH]c1=O,VP-3,missing,
23,23,CCCCC#Cc1cn(C/C=C2\OC(=O)C(OCc3ccccc3)=C2OCc2ccccc2)c(=O)[nH]c1=O,VP-4,missing,
23,23,CCCCC#Cc1cn(C/C=C2\OC(=O)C(OCc3ccccc3)=C2OCc2ccccc2)c(=O)[nH]c1=O,VP-5,missing,
23,23,CCCCC#Cc1cn(C/C=C2\OC(=O)C(OCc3ccccc3)=C2OCc2ccccc2)c(=O)[nH]c1=O,VP-6,missing,
23,23,CCCCC#Cc1cn(C/C=C2\OC(=O)C(OCc3ccccc3)=C2OCc2ccccc2)c(=O)[nH]c1=O,VP-7,missing,
23,23,CCCCC#Cc1cn(C/C=C2\OC(=O)C(OCc3ccccc3)=C2OCc2ccccc2)c(=O)[nH]c1=O,AVP-0,missing,
23,23,CCCCC#Cc1cn(C/C=C2\OC(=O)C(OCc3ccccc3)=C2OCc2ccccc2)c(=O)[nH]c1=O,AVP-1,missing,
23,23,CCCCC#Cc1cn(C/C=C2\OC(=O)C(OCc3ccccc3)=C2OCc2ccccc2)c(=O)[nH]c1=O,AVP-2,missing,
23,23,CCCCC#Cc1cn(C/C=C2\OC(=O)C(OCc3ccccc3)=C2OCc2ccccc2)c(=O)[nH]c1=O,AVP-3,missing,
23,23,CCCCC#Cc1cn(C/C=C2\OC(=O)C(OCc3ccccc3)=C2OCc2ccccc2)c(=O)[nH]c1=O,AVP-4,missing,
23,23,CCCCC#Cc1cn(C/C=C2\OC(=O)C(OCc3ccccc3)=C2OCc2ccccc2)c(=O)[nH]c1=O,AVP-5,missing,
23,23,CCCCC#Cc1cn(C/C=C2\OC(=O)C(OCc3ccccc3)=C2OCc2ccccc2)c(=O)[nH]c1=O,AVP-6,missing,
23,23,CCCCC#Cc1cn(C/C=C2\OC(=O)C(OCc3ccccc3)=C2OCc2ccccc2)c(=O)[nH]c1=O,AVP-7,missing,
23,23,CCCCC#Cc1cn(C/C=C2\OC(=O)C(OCc3ccccc3)=C2OCc2ccccc2)c(=O)[nH]c1=O,VABC,missing,
24,24,Cc1ccc(C#Cc2cn(C/C=C3\OC(=O)C(OCc4ccccc4)=C3OCc3ccccc3)c(=O)[nH]c2=O)cc1,BCUTw-1l,missing,
24,24,Cc1ccc(C#Cc2cn(C/C=C3\OC(=O)C(OCc4ccccc4)=C3OCc3ccccc3)c(=O)[nH]c2=O)cc1,BCUTw-1h,missing,
24,24,Cc1ccc(C#Cc2cn(C/C=C3\OC(=O)C(OCc4ccccc4)=C3OCc3ccccc3)c(=O)[nH]c2=O)cc1,BCUTc-1l,missing,
24,24,Cc1ccc(C#Cc2cn(C/C=C3\OC(=O)C(OCc4ccccc4)=C3OCc3ccccc3)c(=O)[nH]c2=O)cc1,BCUTc-1h,missing,
24,24,Cc1ccc(C#Cc2cn(C/C=C3\OC(=O)C(OCc4ccccc4)=C3OCc3ccccc3)c(=O)[nH]c2=O)cc1,BCUTp-1l,missing,
24,24,Cc1ccc(C#Cc2cn(C/C=C3\OC(=O)C(OCc4ccccc4)=C3OCc3ccccc3)c(=O)[nH]c2=O)cc1,BCUTp-1h,missing,
24,24,Cc1ccc(C#Cc2cn(C/C=C3\OC(=O)C(OCc4ccccc4)=C3OCc3ccccc3)c(=O)[nH]c2=O)cc1,SCH-3,missing,
24,24,Cc1ccc(C#Cc2cn(C/C=C3\OC(=O)C(OCc4ccccc4)=C3OCc3ccccc3)c(=O)[nH]c2=O)cc1,SCH-4,missing,
24,24,Cc1ccc(C#Cc2cn(C/C=C3\OC(=O)C(OCc4ccccc4)=C3OCc3ccccc3)c(=O)[nH]c2=O)cc1,SCH-5,missing,
24,24,Cc1ccc(C#Cc2cn(C/C=C3\OC(=O)C(OCc4ccccc4)=C3OCc3ccccc3)c(=O)[nH]c2=O)cc1,SCH-6,missing,
24,24,Cc1ccc(C#Cc2cn(C/C=C3\OC(=O)C(OCc4ccccc4)=C3OCc3ccccc3)c(=O)[nH]c2=O)cc1,SCH-7,missing,
24,24,Cc1ccc(C#Cc2cn(C/C=C3\OC(=O)C(OCc4ccccc4)=C3OCc3ccccc3)c(=O)[nH]c2=O)cc1,VCH-3,missing,
24,24,Cc1ccc(C#Cc2cn(C/C=C3\OC(=O)C(OCc4ccccc4)=C3OCc3ccccc3)c(=O)[nH]c2=O)cc1,VCH-4,missing,
24,24,Cc1ccc(C#Cc2cn(C/C=C3\OC(=O)C(OCc4ccccc4)=C3OCc3ccccc3)c(=O)[nH]c2=O)cc1,VCH-5,missing,
24,24,Cc1ccc(C#Cc2cn(C/C=C3\OC(=O)C(OCc4ccccc4)=C3OCc3ccccc3)c(=O)[nH]c2=O)cc1,VCH-6,missing,
24,24,Cc1ccc(C#Cc2cn(C/C=C3\OC(=O)C(OCc4ccccc4)=C3OCc3ccccc3)c(=O)[nH]c2=O)cc1,VCH-7,missing,
24,24,Cc1ccc(C#Cc2cn(C/C=C3\OC(=O)C(OCc4ccccc4)=C3OCc3ccccc3)c(=O)[nH]c2=O)cc1,SC-3,missing,
24,24,Cc1ccc(C#Cc2cn(C/C=C3\OC(=O)C(OCc4ccccc4)=C3OCc3ccccc3)c(=O)[nH]c2=O)cc1,SC-4,missing,
24,24,Cc1ccc(C#Cc2cn(C/C=C3\OC(=O)C(OCc4ccccc4)=C3OCc3ccccc3)c(=O)[nH]c2=O)cc1,SC-5,missing,
24,24,Cc1ccc(C#Cc2cn(C/C=C3\OC(=O)C(OCc4ccccc4)=C3OCc3ccccc3)c(=O)[nH]c2=O)cc1,SC-6,missing,
24,24,Cc1ccc(C#Cc2cn(C/C=C3\OC(=O)C(OCc4ccccc4)=C3OCc3ccccc3)c(=O)[nH]c2=O)cc1,VC-3,missing,
24,24,Cc1ccc(C#Cc2cn(C/C=C3\OC(=O)C(OCc4ccccc4)=C3OCc3ccccc3)c(=O)[nH]c2=O)cc1,VC-4,missing,
24,24,Cc1ccc(C#Cc2cn(C/C=C3\OC(=O)C(OCc4ccccc4)=C3OCc3ccccc3)c(=O)[nH]c2=O)cc1,VC-5,missing,
24,24,Cc1ccc(C#Cc2cn(C/C=C3\OC(=O)C(OCc4ccccc4)=C3OCc3ccccc3)c(=O)[nH]c2=O)cc1,VC-6,missing,
24,24,Cc1ccc(C#Cc2cn(C/C=C3\OC(=O)C(OCc4ccccc4)=C3OCc3ccccc3)c(=O)[nH]c2=O)cc1,SPC-4,missing,
24,24,Cc1ccc(C#Cc2cn(C/C=C3\OC(=O)C(OCc4ccccc4)=C3OCc3ccccc3)c(=O)[nH]c2=O)cc1,SPC-5,missing,
24,24,Cc1ccc(C#Cc2cn(C/C=C3\OC(=O)C(OCc4ccccc4)=C3OCc3ccccc3)c(=O)[nH]c2=O)cc1,SPC-6,missing,
24,24,Cc1ccc(C#Cc2cn(C/C=C3\OC(=O)C(OCc4ccccc4)=C3OCc3ccccc3)c(=O)[nH]c2=O)cc1,VPC-4,missing,
24,24,Cc1ccc(C#Cc2cn(C/C=C3\OC(=O)C(OCc4ccccc4)=C3OCc3ccccc3)c(=O)[nH]c2=O)cc1,VPC-5,missing,
24,24,Cc1ccc(C#Cc2cn(C/C=C3\OC(=O)C(OCc4ccccc4)=C3OCc3ccccc3)c(=O)[nH]c2=O)cc1,VPC-6,missing,
24,24,Cc1ccc(C#Cc2cn(C/C=C3\OC(=O)C(OCc4ccccc4)=C3OCc3ccccc3)c(=O)[nH]c2=O)cc1,SP-0,missing,
24,24,Cc1ccc(C#Cc2cn(C/C=C3\OC(=O)C(OCc4ccccc4)=C3OCc3ccccc3)c(=O)[nH]c2=O)cc1,SP-1,missing,
24,24,Cc1ccc(C#Cc2cn(C/C=C3\OC(=O)C(OCc4ccccc4)=C3OCc3ccccc3)c(=O)[nH]c2=O)cc1,SP-2,missing,
24,24,Cc1ccc(C#Cc2cn(C/C=C3\OC(=O)C(OCc4ccccc4)=C3OCc3ccccc3)c(=O)[nH]c2=O)cc1,SP-3,missing,
24,24,Cc1ccc(C#Cc2cn(C/C=C3\OC(=O)C(OCc4ccccc4)=C3OCc3ccccc3)c(=O)[nH]c2=O)cc1,SP-4,missing,
24,24,Cc1ccc(C#Cc2cn(C/C=C3\OC(=O)C(OCc4ccccc4)=C3OCc3ccccc3)c(=O)[nH]c2=O)cc1,SP-5,missing,
24,24,Cc1ccc(C#Cc2cn(C/C=C3\OC(=O)C(OCc4ccccc4)=C3OCc3ccccc3)c(=O)[nH]c2=O)cc1,SP-6,missing,
24,24,Cc1ccc(C#Cc2cn(C/C=C3\OC(=O)C(OCc4ccccc4)=C3OCc3ccccc3)c(=O)[nH]c2=O)cc1,SP-7,missing,
24,24,Cc1ccc(C#Cc2cn(C/C=C3\OC(=O)C(OCc4ccccc4)=C3OCc3ccccc3)c(=O)[nH]c2=O)cc1,ASP-0,missing,
24,24,Cc1ccc(C#Cc2cn(C/C=C3\OC(=O)C(OCc4ccccc4)=C3OCc3ccccc3)c(=O)[nH]c2=O)cc1,ASP-1,missing,
24,24,Cc1ccc(C#Cc2cn(C/C=C3\OC(=O)C(OCc4ccccc4)=C3OCc3ccccc3)c(=O)[nH]c2=O)cc1,ASP-2,missing,
24,24,Cc1ccc(C#Cc2cn(C/C=C3\OC(=O)C(OCc4ccccc4)=C3OCc3ccccc3)c(=O)[nH]c2=O)cc1,ASP-3,missing,
24,24,Cc1ccc(C#Cc2cn(C/C=C3\OC(=O)C(OCc4ccccc4)=C3OCc3ccccc3)c(=O)[nH]c2=O)cc1,ASP-4,missing,
24,24,Cc1ccc(C#Cc2cn(C/C=C3\OC(=O)C(OCc4ccccc4)=C3OCc3ccccc3)c(=O)[nH]c2=O)cc1,ASP-5,missing,
24,24,Cc1ccc(C#Cc2cn(C/C=C3\OC(=O)C(OCc4ccccc4)=C3OCc3ccccc3)c(=O)[nH]c2=O)cc1,ASP-6,missing,
24,24,Cc1ccc(C#Cc2cn(C/C=C3\OC(=O)C(OCc4ccccc4)=C3OCc3ccccc3)c(=O)[nH]c2=O)cc1,ASP-7,missing,
24,24,Cc1ccc(C#Cc2cn(C/C=C3\OC(=O)C(OCc4ccccc4)=C3OCc3ccccc3)c(=O)[nH]c2=O)cc1,VP-0,missing,
24,24,Cc1ccc(C#Cc2cn(C/C=C3\OC(=O)C(OCc4ccccc4)=C3OCc3ccccc3)c(=O)[nH]c2=O)cc1,VP-1,missing,
24,24,Cc1ccc(C#Cc2cn(C/C=C3\OC(=O)C(OCc4ccccc4)=C3OCc3ccccc3)c(=O)[nH]c2=O)cc1,VP-2,missing,
24,24,Cc1ccc(C#Cc2cn(C/C=C3\OC(=O)C(OCc4ccccc4)=C3OCc3ccccc3)c(=O)[nH]c2=O)cc1,VP-3,missing,
24,24,Cc1ccc(C#Cc2cn(C/C=C3\OC(=O)C(OCc4ccccc4)=C3OCc3ccccc3)c(=O)[nH]c2=O)cc1,VP-4,missing,
24,24,Cc1ccc(C#Cc2cn(C/C=C3\OC(=O)C(OCc4ccccc4)=C3OCc3ccccc3)c(=O)[nH]c2=O)cc1,VP-5,missing,
24,24,Cc1ccc(C#Cc2cn(C/C=C3\OC(=O)C(OCc4ccccc4)=C3OCc3ccccc3)c(=O)[nH]c2=O)cc1,VP-6,missing,
24,24,Cc1ccc(C#Cc2cn(C/C=C3\OC(=O)C(OCc4ccccc4)=C3OCc3ccccc3)c(=O)[nH]c2=O)cc1,VP-7,missing,
24,24,Cc1ccc(C#Cc2cn(C/C=C3\OC(=O)C(OCc4ccccc4)=C3OCc3ccccc3)c(=O)[nH]c2=O)cc1,AVP-0,missing,
24,24,Cc1ccc(C#Cc2cn(C/C=C3\OC(=O)C(OCc4ccccc4)=C3OCc3ccccc3)c(=O)[nH]c2=O)cc1,AVP-1,missing,
24,24,Cc1ccc(C#Cc2cn(C/C=C3\OC(=O)C(OCc4ccccc4)=C3OCc3ccccc3)c(=O)[nH]c2=O)cc1,AVP-2,missing,
24,24,Cc1ccc(C#Cc2cn(C/C=C3\OC(=O)C(OCc4ccccc4)=C3OCc3ccccc3)c(=O)[nH]c2=O)cc1,AVP-3,missing,
24,24,Cc1ccc(C#Cc2cn(C/C=C3\OC(=O)C(OCc4ccccc4)=C3OCc3ccccc3)c(=O)[nH]c2=O)cc1,AVP-4,missing,
24,24,Cc1ccc(C#Cc2cn(C/C=C3\OC(=O)C(OCc4ccccc4)=C3OCc3ccccc3)c(=O)[nH]c2=O)cc1,AVP-5,missing,
24,24,Cc1ccc(C#Cc2cn(C/C=C3\OC(=O)C(OCc4ccccc4)=C3OCc3ccccc3)c(=O)[nH]c2=O)cc1,AVP-6,missing,
24,24,Cc1ccc(C#Cc2cn(C/C=C3\OC(=O)C(OCc4ccccc4)=C3OCc3ccccc3)c(=O)[nH]c2=O)cc1,AVP-7,missing,
24,24,Cc1ccc(C#Cc2cn(C/C=C3\OC(=O)C(OCc4ccccc4)=C3OCc3ccccc3)c(=O)[nH]c2=O)cc1,VABC,missing,
25,25,CCCCCc1ccc(-c2cc3cn(C/C=C4\OC(=O)C(OCc5ccccc5)=C4OCc4ccccc4)c(=O)nc3o2)cc1,BCUTw-1l,missing,
25,25,CCCCCc1ccc(-c2cc3cn(C/C=C4\OC(=O)C(OCc5ccccc5)=C4OCc4ccccc4)c(=O)nc3o2)cc1,BCUTw-1h,missing,
25,25,CCCCCc1ccc(-c2cc3cn(C/C=C4\OC(=O)C(OCc5ccccc5)=C4OCc4ccccc4)c(=O)nc3o2)cc1,BCUTc-1l,missing,
25,25,CCCCCc1ccc(-c2cc3cn(C/C=C4\OC(=O)C(OCc5ccccc5)=C4OCc4ccccc4)c(=O)nc3o2)cc1,BCUTc-1h,missing,
25,25,CCCCCc1ccc(-c2cc3cn(C/C=C4\OC(=O)C(OCc5ccccc5)=C4OCc4ccccc4)c(=O)nc3o2)cc1,BCUTp-1l,missing,
25,25,CCCCCc1ccc(-c2cc3cn(C/C=C4\OC(=O)C(OCc5ccccc5)=C4OCc4ccccc4)c(=O)nc3o2)cc1,BCUTp-1h,missing,
25,25,CCCCCc1ccc(-c2cc3cn(C/C=C4\OC(=O)C(OCc5ccccc5)=C4OCc4ccccc4)c(=O)nc3o2)cc1,SCH-3,missing,
25,25,CCCCCc1ccc(-c2cc3cn(C/C=C4\OC(=O)C(OCc5ccccc5)=C4OCc4ccccc4)c(=O)nc3o2)cc1,SCH-4,missing,
25,25,CCCCCc1ccc(-c2cc3cn(C/C=C4\OC(=O)C(OCc5ccccc5)=C4OCc4ccccc4)c(=O)nc3o2)cc1,SCH-5,missing,
25,25,CCCCCc1ccc(-c2cc3cn(C/C=C4\OC(=O)C(OCc5ccccc5)=C4OCc4ccccc4)c(=O)nc3o2)cc1,SCH-6,missing,
25,25,CCCCCc1ccc(-c2cc3cn(C/C=C4\OC(=O)C(OCc5ccccc5)=C4OCc4ccccc4)c(=O)nc3o2)cc1,SCH-7,missing,
25,25,CCCCCc1ccc(-c2cc3cn(C/C=C4\OC(=O)C(OCc5ccccc5)=C4OCc4ccccc4)c(=O)nc3o2)cc1,VCH-3,missing,
25,25,CCCCCc1ccc(-c2cc3cn(C/C=C4\OC(=O)C(OCc5ccccc5)=C4OCc4ccccc4)c(=O)nc3o2)cc1,VCH-4,missing,
25,25,CCCCCc1ccc(-c2cc3cn(C/C=C4\OC(=O)C(OCc5ccccc5)=C4OCc4ccccc4)c(=O)nc3o2)cc1,VCH-5,missing,
25,25,CCCCCc1ccc(-c2cc3cn(C/C=C4\OC(=O)C(OCc5ccccc5)=C4OCc4ccccc4)c(=O)nc3o2)cc1,VCH-6,missing,
25,25,CCCCCc1ccc(-c2cc3cn(C/C=C4\OC(=O)C(OCc5ccccc5)=C4OCc4ccccc4)c(=O)nc3o2)cc1,VCH-7,missing,
25,25,CCCCCc1ccc(-c2cc3cn(C/C=C4\OC(=O)C(OCc5ccccc5)=C4OCc4ccccc4)c(=O)nc3o2)cc1,SC-3,missing,
25,25,CCCCCc1ccc(-c2cc3cn(C/C=C4\OC(=O)C(OCc5ccccc5)=C4OCc4ccccc4)c(=O)nc3o2)cc1,SC-4,missing,
25,25,CCCCCc1ccc(-c2cc3cn(C/C=C4\OC(=O)C(OCc5ccccc5)=C4OCc4ccccc4)c(=O)nc3o2)cc1,SC-5,missing,
25,25,CCCCCc1ccc(-c2cc3cn(C/C=C4\OC(=O)C(OCc5ccccc5)=C4OCc4ccccc4)c(=O)nc3o2)cc1,SC-6,missing,
25,25,CCCCCc1ccc(-c2cc3cn(C/C=C4\OC(=O)C(OCc5ccccc5)=C4OCc4ccccc4)c(=O)nc3o2)cc1,VC-3,missing,
25,25,CCCCCc1ccc(-c2cc3cn(C/C=C4\OC(=O)C(OCc5ccccc5)=C4OCc4ccccc4)c(=O)nc3o2)cc1,VC-4,missing,
25,25,CCCCCc1ccc(-c2cc3cn(C/C=C4\OC(=O)C(OCc5ccccc5)=C4OCc4ccccc4)c(=O)nc3o2)cc1,VC-5,missing,
25,25,CCCCCc1ccc(-c2cc3cn(C/C=C4\OC(=O)C(OCc5ccccc5)=C4OCc4ccccc4)c(=O)nc3o2)cc1,VC-6,missing,
25,25,CCCCCc1ccc(-c2cc3cn(C/C=C4\OC(=O)C(OCc5ccccc5)=C4OCc4ccccc4)c(=O)nc3o2)cc1,SPC-4,missing,
25,25,CCCCCc1ccc(-c2cc3cn(C/C=C4\OC(=O)C(OCc5ccccc5)=C4OCc4ccccc4)c(=O)nc3o2)cc1,SPC-5,missing,
25,25,CCCCCc1ccc(-c2cc3cn(C/C=C4\OC(=O)C(OCc5ccccc5)=C4OCc4ccccc4)c(=O)nc3o2)cc1,SPC-6,missing,
25,25,CCCCCc1ccc(-c2cc3cn(C/C=C4\OC(=O)C(OCc5ccccc5)=C4OCc4ccccc4)c(=O)nc3o2)cc1,VPC-4,missing,
25,25,CCCCCc1ccc(-c2cc3cn(C/C=C4\OC(=O)C(OCc5ccccc5)=C4OCc4ccccc4)c(=O)nc3o2)cc1,VPC-5,missing,
25,25,CCCCCc1ccc(-c2cc3cn(C/C=C4\OC(=O)C(OCc5ccccc5)=C4OCc4ccccc4)c(=O)nc3o2)cc1,VPC-6,missing,
25,25,CCCCCc1ccc(-c2cc3cn(C/C=C4\OC(=O)C(OCc5ccccc5)=C4OCc4ccccc4)c(=O)nc3o2)cc1,SP-0,missing,
25,25,CCCCCc1ccc(-c2cc3cn(C/C=C4\OC(=O)C(OCc5ccccc5)=C4OCc4ccccc4)c(=O)nc3o2)cc1,SP-1,missing,
25,25,CCCCCc1ccc(-c2cc3cn(C/C=C4\OC(=O)C(OCc5ccccc5)=C4OCc4ccccc4)c(=O)nc3o2)cc1,SP-2,missing,
25,25,CCCCCc1ccc(-c2cc3cn(C/C=C4\OC(=O)C(OCc5ccccc5)=C4OCc4ccccc4)c(=O)nc3o2)cc1,SP-3,missing,
25,25,CCCCCc1ccc(-c2cc3cn(C/C=C4\OC(=O)C(OCc5ccccc5)=C4OCc4ccccc4)c(=O)nc3o2)cc1,SP-4,missing,
25,25,CCCCCc1ccc(-c2cc3cn(C/C=C4\OC(=O)C(OCc5ccccc5)=C4OCc4ccccc4)c(=O)nc3o2)cc1,SP-5,missing,
25,25,CCCCCc1ccc(-c2cc3cn(C/C=C4\OC(=O)C(OCc5ccccc5)=C4OCc4ccccc4)c(=O)nc3o2)cc1,SP-6,missing,
25,25,CCCCCc1ccc(-c2cc3cn(C/C=C4\OC(=O)C(OCc5ccccc5)=C4OCc4ccccc4)c(=O)nc3o2)cc1,SP-7,missing,
25,25,CCCCCc1ccc(-c2cc3cn(C/C=C4\OC(=O)C(OCc5ccccc5)=C4OCc4ccccc4)c(=O)nc3o2)cc1,ASP-0,missing,
25,25,CCCCCc1ccc(-c2cc3cn(C/C=C4\OC(=O)C(OCc5ccccc5)=C4OCc4ccccc4)c(=O)nc3o2)cc1,ASP-1,missing,
25,25,CCCCCc1ccc(-c2cc3cn(C/C=C4\OC(=O)C(OCc5ccccc5)=C4OCc4ccccc4)c(=O)nc3o2)cc1,ASP-2,missing,
25,25,CCCCCc1ccc(-c2cc3cn(C/C=C4\OC(=O)C(OCc5ccccc5)=C4OCc4ccccc4)c(=O)nc3o2)cc1,ASP-3,missing,
25,25,CCCCCc1ccc(-c2cc3cn(C/C=C4\OC(=O)C(OCc5ccccc5)=C4OCc4ccccc4)c(=O)nc3o2)cc1,ASP-4,missing,
25,25,CCCCCc1ccc(-c2cc3cn(C/C=C4\OC(=O)C(OCc5ccccc5)=C4OCc4ccccc4)c(=O)nc3o2)cc1,ASP-5,missing,
25,25,CCCCCc1ccc(-c2cc3cn(C/C=C4\OC(=O)C(OCc5ccccc5)=C4OCc4ccccc4)c(=O)nc3o2)cc1,ASP-6,missing,
25,25,CCCCCc1ccc(-c2cc3cn(C/C=C4\OC(=O)C(OCc5ccccc5)=C4OCc4ccccc4)c(=O)nc3o2)cc1,ASP-7,missing,
25,25,CCCCCc1ccc(-c2cc3cn(C/C=C4\OC(=O)C(OCc5ccccc5)=C4OCc4ccccc4)c(=O)nc3o2)cc1,VP-0,missing,
25,25,CCCCCc1ccc(-c2cc3cn(C/C=C4\OC(=O)C(OCc5ccccc5)=C4OCc4ccccc4)c(=O)nc3o2)cc1,VP-1,missing,
25,25,CCCCCc1ccc(-c2cc3cn(C/C=C4\OC(=O)C(OCc5ccccc5)=C4OCc4ccccc4)c(=O)nc3o2)cc1,VP-2,missing,
25,25,CCCCCc1ccc(-c2cc3cn(C/C=C4\OC(=O)C(OCc5ccccc5)=C4OCc4ccccc4)c(=O)nc3o2)cc1,VP-3,missing,
25,25,CCCCCc1ccc(-c2cc3cn(C/C=C4\OC(=O)C(OCc5ccccc5)=C4OCc4ccccc4)c(=O)nc3o2)cc1,VP-4,missing,
25,25,CCCCCc1ccc(-c2cc3cn(C/C=C4\OC(=O)C(OCc5ccccc5)=C4OCc4ccccc4)c(=O)nc3o2)cc1,VP-5,missing,
25,25,CCCCCc1ccc(-c2cc3cn(C/C=C4\OC(=O)C(OCc5ccccc5)=C4OCc4ccccc4)c(=O)nc3o2)cc1,VP-6,missing,
25,25,CCCCCc1ccc(-c2cc3cn(C/C=C4\OC(=O)C(OCc5ccccc5)=C4OCc4ccccc4)c(=O)nc3o2)cc1,VP-7,missing,
25,25,CCCCCc1ccc(-c2cc3cn(C/C=C4\OC(=O)C(OCc5ccccc5)=C4OCc4ccccc4)c(=O)nc3o2)cc1,AVP-0,missing,
25,25,CCCCCc1ccc(-c2cc3cn(C/C=C4\OC(=O)C(OCc5ccccc5)=C4OCc4ccccc4)c(=O)nc3o2)cc1,AVP-1,missing,
25,25,CCCCCc1ccc(-c2cc3cn(C/C=C4\OC(=O)C(OCc5ccccc5)=C4OCc4ccccc4)c(=O)nc3o2)cc1,AVP-2,missing,
25,25,CCCCCc1ccc(-c2cc3cn(C/C=C4\OC(=O)C(OCc5ccccc5)=C4OCc4ccccc4)c(=O)nc3o2)cc1,AVP-3,missing,
25,25,CCCCCc1ccc(-c2cc3cn(C/C=C4\OC(=O)C(OCc5ccccc5)=C4OCc4ccccc4)c(=O)nc3o2)cc1,AVP-4,missing,
25,25,CCCCCc1ccc(-c2cc3cn(C/C=C4\OC(=O)C(OCc5ccccc5)=C4OCc4ccccc4)c(=O)nc3o2)cc1,AVP-5,missing,
25,25,CCCCCc1ccc(-c2cc3cn(C/C=C4\OC(=O)C(OCc5ccccc5)=C4OCc4ccccc4)c(=O)nc3o2)cc1,AVP-6,missing,
25,25,CCCCCc1ccc(-c2cc3cn(C/C=C4\OC(=O)C(OCc5ccccc5)=C4OCc4ccccc4)c(=O)nc3o2)cc1,AVP-7,missing,
25,25,CCCCCc1ccc(-c2cc3cn(C/C=C4\OC(=O)C(OCc5ccccc5)=C4OCc4ccccc4)c(=O)nc3o2)cc1,VABC,missing,
26,26,CCCCCC#Cc1cn(C/C=C2\OC(=O)C(OCc3ccccc3)=C2OCc2ccccc2)c(=O)[nH]c1=O,BCUTw-1l,missing,
26,26,CCCCCC#Cc1cn(C/C=C2\OC(=O)C(OCc3ccccc3)=C2OCc2ccccc2)c(=O)[nH]c1=O,BCUTw-1h,missing,
26,26,CCCCCC#Cc1cn(C/C=C2\OC(=O)C(OCc3ccccc3)=C2OCc2ccccc2)c(=O)[nH]c1=O,BCUTc-1l,missing,
26,26,CCCCCC#Cc1cn(C/C=C2\OC(=O)C(OCc3ccccc3)=C2OCc2ccccc2)c(=O)[nH]c1=O,BCUTc-1h,missing,
26,26,CCCCCC#Cc1cn(C/C=C2\OC(=O)C(OCc3ccccc3)=C2OCc2ccccc2)c(=O)[nH]c1=O,BCUTp-1l,missing,
26,26,CCCCCC#Cc1cn(C/C=C2\OC(=O)C(OCc3ccccc3)=C2OCc2ccccc2)c(=O)[nH]c1=O,BCUTp-1h,missing,
26,26,CCCCCC#Cc1cn(C/C=C2\OC(=O)C(OCc3ccccc3)=C2OCc2ccccc2)c(=O)[nH]c1=O,SCH-3,missing,
26,26,CCCCCC#Cc1cn(C/C=C2\OC(=O)C(OCc3ccccc3)=C2OCc2ccccc2)c(=O)[nH]c1=O,SCH-4,missing,
26,26,CCCCCC#Cc1cn(C/C=C2\OC(=O)C(OCc3ccccc3)=C2OCc2ccccc2)c(=O)[nH]c1=O,SCH-5,missing,
26,26,CCCCCC#Cc1cn(C/C=C2\OC(=O)C(OCc3ccccc3)=C2OCc2ccccc2)c(=O)[nH]c1=O,SCH-6,missing,
26,26,CCCCCC#Cc1cn(C/C=C2\OC(=O)C(OCc3ccccc3)=C2OCc2ccccc2)c(=O)[nH]c1=O,SCH-7,missing,
26,26,CCCCCC#Cc1cn(C/C=C2\OC(=O)C(OCc3ccccc3)=C2OCc2ccccc2)c(=O)[nH]c1=O,VCH-3,missing,
26,26,CCCCCC#Cc1cn(C/C=C2\OC(=O)C(OCc3ccccc3)=C2OCc2ccccc2)c(=O)[nH]c1=O,VCH-4,missing,
26,26,CCCCCC#Cc1cn(C/C=C2\OC(=O)C(OCc3ccccc3)=C2OCc2ccccc2)c(=O)[nH]c1=O,VCH-5,missing,
26,26,CCCCCC#Cc1cn(C/C=C2\OC(=O)C(OCc3ccccc3)=C2OCc2ccccc2)c(=O)[nH]c1=O,VCH-6,missing,
26,26,CCCCCC#Cc1cn(C/C=C2\OC(=O)C(OCc3ccccc3)=C2OCc2ccccc2)c(=O)[nH]c1=O,VCH-7,missing,
26,26,CCCCCC#Cc1cn(C/C=C2\OC(=O)C(OCc3ccccc3)=C2OCc2ccccc2)c(=O)[nH]c1=O,SC-3,missing,
26,26,CCCCCC#Cc1cn(C/C=C2\OC(=O)C(OCc3ccccc3)=C2OCc2ccccc2)c(=O)[nH]c1=O,SC-4,missing,
26,26,CCCCCC#Cc1cn(C/C=C2\OC(=O)C(OCc3ccccc3)=C2OCc2ccccc2)c(=O)[nH]c1=O,SC-5,missing,
26,26,CCCCCC#Cc1cn(C/C=C2\OC(=O)C(OCc3ccccc3)=C2OCc2ccccc2)c(=O)[nH]c1=O,SC-6,missing,
26,26,CCCCCC#Cc1cn(C/C=C2\OC(=O)C(OCc3ccccc3)=C2OCc2ccccc2)c(=O)[nH]c1=O,VC-3,missing,
26,26,CCCCCC#Cc1cn(C/C=C2\OC(=O)C(OCc3ccccc3)=C2OCc2ccccc2)c(=O)[nH]c1=O,VC-4,missing,
26,26,CCCCCC#Cc1cn(C/C=C2\OC(=O)C(OCc3ccccc3)=C2OCc2ccccc2)c(=O)[nH]c1=O,VC-5,missing,
26,26,CCCCCC#Cc1cn(C/C=C2\OC(=O)C(OCc3ccccc3)=C2OCc2ccccc2)c(=O)[nH]c1=O,VC-6,missing,
26,26,CCCCCC#Cc1cn(C/C=C2\OC(=O)C(OCc3ccccc3)=C2OCc2ccccc2)c(=O)[nH]c1=O,SPC-4,missing,
26,26,CCCCCC#Cc1cn(C/C=C2\OC(=O)C(OCc3ccccc3)=C2OCc2ccccc2)c(=O)[nH]c1=O,SPC-5,missing,
26,26,CCCCCC#Cc1cn(C/C=C2\OC(=O)C(OCc3ccccc3)=C2OCc2ccccc2)c(=O)[nH]c1=O,SPC-6,missing,
26,26,CCCCCC#Cc1cn(C/C=C2\OC(=O)C(OCc3ccccc3)=C2OCc2ccccc2)c(=O)[nH]c1=O,VPC-4,missing,
26,26,CCCCCC#Cc1cn(C/C=C2\OC(=O)C(OCc3ccccc3)=C2OCc2ccccc2)c(=O)[nH]c1=O,VPC-5,missing,
26,26,CCCCCC#Cc1cn(C/C=C2\OC(=O)C(OCc3ccccc3)=C2OCc2ccccc2)c(=O)[nH]c1=O,VPC-6,missing,
26,26,CCCCCC#Cc1cn(C/C=C2\OC(=O)C(OCc3ccccc3)=C2OCc2ccccc2)c(=O)[nH]c1=O,SP-0,missing,
26,26,CCCCCC#Cc1cn(C/C=C2\OC(=O)C(OCc3ccccc3)=C2OCc2ccccc2)c(=O)[nH]c1=O,SP-1,missing,
26,26,CCCCCC#Cc1cn(C/C=C2\OC(=O)C(OCc3ccccc3)=C2OCc2ccccc2)c(=O)[nH]c1=O,SP-2,missing,
26,26,CCCCCC#Cc1cn(C/C=C2\OC(=O)C(OCc3ccccc3)=C2OCc2ccccc2)c(=O)[nH]c1=O,SP-3,missing,
26,26,CCCCCC#Cc1cn(C/C=C2\OC(=O)C(OCc3ccccc3)=C2OCc2ccccc2)c(=O)[nH]c1=O,SP-4,missing,
26,26,CCCCCC#Cc1cn(C/C=C2\OC(=O)C(OCc3ccccc3)=C2OCc2ccccc2)c(=O)[nH]c1=O,SP-5,missing,
26,26,CCCCCC#Cc1cn(C/C=C2\OC(=O)C(OCc3ccccc3)=C2OCc2ccccc2)c(=O)[nH]c1=O,SP-6,missing,
26,26,CCCCCC#Cc1cn(C/C=C2\OC(=O)C(OCc3ccccc3)=C2OCc2ccccc2)c(=O)[nH]c1=O,SP-7,missing,
26,26,CCCCCC#Cc1cn(C/C=C2\OC(=O)C(OCc3ccccc3)=C2OCc2ccccc2)c(=O)[nH]c1=O,ASP-0,missing,
26,26,CCCCCC#Cc1cn(C/C=C2\OC(=O)C(OCc3ccccc3)=C2OCc2ccccc2)c(=O)[nH]c1=O,ASP-1,missing,
26,26,CCCCCC#Cc1cn(C/C=C2\OC(=O)C(OCc3ccccc3)=C2OCc2ccccc2)c(=O)[nH]c1=O,ASP-2,missing,
26,26,CCCCCC#Cc1cn(C/C=C2\OC(=O)C(OCc3ccccc3)=C2OCc2ccccc2)c(=O)[nH]c1=O,ASP-3,missing,
26,26,CCCCCC#Cc1cn(C/C=C2\OC(=O)C(OCc3ccccc3)=C2OCc2ccccc2)c(=O)[nH]c1=O,ASP-4,missing,
26,26,CCCCCC#Cc1cn(C/C=C2\OC(=O)C(OCc3ccccc3)=C2OCc2ccccc2)c(=O)[nH]c1=O,ASP-5,missing,
26,26,CCCCCC#Cc1cn(C/C=C2\OC(=O)C(OCc3ccccc3)=C2OCc2ccccc2)c(=O)[nH]c1=O,ASP-6,missing,
26,26,CCCCCC#Cc1cn(C/C=C2\OC(=O)C(OCc3ccccc3)=C2OCc2ccccc2)c(=O)[nH]c1=O,ASP-7,missing,
26,26,CCCCCC#Cc1cn(C/C=C2\OC(=O)C(OCc3ccccc3)=C2OCc2ccccc2)c(=O)[nH]c1=O,VP-0,missing,
26,26,CCCCCC#Cc1cn(C/C=C2\OC(=O)C(OCc3ccccc3)=C2OCc2ccccc2)c(=O)[nH]c1=O,VP-1,missing,
26,26,CCCCCC#Cc1cn(C/C=C2\OC(=O)C(OCc3ccccc3)=C2OCc2ccccc2)c(=O)[nH]c1=O,VP-2,missing,
26,26,CCCCCC#Cc1cn(C/C=C2\OC(=O)C(OCc3ccccc3)=C2OCc2ccccc2)c(=O)[nH]c1=O,VP-3,missing,
26,26,CCCCCC#Cc1cn(C/C=C2\OC(=O)C(OCc3ccccc3)=C2OCc2ccccc2)c(=O)[nH]c1=O,VP-4,missing,
26,26,CCCCCC#Cc1cn(C/C=C2\OC(=O)C(OCc3ccccc3)=C2OCc2ccccc2)c(=O)[nH]c1=O,VP-5,missing,
26,26,CCCCCC#Cc1cn(C/C=C2\OC(=O)C(OCc3ccccc3)=C2OCc2ccccc2)c(=O)[nH]c1=O,VP-6,missing,
26,26,CCCCCC#Cc1cn(C/C=C2\OC(=O)C(OCc3ccccc3)=C2OCc2ccccc2)c(=O)[nH]c1=O,VP-7,missing,
26,26,CCCCCC#Cc1cn(C/C=C2\OC(=O)C(OCc3ccccc3)=C2OCc2ccccc2)c(=O)[nH]c1=O,AVP-0,missing,
26,26,CCCCCC#Cc1cn(C/C=C2\OC(=O)C(OCc3ccccc3)=C2OCc2ccccc2)c(=O)[nH]c1=O,AVP-1,missing,
26,26,CCCCCC#Cc1cn(C/C=C2\OC(=O)C(OCc3ccccc3)=C2OCc2ccccc2)c(=O)[nH]c1=O,AVP-2,missing,
26,26,CCCCCC#Cc1cn(C/C=C2\OC(=O)C(OCc3ccccc3)=C2OCc2ccccc2)c(=O)[nH]c1=O,AVP-3,missing,
26,26,CCCCCC#Cc1cn(C/C=C2\OC(=O)C(OCc3ccccc3)=C2OCc2ccccc2)c(=O)[nH]c1=O,AVP-4,missing,
26,26,CCCCCC#Cc1cn(C/C=C2\OC(=O)C(OCc3ccccc3)=C2OCc2ccccc2)c(=O)[nH]c1=O,AVP-5,missing,
26,26,CCCCCC#Cc1cn(C/C=C2\OC(=O)C(OCc3ccccc3)=C2OCc2ccccc2)c(=O)[nH]c1=O,AVP-6,missing,
26,26,CCCCCC#Cc1cn(C/C=C2\OC(=O)C(OCc3ccccc3)=C2OCc2ccccc2)c(=O)[nH]c1=O,AVP-7,missing,
26,26,CCCCCC#Cc1cn(C/C=C2\OC(=O)C(OCc3ccccc3)=C2OCc2ccccc2)c(=O)[nH]c1=O,VABC,missing,
27,27,CCCCc1ccc(-c2cc3cn(C/C=C4\OC(=O)C(OCc5ccccc5)=C4OCc4ccccc4)c(=O)nc3o2)cc1,BCUTw-1l,missing,
27,27,CCCCc1ccc(-c2cc3cn(C/C=C4\OC(=O)C(OCc5ccccc5)=C4OCc4ccccc4)c(=O)nc3o2)cc1,BCUTw-1h,missing,
27,27,CCCCc1ccc(-c2cc3cn(C/C=C4\OC(=O)C(OCc5ccccc5)=C4OCc4ccccc4)c(=O)nc3o2)cc1,BCUTc-1l,missing,
27,27,CCCCc1ccc(-c2cc3cn(C/C=C4\OC(=O)C(OCc5ccccc5)=C4OCc4ccccc4)c(=O)nc3o2)cc1,BCUTc-1h,missing,
27,27,CCCCc1ccc(-c2cc3cn(C/C=C4\OC(=O)C(OCc5ccccc5)=C4OCc4ccccc4)c(=O)nc3o2)cc1,BCUTp-1l,missing,
27,27,CCCCc1ccc(-c2cc3cn(C/C=C4\OC(=O)C(OCc5ccccc5)=C4OCc4ccccc4)c(=O)nc3o2)cc1,BCUTp-1h,missing,
27,27,CCCCc1ccc(-c2cc3cn(C/C=C4\OC(=O)C(OCc5ccccc5)=C4OCc4ccccc4)c(=O)nc3o2)cc1,SCH-3,missing,
27,27,CCCCc1ccc(-c2cc3cn(C/C=C4\OC(=O)C(OCc5ccccc5)=C4OCc4ccccc4)c(=O)nc3o2)cc1,SCH-4,missing,
27,27,CCCCc1ccc(-c2cc3cn(C/C=C4\OC(=O)C(OCc5ccccc5)=C4OCc4ccccc4)c(=O)nc3o2)cc1,SCH-5,missing,
27,27,CCCCc1ccc(-c2cc3cn(C/C=C4\OC(=O)C(OCc5ccccc5)=C4OCc4ccccc4)c(=O)nc3o2)cc1,SCH-6,missing,
27,27,CCCCc1ccc(-c2cc3cn(C/C=C4\OC(=O)C(OCc5ccccc5)=C4OCc4ccccc4)c(=O)nc3o2)cc1,SCH-7,missing,
27,27,CCCCc1ccc(-c2cc3cn(C/C=C4\OC(=O)C(OCc5ccccc5)=C4OCc4ccccc4)c(=O)nc3o2)cc1,VCH-3,missing,
27,27,CCCCc1ccc(-c2cc3cn(C/C=C4\OC(=O)C(OCc5ccccc5)=C4OCc4ccccc4)c(=O)nc3o2)cc1,VCH-4,missing,
27,27,CCCCc1ccc(-c2cc3cn(C/C=C4\OC(=O)C(OCc5ccccc5)=C4OCc4ccccc4)c(=O)nc3o2)cc1,VCH-5,missing,
27,27,CCCCc1ccc(-c2cc3cn(C/C=C4\OC(=O)C(OCc5ccccc5)=C4OCc4ccccc4)c(=O)nc3o2)cc1,VCH-6,missing,
27,27,CCCCc1ccc(-c2cc3cn(C/C=C4\OC(=O)C(OCc5ccccc5)=C4OCc4ccccc4)c(=O)nc3o2)cc1,VCH-7,missing,
27,27,CCCCc1ccc(-c2cc3cn(C/C=C4\OC(=O)C(OCc5ccccc5)=C4OCc4ccccc4)c(=O)nc3o2)cc1,SC-3,missing,
27,27,CCCCc1ccc(-c2cc3cn(C/C=C4\OC(=O)C(OCc5ccccc5)=C4OCc4ccccc4)c(=O)nc3o2)cc1,SC-4,missing,
27,27,CCCCc1ccc(-c2cc3cn(C/C=C4\OC(=O)C(OCc5ccccc5)=C4OCc4ccccc4)c(=O)nc3o2)cc1,SC-5,missing,
27,27,CCCCc1ccc(-c2cc3cn(C/C=C4\OC(=O)C(OCc5ccccc5)=C4OCc4ccccc4)c(=O)nc3o2)cc1,SC-6,missing,
27,27,CCCCc1ccc(-c2cc3cn(C/C=C4\OC(=O)C(OCc5ccccc5)=C4OCc4ccccc4)c(=O)nc3o2)cc1,VC-3,missing,
27,27,CCCCc1ccc(-c2cc3cn(C/C=C4\OC(=O)C(OCc5ccccc5)=C4OCc4ccccc4)c(=O)nc3o2)cc1,VC-4,missing,
27,27,CCCCc1ccc(-c2cc3cn(C/C=C4\OC(=O)C(OCc5ccccc5)=C4OCc4ccccc4)c(=O)nc3o2)cc1,VC-5,missing,
27,27,CCCCc1ccc(-c2cc3cn(C/C=C4\OC(=O)C(OCc5ccccc5)=C4OCc4ccccc4)c(=O)nc3o2)cc1,VC-6,missing,
27,27,CCCCc1ccc(-c2cc3cn(C/C=C4\OC(=O)C(OCc5ccccc5)=C4OCc4ccccc4)c(=O)nc3o2)cc1,SPC-4,missing,
27,27,CCCCc1ccc(-c2cc3cn(C/C=C4\OC(=O)C(OCc5ccccc5)=C4OCc4ccccc4)c(=O)nc3o2)cc1,SPC-5,missing,
27,27,CCCCc1ccc(-c2cc3cn(C/C=C4\OC(=O)C(OCc5ccccc5)=C4OCc4ccccc4)c(=O)nc3o2)cc1,SPC-6,missing,
27,27,CCCCc1ccc(-c2cc3cn(C/C=C4\OC(=O)C(OCc5ccccc5)=C4OCc4ccccc4)c(=O)nc3o2)cc1,VPC-4,missing,
27,27,CCCCc1ccc(-c2cc3cn(C/C=C4\OC(=O)C(OCc5ccccc5)=C4OCc4ccccc4)c(=O)nc3o2)cc1,VPC-5,missing,
27,27,CCCCc1ccc(-c2cc3cn(C/C=C4\OC(=O)C(OCc5ccccc5)=C4OCc4ccccc4)c(=O)nc3o2)cc1,VPC-6,missing,
27,27,CCCCc1ccc(-c2cc3cn(C/C=C4\OC(=O)C(OCc5ccccc5)=C4OCc4ccccc4)c(=O)nc3o2)cc1,SP-0,missing,
27,27,CCCCc1ccc(-c2cc3cn(C/C=C4\OC(=O)C(OCc5ccccc5)=C4OCc4ccccc4)c(=O)nc3o2)cc1,SP-1,missing,
27,27,CCCCc1ccc(-c2cc3cn(C/C=C4\OC(=O)C(OCc5ccccc5)=C4OCc4ccccc4)c(=O)nc3o2)cc1,SP-2,missing,
27,27,CCCCc1ccc(-c2cc3cn(C/C=C4\OC(=O)C(OCc5ccccc5)=C4OCc4ccccc4)c(=O)nc3o2)cc1,SP-3,missing,
27,27,CCCCc1ccc(-c2cc3cn(C/C=C4\OC(=O)C(OCc5ccccc5)=C4OCc4ccccc4)c(=O)nc3o2)cc1,SP-4,missing,
27,27,CCCCc1ccc(-c2cc3cn(C/C=C4\OC(=O)C(OCc5ccccc5)=C4OCc4ccccc4)c(=O)nc3o2)cc1,SP-5,missing,
27,27,CCCCc1ccc(-c2cc3cn(C/C=C4\OC(=O)C(OCc5ccccc5)=C4OCc4ccccc4)c(=O)nc3o2)cc1,SP-6,missing,
27,27,CCCCc1ccc(-c2cc3cn(C/C=C4\OC(=O)C(OCc5ccccc5)=C4OCc4ccccc4)c(=O)nc3o2)cc1,SP-7,missing,
27,27,CCCCc1ccc(-c2cc3cn(C/C=C4\OC(=O)C(OCc5ccccc5)=C4OCc4ccccc4)c(=O)nc3o2)cc1,ASP-0,missing,
27,27,CCCCc1ccc(-c2cc3cn(C/C=C4\OC(=O)C(OCc5ccccc5)=C4OCc4ccccc4)c(=O)nc3o2)cc1,ASP-1,missing,
27,27,CCCCc1ccc(-c2cc3cn(C/C=C4\OC(=O)C(OCc5ccccc5)=C4OCc4ccccc4)c(=O)nc3o2)cc1,ASP-2,missing,
27,27,CCCCc1ccc(-c2cc3cn(C/C=C4\OC(=O)C(OCc5ccccc5)=C4OCc4ccccc4)c(=O)nc3o2)cc1,ASP-3,missing,
27,27,CCCCc1ccc(-c2cc3cn(C/C=C4\OC(=O)C(OCc5ccccc5)=C4OCc4ccccc4)c(=O)nc3o2)cc1,ASP-4,missing,
27,27,CCCCc1ccc(-c2cc3cn(C/C=C4\OC(=O)C(OCc5ccccc5)=C4OCc4ccccc4)c(=O)nc3o2)cc1,ASP-5,missing,
27,27,CCCCc1ccc(-c2cc3cn(C/C=C4\OC(=O)C(OCc5ccccc5)=C4OCc4ccccc4)c(=O)nc3o2)cc1,ASP-6,missing,
27,27,CCCCc1ccc(-c2cc3cn(C/C=C4\OC(=O)C(OCc5ccccc5)=C4OCc4ccccc4)c(=O)nc3o2)cc1,ASP-7,missing,
27,27,CCCCc1ccc(-c2cc3cn(C/C=C4\OC(=O)C(OCc5ccccc5)=C4OCc4ccccc4)c(=O)nc3o2)cc1,VP-0,missing,
27,27,CCCCc1ccc(-c2cc3cn(C/C=C4\OC(=O)C(OCc5ccccc5)=C4OCc4ccccc4)c(=O)nc3o2)cc1,VP-1,missing,
27,27,CCCCc1ccc(-c2cc3cn(C/C=C4\OC(=O)C(OCc5ccccc5)=C4OCc4ccccc4)c(=O)nc3o2)cc1,VP-2,missing,
27,27,CCCCc1ccc(-c2cc3cn(C/C=C4\OC(=O)C(OCc5ccccc5)=C4OCc4ccccc4)c(=O)nc3o2)cc1,VP-3,missing,
27,27,CCCCc1ccc(-c2cc3cn(C/C=C4\OC(=O)C(OCc5ccccc5)=C4OCc4ccccc4)c(=O)nc3o2)cc1,VP-4,missing,
27,27,CCCCc1ccc(-c2cc3cn(C/C=C4\OC(=O)C(OCc5ccccc5)=C4OCc4ccccc4)c(=O)nc3o2)cc1,VP-5,missing,
27,27,CCCCc1ccc(-c2cc3cn(C/C=C4\OC(=O)C(OCc5ccccc5)=C4OCc4ccccc4)c(=O)nc3o2)cc1,VP-6,missing,
27,27,CCCCc1ccc(-c2cc3cn(C/C=C4\OC(=O)C(OCc5ccccc5)=C4OCc4ccccc4)c(=O)nc3o2)cc1,VP-7,missing,
27,27,CCCCc1ccc(-c2cc3cn(C/C=C4\OC(=O)C(OCc5ccccc5)=C4OCc4ccccc4)c(=O)nc3o2)cc1,AVP-0,missing,
27,27,CCCCc1ccc(-c2cc3cn(C/C=C4\OC(=O)C(OCc5ccccc5)=C4OCc4ccccc4)c(=O)nc3o2)cc1,AVP-1,missing,
27,27,CCCCc1ccc(-c2cc3cn(C/C=C4\OC(=O)C(OCc5ccccc5)=C4OCc4ccccc4)c(=O)nc3o2)cc1,AVP-2,missing,
27,27,CCCCc1ccc(-c2cc3cn(C/C=C4\OC(=O)C(OCc5ccccc5)=C4OCc4ccccc4)c(=O)nc3o2)cc1,AVP-3,missing,
27,27,CCCCc1ccc(-c2cc3cn(C/C=C4\OC(=O)C(OCc5ccccc5)=C4OCc4ccccc4)c(=O)nc3o2)cc1,AVP-4,missing,
27,27,CCCCc1ccc(-c2cc3cn(C/C=C4\OC(=O)C(OCc5ccccc5)=C4OCc4ccccc4)c(=O)nc3o2)cc1,AVP-5,missing,
27,27,CCCCc1ccc(-c2cc3cn(C/C=C4\OC(=O)C(OCc5ccccc5)=C4OCc4ccccc4)c(=O)nc3o2)cc1,AVP-6,missing,
27,27,CCCCc1ccc(-c2cc3cn(C/C=C4\OC(=O)C(OCc5ccccc5)=C4OCc4ccccc4)c(=O)nc3o2)cc1,AVP-7,missing,
27,27,CCCCc1ccc(-c2cc3cn(C/C=C4\OC(=O)C(OCc5ccccc5)=C4OCc4ccccc4)c(=O)nc3o2)cc1,VABC,missing,
28,28,O=C1O/C(=C\Cn2cc(C#Cc3ccc(Br)cc3)c(=O)[nH]c2=O)C(OCc2ccccc2)=C1OCc1ccccc1,BCUTw-1l,missing,
28,28,O=C1O/C(=C\Cn2cc(C#Cc3ccc(Br)cc3)c(=O)[nH]c2=O)C(OCc2ccccc2)=C1OCc1ccccc1,BCUTw-1h,missing,
28,28,O=C1O/C(=C\Cn2cc(C#Cc3ccc(Br)cc3)c(=O)[nH]c2=O)C(OCc2ccccc2)=C1OCc1ccccc1,BCUTc-1l,missing,
28,28,O=C1O/C(=C\Cn2cc(C#Cc3ccc(Br)cc3)c(=O)[nH]c2=O)C(OCc2ccccc2)=C1OCc1ccccc1,BCUTc-1h,missing,
28,28,O=C1O/C(=C\Cn2cc(C#Cc3ccc(Br)cc3)c(=O)[nH]c2=O)C(OCc2ccccc2)=C1OCc1ccccc1,BCUTp-1l,missing,
28,28,O=C1O/C(=C\Cn2cc(C#Cc3ccc(Br)cc3)c(=O)[nH]c2=O)C(OCc2ccccc2)=C1OCc1ccccc1,BCUTp-1h,missing,
28,28,O=C1O/C(=C\Cn2cc(C#Cc3ccc(Br)cc3)c(=O)[nH]c2=O)C(OCc2ccccc2)=C1OCc1ccccc1,SCH-3,missing,
28,28,O=C1O/C(=C\Cn2cc(C#Cc3ccc(Br)cc3)c(=O)[nH]c2=O)C(OCc2ccccc2)=C1OCc1ccccc1,SCH-4,missing,
28,28,O=C1O/C(=C\Cn2cc(C#Cc3ccc(Br)cc3)c(=O)[nH]c2=O)C(OCc2ccccc2)=C1OCc1ccccc1,SCH-5,missing,
28,28,O=C1O/C(=C\Cn2cc(C#Cc3ccc(Br)cc3)c(=O)[nH]c2=O)C(OCc2ccccc2)=C1OCc1ccccc1,SCH-6,missing,
28,28,O=C1O/C(=C\Cn2cc(C#Cc3ccc(Br)cc3)c(=O)[nH]c2=O)C(OCc2ccccc2)=C1OCc1ccccc1,SCH-7,missing,
28,28,O=C1O/C(=C\Cn2cc(C#Cc3ccc(Br)cc3)c(=O)[nH]c2=O)C(OCc2ccccc2)=C1OCc1ccccc1,VCH-3,missing,
28,28,O=C1O/C(=C\Cn2cc(C#Cc3ccc(Br)cc3)c(=O)[nH]c2=O)C(OCc2ccccc2)=C1OCc1ccccc1,VCH-4,missing,
28,28,O=C1O/C(=C\Cn2cc(C#Cc3ccc(Br)cc3)c(=O)[nH]c2=O)C(OCc2ccccc2)=C1OCc1ccccc1,VCH-5,missing,
28,28,O=C1O/C(=C\Cn2cc(C#Cc3ccc(Br)cc3)c(=O)[nH]c2=O)C(OCc2ccccc2)=C1OCc1ccccc1,VCH-6,missing,
28,28,O=C1O/C(=C\Cn2cc(C#Cc3ccc(Br)cc3)c(=O)[nH]c2=O)C(OCc2ccccc2)=C1OCc1ccccc1,VCH-7,missing,
28,28,O=C1O/C(=C\Cn2cc(C#Cc3ccc(Br)cc3)c(=O)[nH]c2=O)C(OCc2ccccc2)=C1OCc1ccccc1,SC-3,missing,
28,28,O=C1O/C(=C\Cn2cc(C#Cc3ccc(Br)cc3)c(=O)[nH]c2=O)C(OCc2ccccc2)=C1OCc1ccccc1,SC-4,missing,
28,28,O=C1O/C(=C\Cn2cc(C#Cc3ccc(Br)cc3)c(=O)[nH]c2=O)C(OCc2ccccc2)=C1OCc1ccccc1,SC-5,missing,
28,28,O=C1O/C(=C\Cn2cc(C#Cc3ccc(Br)cc3)c(=O)[nH]c2=O)C(OCc2ccccc2)=C1OCc1ccccc1,SC-6,missing,
28,28,O=C1O/C(=C\Cn2cc(C#Cc3ccc(Br)cc3)c(=O)[nH]c2=O)C(OCc2ccccc2)=C1OCc1ccccc1,VC-3,missing,
28,28,O=C1O/C(=C\Cn2cc(C#Cc3ccc(Br)cc3)c(=O)[nH]c2=O)C(OCc2ccccc2)=C1OCc1ccccc1,VC-4,missing,
28,28,O=C1O/C(=C\Cn2cc(C#Cc3ccc(Br)cc3)c(=O)[nH]c2=O)C(OCc2ccccc2)=C1OCc1ccccc1,VC-5,missing,
28,28,O=C1O/C(=C\Cn2cc(C#Cc3ccc(Br)cc3)c(=O)[nH]c2=O)C(OCc2ccccc2)=C1OCc1ccccc1,VC-6,missing,
28,28,O=C1O/C(=C\Cn2cc(C#Cc3ccc(Br)cc3)c(=O)[nH]c2=O)C(OCc2ccccc2)=C1OCc1ccccc1,SPC-4,missing,
28,28,O=C1O/C(=C\Cn2cc(C#Cc3ccc(Br)cc3)c(=O)[nH]c2=O)C(OCc2ccccc2)=C1OCc1ccccc1,SPC-5,missing,
28,28,O=C1O/C(=C\Cn2cc(C#Cc3ccc(Br)cc3)c(=O)[nH]c2=O)C(OCc2ccccc2)=C1OCc1ccccc1,SPC-6,missing,
28,28,O=C1O/C(=C\Cn2cc(C#Cc3ccc(Br)cc3)c(=O)[nH]c2=O)C(OCc2ccccc2)=C1OCc1ccccc1,VPC-4,missing,
28,28,O=C1O/C(=C\Cn2cc(C#Cc3ccc(Br)cc3)c(=O)[nH]c2=O)C(OCc2ccccc2)=C1OCc1ccccc1,VPC-5,missing,
28,28,O=C1O/C(=C\Cn2cc(C#Cc3ccc(Br)cc3)c(=O)[nH]c2=O)C(OCc2ccccc2)=C1OCc1ccccc1,VPC-6,missing,
28,28,O=C1O/C(=C\Cn2cc(C#Cc3ccc(Br)cc3)c(=O)[nH]c2=O)C(OCc2ccccc2)=C1OCc1ccccc1,SP-0,missing,
28,28,O=C1O/C(=C\Cn2cc(C#Cc3ccc(Br)cc3)c(=O)[nH]c2=O)C(OCc2ccccc2)=C1OCc1ccccc1,SP-1,missing,
28,28,O=C1O/C(=C\Cn2cc(C#Cc3ccc(Br)cc3)c(=O)[nH]c2=O)C(OCc2ccccc2)=C1OCc1ccccc1,SP-2,missing,
28,28,O=C1O/C(=C\Cn2cc(C#Cc3ccc(Br)cc3)c(=O)[nH]c2=O)C(OCc2ccccc2)=C1OCc1ccccc1,SP-3,missing,
28,28,O=C1O/C(=C\Cn2cc(C#Cc3ccc(Br)cc3)c(=O)[nH]c2=O)C(OCc2ccccc2)=C1OCc1ccccc1,SP-4,missing,
28,28,O=C1O/C(=C\Cn2cc(C#Cc3ccc(Br)cc3)c(=O)[nH]c2=O)C(OCc2ccccc2)=C1OCc1ccccc1,SP-5,missing,
28,28,O=C1O/C(=C\Cn2cc(C#Cc3ccc(Br)cc3)c(=O)[nH]c2=O)C(OCc2ccccc2)=C1OCc1ccccc1,SP-6,missing,
28,28,O=C1O/C(=C\Cn2cc(C#Cc3ccc(Br)cc3)c(=O)[nH]c2=O)C(OCc2ccccc2)=C1OCc1ccccc1,SP-7,missing,
28,28,O=C1O/C(=C\Cn2cc(C#Cc3ccc(Br)cc3)c(=O)[nH]c2=O)C(OCc2ccccc2)=C1OCc1ccccc1,ASP-0,missing,
28,28,O=C1O/C(=C\Cn2cc(C#Cc3ccc(Br)cc3)c(=O)[nH]c2=O)C(OCc2ccccc2)=C1OCc1ccccc1,ASP-1,missing,
28,28,O=C1O/C(=C\Cn2cc(C#Cc3ccc(Br)cc3)c(=O)[nH]c2=O)C(OCc2ccccc2)=C1OCc1ccccc1,ASP-2,missing,
28,28,O=C1O/C(=C\Cn2cc(C#Cc3ccc(Br)cc3)c(=O)[nH]c2=O)C(OCc2ccccc2)=C1OCc1ccccc1,ASP-3,missing,
28,28,O=C1O/C(=C\Cn2cc(C#Cc3ccc(Br)cc3)c(=O)[nH]c2=O)C(OCc2ccccc2)=C1OCc1ccccc1,ASP-4,missing,
28,28,O=C1O/C(=C\Cn2cc(C#Cc3ccc(Br)cc3)c(=O)[nH]c2=O)C(OCc2ccccc2)=C1OCc1ccccc1,ASP-5,missing,
28,28,O=C1O/C(=C\Cn2cc(C#Cc3ccc(Br)cc3)c(=O)[nH]c2=O)C(OCc2ccccc2)=C1OCc1ccccc1,ASP-6,missing,
28,28,O=C1O/C(=C\Cn2cc(C#Cc3ccc(Br)cc3)c(=O)[nH]c2=O)C(OCc2ccccc2)=C1OCc1ccccc1,ASP-7,missing,
28,28,O=C1O/C(=C\Cn2cc(C#Cc3ccc(Br)cc3)c(=O)[nH]c2=O)C(OCc2ccccc2)=C1OCc1ccccc1,VP-0,missing,
28,28,O=C1O/C(=C\Cn2cc(C#Cc3ccc(Br)cc3)c(=O)[nH]c2=O)C(OCc2ccccc2)=C1OCc1ccccc1,VP-1,missing,
28,28,O=C1O/C(=C\Cn2cc(C#Cc3ccc(Br)cc3)c(=O)[nH]c2=O)C(OCc2ccccc2)=C1OCc1ccccc1,VP-2,missing,
28,28,O=C1O/C(=C\Cn2cc(C#Cc3ccc(Br)cc3)c(=O)[nH]c2=O)C(OCc2ccccc2)=C1OCc1ccccc1,VP-3,missing,
28,28,O=C1O/C(=C\Cn2cc(C#Cc3ccc(Br)cc3)c(=O)[nH]c2=O)C(OCc2ccccc2)=C1OCc1ccccc1,VP-4,missing,
28,28,O=C1O/C(=C\Cn2cc(C#Cc3ccc(Br)cc3)c(=O)[nH]c2=O)C(OCc2ccccc2)=C1OCc1ccccc1,VP-5,missing,
28,28,O=C1O/C(=C\Cn2cc(C#Cc3ccc(Br)cc3)c(=O)[nH]c2=O)C(OCc2ccccc2)=C1OCc1ccccc1,VP-6,missing,
28,28,O=C1O/C(=C\Cn2cc(C#Cc3ccc(Br)cc3)c(=O)[nH]c2=O)C(OCc2ccccc2)=C1OCc1ccccc1,VP-7,missing,
28,28,O=C1O/C(=C\Cn2cc(C#Cc3ccc(Br)cc3)c(=O)[nH]c2=O)C(OCc2ccccc2)=C1OCc1ccccc1,AVP-0,missing,
28,28,O=C1O/C(=C\Cn2cc(C#Cc3ccc(Br)cc3)c(=O)[nH]c2=O)C(OCc2ccccc2)=C1OCc1ccccc1,AVP-1,missing,
28,28,O=C1O/C(=C\Cn2cc(C#Cc3ccc(Br)cc3)c(=O)[nH]c2=O)C(OCc2ccccc2)=C1OCc1ccccc1,AVP-2,missing,
28,28,O=C1O/C(=C\Cn2cc(C#Cc3ccc(Br)cc3)c(=O)[nH]c2=O)C(OCc2ccccc2)=C1OCc1ccccc1,AVP-3,missing,
28,28,O=C1O/C(=C\Cn2cc(C#Cc3ccc(Br)cc3)c(=O)[nH]c2=O)C(OCc2ccccc2)=C1OCc1ccccc1,AVP-4,missing,
28,28,O=C1O/C(=C\Cn2cc(C#Cc3ccc(Br)cc3)c(=O)[nH]c2=O)C(OCc2ccccc2)=C1OCc1ccccc1,AVP-5,missing,
28,28,O=C1O/C(=C\Cn2cc(C#Cc3ccc(Br)cc3)c(=O)[nH]c2=O)C(OCc2ccccc2)=C1OCc1ccccc1,AVP-6,missing,
28,28,O=C1O/C(=C\Cn2cc(C#Cc3ccc(Br)cc3)c(=O)[nH]c2=O)C(OCc2ccccc2)=C1OCc1ccccc1,AVP-7,missing,
28,28,O=C1O/C(=C\Cn2cc(C#Cc3ccc(Br)cc3)c(=O)[nH]c2=O)C(OCc2ccccc2)=C1OCc1ccccc1,VABC,missing,
29,29,CCCCc1ccc(C#Cc2cn(C/C=C3\OC(=O)C(OCc4ccccc4)=C3OCc3ccccc3)c(=O)[nH]c2=O)cc1,BCUTw-1l,missing,
29,29,CCCCc1ccc(C#Cc2cn(C/C=C3\OC(=O)C(OCc4ccccc4)=C3OCc3ccccc3)c(=O)[nH]c2=O)cc1,BCUTw-1h,missing,
29,29,CCCCc1ccc(C#Cc2cn(C/C=C3\OC(=O)C(OCc4ccccc4)=C3OCc3ccccc3)c(=O)[nH]c2=O)cc1,BCUTc-1l,missing,
29,29,CCCCc1ccc(C#Cc2cn(C/C=C3\OC(=O)C(OCc4ccccc4)=C3OCc3ccccc3)c(=O)[nH]c2=O)cc1,BCUTc-1h,missing,
29,29,CCCCc1ccc(C#Cc2cn(C/C=C3\OC(=O)C(OCc4ccccc4)=C3OCc3ccccc3)c(=O)[nH]c2=O)cc1,BCUTp-1l,missing,
29,29,CCCCc1ccc(C#Cc2cn(C/C=C3\OC(=O)C(OCc4ccccc4)=C3OCc3ccccc3)c(=O)[nH]c2=O)cc1,BCUTp-1h,missing,
29,29,CCCCc1ccc(C#Cc2cn(C/C=C3\OC(=O)C(OCc4ccccc4)=C3OCc3ccccc3)c(=O)[nH]c2=O)cc1,SCH-3,missing,
29,29,CCCCc1ccc(C#Cc2cn(C/C=C3\OC(=O)C(OCc4ccccc4)=C3OCc3ccccc3)c(=O)[nH]c2=O)cc1,SCH-4,missing,
29,29,CCCCc1ccc(C#Cc2cn(C/C=C3\OC(=O)C(OCc4ccccc4)=C3OCc3ccccc3)c(=O)[nH]c2=O)cc1,SCH-5,missing,
29,29,CCCCc1ccc(C#Cc2cn(C/C=C3\OC(=O)C(OCc4ccccc4)=C3OCc3ccccc3)c(=O)[nH]c2=O)cc1,SCH-6,missing,
29,29,CCCCc1ccc(C#Cc2cn(C/C=C3\OC(=O)C(OCc4ccccc4)=C3OCc3ccccc3)c(=O)[nH]c2=O)cc1,SCH-7,missing,
29,29,CCCCc1ccc(C#Cc2cn(C/C=C3\OC(=O)C(OCc4ccccc4)=C3OCc3ccccc3)c(=O)[nH]c2=O)cc1,VCH-3,missing,
29,29,CCCCc1ccc(C#Cc2cn(C/C=C3\OC(=O)C(OCc4ccccc4)=C3OCc3ccccc3)c(=O)[nH]c2=O)cc1,VCH-4,missing,
29,29,CCCCc1ccc(C#Cc2cn(C/C=C3\OC(=O)C(OCc4ccccc4)=C3OCc3ccccc3)c(=O)[nH]c2=O)cc1,VCH-5,missing,
29,29,CCCCc1ccc(C#Cc2cn(C/C=C3\OC(=O)C(OCc4ccccc4)=C3OCc3ccccc3)c(=O)[nH]c2=O)cc1,VCH-6,missing,
29,29,CCCCc1ccc(C#Cc2cn(C/C=C3\OC(=O)C(OCc4ccccc4)=C3OCc3ccccc3)c(=O)[nH]c2=O)cc1,VCH-7,missing,
29,29,CCCCc1ccc(C#Cc2cn(C/C=C3\OC(=O)C(OCc4ccccc4)=C3OCc3ccccc3)c(=O)[nH]c2=O)cc1,SC-3,missing,
29,29,CCCCc1ccc(C#Cc2cn(C/C=C3\OC(=O)C(OCc4ccccc4)=C3OCc3ccccc3)c(=O)[nH]c2=O)cc1,SC-4,missing,
29,29,CCCCc1ccc(C#Cc2cn(C/C=C3\OC(=O)C(OCc4ccccc4)=C3OCc3ccccc3)c(=O)[nH]c2=O)cc1,SC-5,missing,
29,29,CCCCc1ccc(C#Cc2cn(C/C=C3\OC(=O)C(OCc4ccccc4)=C3OCc3ccccc3)c(=O)[nH]c2=O)cc1,SC-6,missing,
29,29,CCCCc1ccc(C#Cc2cn(C/C=C3\OC(=O)C(OCc4ccccc4)=C3OCc3ccccc3)c(=O)[nH]c2=O)cc1,VC-3,missing,
29,29,CCCCc1ccc(C#Cc2cn(C/C=C3\OC(=O)C(OCc4ccccc4)=C3OCc3ccccc3)c(=O)[nH]c2=O)cc1,VC-4,missing,
29,29,CCCCc1ccc(C#Cc2cn(C/C=C3\OC(=O)C(OCc4ccccc4)=C3OCc3ccccc3)c(=O)[nH]c2=O)cc1,VC-5,missing,
29,29,CCCCc1ccc(C#Cc2cn(C/C=C3\OC(=O)C(OCc4ccccc4)=C3OCc3ccccc3)c(=O)[nH]c2=O)cc1,VC-6,missing,
29,29,CCCCc1ccc(C#Cc2cn(C/C=C3\OC(=O)C(OCc4ccccc4)=C3OCc3ccccc3)c(=O)[nH]c2=O)cc1,SPC-4,missing,
29,29,CCCCc1ccc(C#Cc2cn(C/C=C3\OC(=O)C(OCc4ccccc4)=C3OCc3ccccc3)c(=O)[nH]c2=O)cc1,SPC-5,missing,
29,29,CCCCc1ccc(C#Cc2cn(C/C=C3\OC(=O)C(OCc4ccccc4)=C3OCc3ccccc3)c(=O)[nH]c2=O)cc1,SPC-6,missing,
29,29,CCCCc1ccc(C#Cc2cn(C/C=C3\OC(=O)C(OCc4ccccc4)=C3OCc3ccccc3)c(=O)[nH]c2=O)cc1,VPC-4,missing,
29,29,CCCCc1ccc(C#Cc2cn(C/C=C3\OC(=O)C(OCc4ccccc4)=C3OCc3ccccc3)c(=O)[nH]c2=O)cc1,VPC-5,missing,
29,29,CCCCc1ccc(C#Cc2cn(C/C=C3\OC(=O)C(OCc4ccccc4)=C3OCc3ccccc3)c(=O)[nH]c2=O)cc1,VPC-6,missing,
29,29,CCCCc1ccc(C#Cc2cn(C/C=C3\OC(=O)C(OCc4ccccc4)=C3OCc3ccccc3)c(=O)[nH]c2=O)cc1,SP-0,missing,
29,29,CCCCc1ccc(C#Cc2cn(C/C=C3\OC(=O)C(OCc4ccccc4)=C3OCc3ccccc3)c(=O)[nH]c2=O)cc1,SP-1,missing,
29,29,CCCCc1ccc(C#Cc2cn(C/C=C3\OC(=O)C(OCc4ccccc4)=C3OCc3ccccc3)c(=O)[nH]c2=O)cc1,SP-2,missing,
29,29,CCCCc1ccc(C#Cc2cn(C/C=C3\OC(=O)C(OCc4ccccc4)=C3OCc3ccccc3)c(=O)[nH]c2=O)cc1,SP-3,missing,
29,29,CCCCc1ccc(C#Cc2cn(C/C=C3\OC(=O)C(OCc4ccccc4)=C3OCc3ccccc3)c(=O)[nH]c2=O)cc1,SP-4,missing,
29,29,CCCCc1ccc(C#Cc2cn(C/C=C3\OC(=O)C(OCc4ccccc4)=C3OCc3ccccc3)c(=O)[nH]c2=O)cc1,SP-5,missing,
29,29,CCCCc1ccc(C#Cc2cn(C/C=C3\OC(=O)C(OCc4ccccc4)=C3OCc3ccccc3)c(=O)[nH]c2=O)cc1,SP-6,missing,
29,29,CCCCc1ccc(C#Cc2cn(C/C=C3\OC(=O)C(OCc4ccccc4)=C3OCc3ccccc3)c(=O)[nH]c2=O)cc1,SP-7,missing,
29,29,CCCCc1ccc(C#Cc2cn(C/C=C3\OC(=O)C(OCc4ccccc4)=C3OCc3ccccc3)c(=O)[nH]c2=O)cc1,ASP-0,missing,
29,29,CCCCc1ccc(C#Cc2cn(C/C=C3\OC(=O)C(OCc4ccccc4)=C3OCc3ccccc3)c(=O)[nH]c2=O)cc1,ASP-1,missing,
29,29,CCCCc1ccc(C#Cc2cn(C/C=C3\OC(=O)C(OCc4ccccc4)=C3OCc3ccccc3)c(=O)[nH]c2=O)cc1,ASP-2,missing,
29,29,CCCCc1ccc(C#Cc2cn(C/C=C3\OC(=O)C(OCc4ccccc4)=C3OCc3ccccc3)c(=O)[nH]c2=O)cc1,ASP-3,missing,
29,29,CCCCc1ccc(C#Cc2cn(C/C=C3\OC(=O)C(OCc4ccccc4)=C3OCc3ccccc3)c(=O)[nH]c2=O)cc1,ASP-4,missing,
29,29,CCCCc1ccc(C#Cc2cn(C/C=C3\OC(=O)C(OCc4ccccc4)=C3OCc3ccccc3)c(=O)[nH]c2=O)cc1,ASP-5,missing,
29,29,CCCCc1ccc(C#Cc2cn(C/C=C3\OC(=O)C(OCc4ccccc4)=C3OCc3ccccc3)c(=O)[nH]c2=O)cc1,ASP-6,missing,
29,29,CCCCc1ccc(C#Cc2cn(C/C=C3\OC(=O)C(OCc4ccccc4)=C3OCc3ccccc3)c(=O)[nH]c2=O)cc1,ASP-7,missing,
29,29,CCCCc1ccc(C#Cc2cn(C/C=C3\OC(=O)C(OCc4ccccc4)=C3OCc3ccccc3)c(=O)[nH]c2=O)cc1,VP-0,missing,
29,29,CCCCc1ccc(C#Cc2cn(C/C=C3\OC(=O)C(OCc4ccccc4)=C3OCc3ccccc3)c(=O)[nH]c2=O)cc1,VP-1,missing,
29,29,CCCCc1ccc(C#Cc2cn(C/C=C3\OC(=O)C(OCc4ccccc4)=C3OCc3ccccc3)c(=O)[nH]c2=O)cc1,VP-2,missing,
29,29,CCCCc1ccc(C#Cc2cn(C/C=C3\OC(=O)C(OCc4ccccc4)=C3OCc3ccccc3)c(=O)[nH]c2=O)cc1,VP-3,missing,
29,29,CCCCc1ccc(C#Cc2cn(C/C=C3\OC(=O)C(OCc4ccccc4)=C3OCc3ccccc3)c(=O)[nH]c2=O)cc1,VP-4,missing,
29,29,CCCCc1ccc(C#Cc2cn(C/C=C3\OC(=O)C(OCc4ccccc4)=C3OCc3ccccc3)c(=O)[nH]c2=O)cc1,VP-5,missing,
29,29,CCCCc1ccc(C#Cc2cn(C/C=C3\OC(=O)C(OCc4ccccc4)=C3OCc3ccccc3)c(=O)[nH]c2=O)cc1,VP-6,missing,
29,29,CCCCc1ccc(C#Cc2cn(C/C=C3\OC(=O)C(OCc4ccccc4)=C3OCc3ccccc3)c(=O)[nH]c2=O)cc1,VP-7,missing,
29,29,CCCCc1ccc(C#Cc2cn(C/C=C3\OC(=O)C(OCc4ccccc4)=C3OCc3ccccc3)c(=O)[nH]c2=O)cc1,AVP-0,missing,
29,29,CCCCc1ccc(C#Cc2cn(C/C=C3\OC(=O)C(OCc4ccccc4)=C3OCc3ccccc3)c(=O)[nH]c2=O)cc1,AVP-1,missing,
29,29,CCCCc1ccc(C#Cc2cn(C/C=C3\OC(=O)C(OCc4ccccc4)=C3OCc3ccccc3)c(=O)[nH]c2=O)cc1,AVP-2,missing,
29,29,CCCCc1ccc(C#Cc2cn(C/C=C3\OC(=O)C(OCc4ccccc4)=C3OCc3ccccc3)c(=O)[nH]c2=O)cc1,AVP-3,missing,
29,29,CCCCc1ccc(C#Cc2cn(C/C=C3\OC(=O)C(OCc4ccccc4)=C3OCc3ccccc3)c(=O)[nH]c2=O)cc1,AVP-4,missing,
29,29,CCCCc1ccc(C#Cc2cn(C/C=C3\OC(=O)C(OCc4ccccc4)=C3OCc3ccccc3)c(=O)[nH]c2=O)cc1,AVP-5,missing,
29,29,CCCCc1ccc(C#Cc2cn(C/C=C3\OC(=O)C(OCc4ccccc4)=C3OCc3ccccc3)c(=O)[nH]c2=O)cc1,AVP-6,missing,
29,29,CCCCc1ccc(C#Cc2cn(C/C=C3\OC(=O)C(OCc4ccccc4)=C3OCc3ccccc3)c(=O)[nH]c2=O)cc1,AVP-7,missing,
29,29,CCCCc1ccc(C#Cc2cn(C/C=C3\OC(=O)C(OCc4ccccc4)=C3OCc3ccccc3)c(=O)[nH]c2=O)cc1,VABC,missing,
30,30,CCCCCc1ccc(C#Cc2cn(C/C=C3\OC(=O)C(OCc4ccccc4)=C3OCc3ccccc3)c(=O)[nH]c2=O)cc1,BCUTw-1l,missing,
30,30,CCCCCc1ccc(C#Cc2cn(C/C=C3\OC(=O)C(OCc4ccccc4)=C3OCc3ccccc3)c(=O)[nH]c2=O)cc1,BCUTw-1h,missing,
30,30,CCCCCc1ccc(C#Cc2cn(C/C=C3\OC(=O)C(OCc4ccccc4)=C3OCc3ccccc3)c(=O)[nH]c2=O)cc1,BCUTc-1l,missing,
30,30,CCCCCc1ccc(C#Cc2cn(C/C=C3\OC(=O)C(OCc4ccccc4)=C3OCc3ccccc3)c(=O)[nH]c2=O)cc1,BCUTc-1h,missing,
30,30,CCCCCc1ccc(C#Cc2cn(C/C=C3\OC(=O)C(OCc4ccccc4)=C3OCc3ccccc3)c(=O)[nH]c2=O)cc1,BCUTp-1l,missing,
30,30,CCCCCc1ccc(C#Cc2cn(C/C=C3\OC(=O)C(OCc4ccccc4)=C3OCc3ccccc3)c(=O)[nH]c2=O)cc1,BCUTp-1h,missing,
30,30,CCCCCc1ccc(C#Cc2cn(C/C=C3\OC(=O)C(OCc4ccccc4)=C3OCc3ccccc3)c(=O)[nH]c2=O)cc1,SCH-3,missing,
30,30,CCCCCc1ccc(C#Cc2cn(C/C=C3\OC(=O)C(OCc4ccccc4)=C3OCc3ccccc3)c(=O)[nH]c2=O)cc1,SCH-4,missing,
30,30,CCCCCc1ccc(C#Cc2cn(C/C=C3\OC(=O)C(OCc4ccccc4)=C3OCc3ccccc3)c(=O)[nH]c2=O)cc1,SCH-5,missing,
30,30,CCCCCc1ccc(C#Cc2cn(C/C=C3\OC(=O)C(OCc4ccccc4)=C3OCc3ccccc3)c(=O)[nH]c2=O)cc1,SCH-6,missing,
30,30,CCCCCc1ccc(C#Cc2cn(C/C=C3\OC(=O)C(OCc4ccccc4)=C3OCc3ccccc3)c(=O)[nH]c2=O)cc1,SCH-7,missing,
30,30,CCCCCc1ccc(C#Cc2cn(C/C=C3\OC(=O)C(OCc4ccccc4)=C3OCc3ccccc3)c(=O)[nH]c2=O)cc1,VCH-3,missing,
30,30,CCCCCc1ccc(C#Cc2cn(C/C=C3\OC(=O)C(OCc4ccccc4)=C3OCc3ccccc3)c(=O)[nH]c2=O)cc1,VCH-4,missing,
30,30,CCCCCc1ccc(C#Cc2cn(C/C=C3\OC(=O)C(OCc4ccccc4)=C3OCc3ccccc3)c(=O)[nH]c2=O)cc1,VCH-5,missing,
30,30,CCCCCc1ccc(C#Cc2cn(C/C=C3\OC(=O)C(OCc4ccccc4)=C3OCc3ccccc3)c(=O)[nH]c2=O)cc1,VCH-6,missing,
30,30,CCCCCc1ccc(C#Cc2cn(C/C=C3\OC(=O)C(OCc4ccccc4)=C3OCc3ccccc3)c(=O)[nH]c2=O)cc1,VCH-7,missing,
30,30,CCCCCc1ccc(C#Cc2cn(C/C=C3\OC(=O)C(OCc4ccccc4)=C3OCc3ccccc3)c(=O)[nH]c2=O)cc1,SC-3,missing,
30,30,CCCCCc1ccc(C#Cc2cn(C/C=C3\OC(=O)C(OCc4ccccc4)=C3OCc3ccccc3)c(=O)[nH]c2=O)cc1,SC-4,missing,
30,30,CCCCCc1ccc(C#Cc2cn(C/C=C3\OC(=O)C(OCc4ccccc4)=C3OCc3ccccc3)c(=O)[nH]c2=O)cc1,SC-5,missing,
30,30,CCCCCc1ccc(C#Cc2cn(C/C=C3\OC(=O)C(OCc4ccccc4)=C3OCc3ccccc3)c(=O)[nH]c2=O)cc1,SC-6,missing,
30,30,CCCCCc1ccc(C#Cc2cn(C/C=C3\OC(=O)C(OCc4ccccc4)=C3OCc3ccccc3)c(=O)[nH]c2=O)cc1,VC-3,missing,
30,30,CCCCCc1ccc(C#Cc2cn(C/C=C3\OC(=O)C(OCc4ccccc4)=C3OCc3ccccc3)c(=O)[nH]c2=O)cc1,VC-4,missing,
30,30,CCCCCc1ccc(C#Cc2cn(C/C=C3\OC(=O)C(OCc4ccccc4)=C3OCc3ccccc3)c(=O)[nH]c2=O)cc1,VC-5,missing,
30,30,CCCCCc1ccc(C#Cc2cn(C/C=C3\OC(=O)C(OCc4ccccc4)=C3OCc3ccccc3)c(=O)[nH]c2=O)cc1,VC-6,missing,
30,30,CCCCCc1ccc(C#Cc2cn(C/C=C3\OC(=O)C(OCc4ccccc4)=C3OCc3ccccc3)c(=O)[nH]c2=O)cc1,SPC-4,missing,
30,30,CCCCCc1ccc(C#Cc2cn(C/C=C3\OC(=O)C(OCc4ccccc4)=C3OCc3ccccc3)c(=O)[nH]c2=O)cc1,SPC-5,missing,
30,30,CCCCCc1ccc(C#Cc2cn(C/C=C3\OC(=O)C(OCc4ccccc4)=C3OCc3ccccc3)c(=O)[nH]c2=O)cc1,SPC-6,missing,
30,30,CCCCCc1ccc(C#Cc2cn(C/C=C3\OC(=O)C(OCc4ccccc4)=C3OCc3ccccc3)c(=O)[nH]c2=O)cc1,VPC-4,missing,
30,30,CCCCCc1ccc(C#Cc2cn(C/C=C3\OC(=O)C(OCc4ccccc4)=C3OCc3ccccc3)c(=O)[nH]c2=O)cc1,VPC-5,missing,
30,30,CCCCCc1ccc(C#Cc2cn(C/C=C3\OC(=O)C(OCc4ccccc4)=C3OCc3ccccc3)c(=O)[nH]c2=O)cc1,VPC-6,missing,
30,30,CCCCCc1ccc(C#Cc2cn(C/C=C3\OC(=O)C(OCc4ccccc4)=C3OCc3ccccc3)c(=O)[nH]c2=O)cc1,SP-0,missing,
30,30,CCCCCc1ccc(C#Cc2cn(C/C=C3\OC(=O)C(OCc4ccccc4)=C3OCc3ccccc3)c(=O)[nH]c2=O)cc1,SP-1,missing,
30,30,CCCCCc1ccc(C#Cc2cn(C/C=C3\OC(=O)C(OCc4ccccc4)=C3OCc3ccccc3)c(=O)[nH]c2=O)cc1,SP-2,missing,
30,30,CCCCCc1ccc(C#Cc2cn(C/C=C3\OC(=O)C(OCc4ccccc4)=C3OCc3ccccc3)c(=O)[nH]c2=O)cc1,SP-3,missing,
30,30,CCCCCc1ccc(C#Cc2cn(C/C=C3\OC(=O)C(OCc4ccccc4)=C3OCc3ccccc3)c(=O)[nH]c2=O)cc1,SP-4,missing,
30,30,CCCCCc1ccc(C#Cc2cn(C/C=C3\OC(=O)C(OCc4ccccc4)=C3OCc3ccccc3)c(=O)[nH]c2=O)cc1,SP-5,missing,
30,30,CCCCCc1ccc(C#Cc2cn(C/C=C3\OC(=O)C(OCc4ccccc4)=C3OCc3ccccc3)c(=O)[nH]c2=O)cc1,SP-6,missing,
30,30,CCCCCc1ccc(C#Cc2cn(C/C=C3\OC(=O)C(OCc4ccccc4)=C3OCc3ccccc3)c(=O)[nH]c2=O)cc1,SP-7,missing,
30,30,CCCCCc1ccc(C#Cc2cn(C/C=C3\OC(=O)C(OCc4ccccc4)=C3OCc3ccccc3)c(=O)[nH]c2=O)cc1,ASP-0,missing,
30,30,CCCCCc1ccc(C#Cc2cn(C/C=C3\OC(=O)C(OCc4ccccc4)=C3OCc3ccccc3)c(=O)[nH]c2=O)cc1,ASP-1,missing,
30,30,CCCCCc1ccc(C#Cc2cn(C/C=C3\OC(=O)C(OCc4ccccc4)=C3OCc3ccccc3)c(=O)[nH]c2=O)cc1,ASP-2,missing,
30,30,CCCCCc1ccc(C#Cc2cn(C/C=C3\OC(=O)C(OCc4ccccc4)=C3OCc3ccccc3)c(=O)[nH]c2=O)cc1,ASP-3,missing,
30,30,CCCCCc1ccc(C#Cc2cn(C/C=C3\OC(=O)C(OCc4ccccc4)=C3OCc3ccccc3)c(=O)[nH]c2=O)cc1,ASP-4,missing,
30,30,CCCCCc1ccc(C#Cc2cn(C/C=C3\OC(=O)C(OCc4ccccc4)=C3OCc3ccccc3)c(=O)[nH]c2=O)cc1,ASP-5,missing,
30,30,CCCCCc1ccc(C#Cc2cn(C/C=C3\OC(=O)C(OCc4ccccc4)=C3OCc3ccccc3)c(=O)[nH]c2=O)cc1,ASP-6,missing,
30,30,CCCCCc1ccc(C#Cc2cn(C/C=C3\OC(=O)C(OCc4ccccc4)=C3OCc3ccccc3)c(=O)[nH]c2=O)cc1,ASP-7,missing,
30,30,CCCCCc1ccc(C#Cc2cn(C/C=C3\OC(=O)C(OCc4ccccc4)=C3OCc3ccccc3)c(=O)[nH]c2=O)cc1,VP-0,missing,
30,30,CCCCCc1ccc(C#Cc2cn(C/C=C3\OC(=O)C(OCc4ccccc4)=C3OCc3ccccc3)c(=O)[nH]c2=O)cc1,VP-1,missing,
30,30,CCCCCc1ccc(C#Cc2cn(C/C=C3\OC(=O)C(OCc4ccccc4)=C3OCc3ccccc3)c(=O)[nH]c2=O)cc1,VP-2,missing,
30,30,CCCCCc1ccc(C#Cc2cn(C/C=C3\OC(=O)C(OCc4ccccc4)=C3OCc3ccccc3)c(=O)[nH]c2=O)cc1,VP-3,missing,
30,30,CCCCCc1ccc(C#Cc2cn(C/C=C3\OC(=O)C(OCc4ccccc4)=C3OCc3ccccc3)c(=O)[nH]c2=O)cc1,VP-4,missing,
30,30,CCCCCc1ccc(C#Cc2cn(C/C=C3\OC(=O)C(OCc4ccccc4)=C3OCc3ccccc3)c(=O)[nH]c2=O)cc1,VP-5,missing,
30,30,CCCCCc1ccc(C#Cc2cn(C/C=C3\OC(=O)C(OCc4ccccc4)=C3OCc3ccccc3)c(=O)[nH]c2=O)cc1,VP-6,missing,
30,30,CCCCCc1ccc(C#Cc2cn(C/C=C3\OC(=O)C(OCc4ccccc4)=C3OCc3ccccc3)c(=O)[nH]c2=O)cc1,VP-7,missing,
30,30,CCCCCc1ccc(C#Cc2cn(C/C=C3\OC(=O)C(OCc4ccccc4)=C3OCc3ccccc3)c(=O)[nH]c2=O)cc1,AVP-0,missing,
30,30,CCCCCc1ccc(C#Cc2cn(C/C=C3\OC(=O)C(OCc4ccccc4)=C3OCc3ccccc3)c(=O)[nH]c2=O)cc1,AVP-1,missing,
30,30,CCCCCc1ccc(C#Cc2cn(C/C=C3\OC(=O)C(OCc4ccccc4)=C3OCc3ccccc3)c(=O)[nH]c2=O)cc1,AVP-2,missing,
30,30,CCCCCc1ccc(C#Cc2cn(C/C=C3\OC(=O)C(OCc4ccccc4)=C3OCc3ccccc3)c(=O)[nH]c2=O)cc1,AVP-3,missing,
30,30,CCCCCc1ccc(C#Cc2cn(C/C=C3\OC(=O)C(OCc4ccccc4)=C3OCc3ccccc3)c(=O)[nH]c2=O)cc1,AVP-4,missing,
30,30,CCCCCc1ccc(C#Cc2cn(C/C=C3\OC(=O)C(OCc4ccccc4)=C3OCc3ccccc3)c(=O)[nH]c2=O)cc1,AVP-5,missing,
30,30,CCCCCc1ccc(C#Cc2cn(C/C=C3\OC(=O)C(OCc4ccccc4)=C3OCc3ccccc3)c(=O)[nH]c2=O)cc1,AVP-6,missing,
30,30,CCCCCc1ccc(C#Cc2cn(C/C=C3\OC(=O)C(OCc4ccccc4)=C3OCc3ccccc3)c(=O)[nH]c2=O)cc1,AVP-7,missing,
30,30,CCCCCc1ccc(C#Cc2cn(C/C=C3\OC(=O)C(OCc4ccccc4)=C3OCc3ccccc3)c(=O)[nH]c2=O)cc1,VABC,missing,
