ALogP,ALogp2,nX,ATS0m,AATS4m,AATS5m,AATS1v,AATS4v,AATS5v,AATS0e,AATS3p,AATS4p,AATS5p,AATS6p,AATS0i,AATS1i,AATS0s,ATSC0e,ATSC1e,ATSC0s,AATSC0m,AATSC0i,AATSC0s,MATS1c,GATS2s,SM1_Dzm,BCUTw-1h,BCUTp-1l,SpMax3_Bhp,SpMax3_Bhs,VPC-4,VPC-5,CrippenLogP,SwHBa,SaasC,SsCl,minwHBa,minaaCH,minaasC,maxwHBa,maxaasC,maxsCl,meanI,gmax,LipoaffinityIndex,MAXDN,nHBAcc,IC0,CIC0,CIC1,MIC0,ZMIC1,ZMIC5,MDEC-34,MLFER_BH,LipinskiFailures,TopoPSA,XLogP,Label
-0.8408,0.70694464,0.0,3005.403299999999,45.73200636842108,53.275999092307735,281.2523877632807,167.86377950782645,192.852034437186,7.322999555555558,1.4241620583353152,1.3058886840431827,1.4747502453520904,1.4385934404451546,157.31836021188846,144.1034116666632,2.6558641975308643,0.7125688888888875,-0.0561382716049373,9.533950617283953,31.18642222222222,1.5342013694491343,0.2648319615912208,-0.5371903161640849,0.8633862091291677,0.2850003569644457,14.00409227999635,6.586308959960938,3.6897866520529257,3.70478316991457,0.5515668461264172,0.7033474465469103,6.373980000000003,32.93226725875535,4.344593028824631,0.0,1.0785293314856808,2.01196263986668,1.0785293314856808,2.0677314814814816,1.0937671829266349,0.0,1.9833333333333336,3.3671997039556563,9.416633200514212,0.588137335180986,2.0,1.2516291673878228,3.918295834054489,3.2946093838225807,9.768022554765356,64.08879303056766,51.22857502740394,0.0,1.839,1.0,24.06,6.602000000000002,1
0.7443,0.55398249,1.0,2706.456157999999,61.74706656249997,59.27386681818178,311.78095482608273,181.59162990922897,148.23359581798755,7.472779611111109,1.723091228405158,1.4917209638826574,1.2981973715428634,1.1666902029396002,151.69591960481353,137.5060607931211,2.508010296533388,0.690686277777778,0.000375929012346,3.6005097461430333,68.74150428395062,1.279688644343249,0.2000283192301685,-0.3635574344043353,0.9767184916735848,0.6611847672778488,34.96937986400086,6.209405095118074,2.9172073929508944,2.9358935500082,0.5820543870642514,0.735825436560041,3.4932000000000007,19.37532536883066,1.486450617283951,0.9703536435150192,1.3438580246913585,2.0804831191735955,1.486450617283951,2.276406035665295,1.486450617283951,0.9703536435150192,1.8496071829405163,2.276406035665295,6.038852211864169,0.3753253688306598,0.0,1.2326602568158207,2.9372647446264915,2.2946093838225807,14.288319304760332,35.51933401648576,25.68621667532054,0.0,0.186,0.0,0.0,4.979000000000001,1
-1.9133999999999995,3.6610995599999976,0.0,1318.698368999998,16.962205412698356,16.145596518518524,202.9595550501789,96.75264057412524,94.23366687434758,6.9735835862069,0.9186915815911676,0.9067343653201284,0.8907914102920756,0.8684712732528009,166.87938776879244,145.60020724921432,1.5086206896551724,0.1472027586206895,-0.0112799048751456,2.706896551724142,25.91186875148632,1.1700883280865868,0.0933412604042807,-0.1100825287465469,1.1493276716206635,3.552713678800501e-15,12.110134441590946,5.107464721976749,3.045997117535607,3.139408609674708,0.0,0.0,3.7569000000000026,0.0,0.0,0.0,0.0,0.0,0.0,0.0,0.0,0.0,1.6111111111111112,2.2637110260770976,6.7626288973922914,0.1328125,0.0,0.8935711016541907,3.9644098934733822,3.727242977660362,6.65913786016461,31.375750671093662,34.817066149104086,0.0,0.0849999999999999,1.0,0.0,5.461,1
2.4316,5.91267856,5.0,8568.322770999997,131.81254205633806,122.50191902777772,332.1789709733986,249.15906245548595,229.56937096131296,8.267697965517245,1.975955238021151,1.918143777230929,1.840611753649888,1.780309063772274,153.98718201259453,139.85067828697836,3.4582886597396323,3.349254758620692,-0.2270657158145061,24.457722356242986,132.25878089655183,1.1780385354081084,0.843369736422172,-0.5210287197810506,0.8990701626839538,3.5551894154879093,34.9729788564561,6.211919921875002,3.392778347962335,3.756411295924324,3.261076419519284,4.275170770736527,5.0257,22.433850668296586,5.038065633660873,4.353463656610336,1.1061495338876293,2.1578521038044847,1.1061495338876293,2.1910941548544427,1.412883282942807,0.888657796223199,1.8947530864197528,11.621638951877046,7.419562765312342,1.987208504801097,1.0,1.6358453262922592,3.222135668835313,2.026030603522879,24.583926157828227,64.92036937220038,58.2932058236288,3.1810829150682025,0.76,1.0,20.23,6.110000000000001,1
4.4658,19.94336964,6.0,8405.799726000001,841.246225,1256.7025,442.75640480432224,482.9834331362028,503.97095841309095,9.8080705,3.836585714285713,4.1965,4.752400000000001,0.0,147.47689195345,136.40688008950005,2.2943148910227094,1.5943230000000006,1.942890293094024e-15,0.3090992226794697,137.34668025000005,0.728743932224999,0.0257582685566224,0.0,1.2222222222222223,3.967108603667143,34.9739572180167,7.471727101793606,2.9572514712679623,2.824591088379171,2.778991492842189,3.659783702265477,5.606999999999999,11.22724279835391,11.22724279835391,6.846831275720164,1.871207133058985,0.0,1.871207133058985,1.871207133058985,1.871207133058985,1.1411385459533607,1.506172839506173,1.871207133058985,4.347425761316872,0.2045404663923183,0.0,1.0,2.5849625007211565,2.5849625007211565,23.48442634,69.0,69.0,0.0,-0.091,0.0,0.0,3.372,1
3.2941000000000003,10.85109481,0.0,2444.315351999998,33.02759676760583,33.81358608108109,234.41097088657912,126.7487584617206,146.12370502206116,7.192564800000002,1.4933932810526305,1.0415344782238678,1.172874005270089,1.1254810709658871,163.13475689336195,144.05653859644633,2.755902777777778,1.1993244000000012,-0.0765443999999977,28.53541666666667,30.759904590000023,1.282176606378696,0.7133854166666668,-0.5649699152327192,0.4174796800819298,0.2492655790986333,15.994918402116628,6.244643650589627,3.3156330723262872,3.474367580126625,2.545043483951807,3.041903142918203,4.385810000000005,7.933240740740742,3.757500000000001,0.0,0.4635185185185191,2.0878703703703705,0.4635185185185191,2.0878703703703705,1.215416666666667,0.0,2.072916666666667,10.38449074074074,8.421426712962964,1.2677546296296298,0.0,1.1058666211014745,4.216061473785889,2.96258320962111,8.941402808156436,38.48599419378866,36.75562136842476,3.883934173658588,0.5229999999999999,1.0,20.23,5.9570000000000025,1
0.0,0.0,0.0,2318.3865759999985,63.19419737704928,45.97016992452836,317.0409412738777,229.3671489835276,188.40943968382845,7.224342153846156,1.8216539095797235,1.717870204004014,1.4929843597027346,1.193611454964049,149.14946991086504,135.87304285651723,2.5641025641025643,0.1459446153846151,0.0105248520710067,5.128205128205127,28.65467668639053,1.2939438315855607,0.1972386587771202,-0.09679504785835,0.9366319444444444,0.0,12.150204075570525,7.278453124999996,3.356213419328012,3.39990433388843,1.1639065304058605,1.9530713044151768,4.584000000000002,30.0,0.0,0.0,1.339074074074074,2.1146296296296296,0.0,2.2199074074074074,0.0,0.0,1.875,2.2199074074074074,9.258536111111113,0.3275925925925925,0.0,0.961236604722876,3.739203113418217,3.151859111618238,5.706823503510397,54.68850827847373,35.72821824288047,0.0,0.295,1.0,0.0,8.336000000000002,1
3.8079,14.50010241,15.0,7081.154896246553,268.5904790592991,266.7356704058283,310.3797314240053,230.43023402670897,227.02738717059933,12.836385538461538,0.7986966499354838,0.7773439946666666,0.7605759935999995,0.7354239919999996,235.5186334595865,172.8888299502459,40.75827991452992,9.141046153846156,-1.4747517633136145,257.5547542735042,18.721926999538592,7.904612211839082,9.90595208744247,-0.1634992810356438,1.3468303052205164,6.01536575195928,19.012591398726848,3.0031821825741427,3.059151948204402,6.681022992730752,2.086201035657532,1.9885925712440693,4.67899,-4.278821373456786,0.0,0.0,-4.278821373456786,0.0,0.0,0.0,0.0,0.0,5.736666666666666,12.825416666666667,12.39515301855001,9.720833333333331,2.0,1.4464643745207932,3.2539753436202994,2.7004999772524845,19.71147544301565,81.8549656442869,78.33403275598639,2.070996628837124,0.3330000000000002,1.0,37.3,5.904999999999999,1
1.3929999999999991,1.9404489999999976,0.0,1893.7227249999976,26.692272613861387,17.989935878048737,249.8279912237484,129.3774713146511,108.7659004920357,7.063195483870971,1.452886669921491,1.1205870019293638,1.0077157099484375,0.7736555379043679,160.54336663246718,141.60396387788126,1.8918010752688168,0.1790175483870964,0.0079958210197744,5.079301075268817,29.47913226430799,1.3311733289251455,0.163848421782865,-0.2700186861324469,0.5315008379641881,-3.552713678800501e-15,12.110219518117958,6.182306349354831,3.106614832026065,3.1031767461200976,1.8926861806345,2.7275612740129445,3.328520000000002,11.475416666666668,4.552824074074074,0.0,1.3994907407407409,2.2419675925925926,1.3994907407407409,2.357384259259259,1.5798611111111114,0.0,1.75,2.361435185185185,7.97374426351096,0.845949074074074,0.0,0.9811522341999132,3.9730440761869614,2.479613594858652,6.768173452159657,29.31680961424364,19.34858496856707,1.5000000000000004,0.1619999999999999,1.0,0.0,6.943000000000001,1
-0.7417999999999996,0.5502672399999994,0.0,1460.930361999998,15.988212866666617,9.39001384848486,231.86017289351588,98.14291453373345,73.39488444891387,7.012054000000004,1.092356481075449,0.927931842599554,0.758899691423638,0.6118457561367499,164.15933204773154,143.13599226973105,1.4126984126984128,0.1524599999999997,0.0098010000000034,1.4444444444444435,27.79576737244897,1.2551585254092072,0.0515873015873015,0.0247169041473227,1.2980769230769238,-7.105427357601002e-15,12.10017172591624,7.210096914561598,2.990466187121068,3.0556491231366865,0.9428090415820636,1.4999999999999996,3.3668000000000022,0.0,0.0,0.0,0.0,0.0,0.0,0.0,0.0,0.0,1.4666666666666666,1.5601851851851851,6.937652777777777,0.1782407407407408,0.0,0.9402859586706308,3.8670689633869726,3.6092375009272,6.7790978643922335,35.42600365995918,31.950073603326903,0.0,0.093,1.0,0.0,5.228,1
1.2840000000000005,1.6486560000000006,0.0,1743.3622199999984,37.85175021428568,24.784218369565185,275.3023647675003,161.48440368000232,135.5699060078432,7.129490000000001,1.6430293602909387,1.3172614530899458,1.1938542798683276,0.7540693591593992,155.85600405712452,139.43188806899204,2.2962962962962963,0.1422959999999997,0.0059290000000017,5.0370370370370345,30.26650224999999,1.3667281721122484,0.2098765432098764,-0.3106718383376824,0.6643907563025214,0.0,12.110197633080848,6.2477213875792,3.081986389015729,3.094817865152936,0.8127313958110473,1.222320021599472,2.895840000000001,18.36629629629629,2.705370370370371,0.0,1.3390740740740743,2.084537037037037,1.3390740740740743,2.224537037037037,1.3662962962962966,0.0,1.888888888888889,2.224537037037037,7.176181018518519,0.3275925925925925,0.0,1.0,3.584962500721157,2.188721875540868,6.503912516,34.75488750216347,18.874436461157863,0.0,0.189,1.0,0.0,6.584000000000001,1
2.6664000000000003,7.1096889600000015,3.0,20022.580566,1839.374828,80.543232,376.894375934046,348.7589768494581,147.8667267712162,8.040364249999998,2.752917988571428,3.9885393037122494,2.03371865,0.0,144.51805866106227,134.93454800822505,2.2279020919067216,0.6660142499999995,-2.0816681711721683e-16,2.0974151234567904,980.35185825,0.9207187821466866,0.1747845936213992,-0.3392040710173923,1.152940855874729,2.549046355626748,78.92040231618755,7.817174535392132,2.984160597913532,2.734637717120437,0.981980506061966,2.74101326460076,3.9741,12.412762345679011,5.114583333333334,0.0,1.7048611111111112,2.4327263374485595,1.7048611111111112,2.4327263374485595,1.7048611111111112,0.0,1.5771604938271606,2.4327263374485595,4.550242175925926,0.4709207818930041,0.0,1.5,2.0849625007211565,1.5849625007211563,45.963081066,72.0,72.0,0.0,-0.034,0.0,0.0,4.098,1
3.5552,12.63944704,4.0,26406.213718,1412.882776,4256.771498666666,412.8169148920867,367.5821167293902,479.30022329656185,8.343988999999999,3.824226278095237,4.111746934999999,6.349870968282999,0.0,140.73874352904153,133.25991337715004,2.137202789208962,0.7332599999999995,2.3592239273284576e-16,1.7725194330132603,1124.1420098055553,0.6835781344512494,0.147709952751105,-0.218465421345963,1.2358979319833183,3.3987284741690047,78.92138672238877,8.4013469360301,2.900582768826363,2.730033408723398,3.448522847096089,3.165049492339168,4.7366,12.432201646090537,7.301286008230453,0.0,1.8253215020576128,2.565457818930041,1.8253215020576128,2.565457818930041,1.8253215020576128,0.0,1.4925925925925925,2.565457818930041,4.877162808641976,0.4413837448559671,0.0,1.4591479170272446,2.125814583693912,1.6666666666666672,48.12839996009176,92.67619587443924,92.67619587443924,0.0,-0.051,0.0,0.0,4.532,1
4.208299999999998,17.70978888999998,0.0,2883.2040989999978,30.98806628342263,35.2308713469389,231.33488242723,124.37135208438043,147.0987776890075,7.155814775510202,1.4917228869672152,1.037497136308122,1.179007113348724,1.3625974379947234,163.57712767653,144.10979384500516,2.5673185941043086,1.2547410612244887,-0.0710463673469367,30.271258503401416,30.155694244897976,1.271222872103675,0.6177807857837023,-0.5558352500700464,0.3945400367771778,0.2492655790986617,15.99491915914206,6.362533362466996,3.5031631720592413,3.479382303384199,3.577735554402913,3.873339920914217,5.655290000000006,8.192268518518521,3.849861111111113,0.0,0.4657407407407412,2.1712037037037035,0.4657407407407412,2.1712037037037035,1.291805555555556,0.0,2.021929824561404,10.650222033257748,10.52617954459562,1.3002546296296298,0.0,1.0786819279066946,4.536027916208514,3.4779808688922738,8.638389169251754,50.27798280010934,43.13571059515522,5.4989185479944105,0.574,1.0,20.23,7.640000000000002,1
0.6477999999999999,0.4196448399999999,2.0,4647.127190000004,81.876809875,70.38955194736842,295.6798093689547,177.9067896543488,187.9776890531488,7.777898230769234,1.584465319147092,1.413784846439459,1.4722875389155798,1.803795785284188,158.82722209908812,147.12557181643703,2.662800581524862,1.6759655384615388,0.0075967869822487,6.58780908163624,83.9534542366864,1.5066541848571586,0.2533772723706246,-0.2651551038475829,1.102129159422884,1.607369891520058,34.97015595397665,6.518444596710087,2.899831975327808,3.1560400292046182,0.9441267586785856,0.943727781990688,5.032490000000001,22.03692137989169,5.191803385963439,1.746874916404605,1.1934270457154057,2.0590789556563367,1.1934270457154057,2.168108448111755,1.402474647266314,0.8734374582023023,1.897376543209877,3.287114197530864,6.611341556713448,0.4732396209512611,2.0,1.6143308351592656,3.086108882981827,2.230769230769231,20.65219344760701,50.36392584661888,40.14367050720986,0.0,1.051,1.0,24.06,5.440000000000001,1
1.9259999999999995,3.709475999999997,0.0,1889.658468999998,32.98236794117647,25.93747958620685,269.12675905992404,150.77441556834094,124.15430996396596,7.114266814814817,1.6700233583008732,1.261636915922572,1.0793619514056394,1.1138715723916228,156.93236138924024,139.95845190145005,2.218106995884774,0.1598634074074072,0.0063763182441722,5.465020576131688,30.2249844142661,1.364853373522246,0.2024081694863588,-0.388752936323756,0.5286144578313252,-1.4210854715202004e-14,12.11021951811796,6.1492264302061255,3.004215970944093,3.037677345582043,1.1448003589195013,1.212019052838329,2.923860000000001,17.87463529856387,4.0742649281935,0.0,1.3294009826152684,2.1637962962962964,1.3294009826152684,2.261574074074074,1.3732407407407408,0.0,1.871794871794872,2.261574074074074,7.825523129251701,0.3372656840513983,0.0,0.9990102708804812,3.755877231282988,2.342902998747459,6.587522705467334,36.54144663108983,25.110667141729028,0.0,0.185,1.0,0.0,6.907000000000002,1
2.8736,8.257576959999998,4.0,6698.955354000003,275.868762375,146.57154032352946,314.4211374229817,293.2087318892892,203.0253435882929,8.782042200000003,2.551059672903225,2.13179161625,1.660912119882353,1.4648860230769232,158.37005218690473,143.84761764167007,3.1205037341868627,3.191944800000001,-0.3457664000000002,9.978059746989784,144.59883681000005,1.143934942445489,0.4989029873494892,-0.1459723394908844,1.5468746539236753,3.143270227308829,34.97185449732635,5.341568853080782,2.9669492529948784,3.2705352904816696,2.008478260641291,2.633128282557696,4.81819,8.252421124828533,8.252421124828533,3.679133212955964,1.0353875171467766,0.0,1.0353875171467766,1.6277966392318246,1.6277966392318246,0.9635943842557598,1.884479717813052,5.470073731138546,4.296736277049915,0.6312791495198903,0.0,1.846439344671016,2.475488750216347,1.875488750216347,28.422849999000483,59.137727394976096,46.97598892201236,0.0,0.1289999999999999,0.0,18.46,2.292,1
-0.0236000000000005,0.00055696,0.0,1462.9624899999978,16.224288344444386,17.666397412698363,217.6633781634556,92.27904304465464,102.06393403060706,6.992481333333337,1.056190965809998,0.8722211941383324,0.949206200567811,0.7967882821959313,165.54322004616603,144.34648383860002,1.501851851851852,0.1581066666666664,3.6637359812630166e-15,2.651851851851854,26.903557555555555,1.214869486321998,0.0883950617283951,-0.0679622973850121,0.8303072625698313,7.105427357601002e-15,12.100171725916235,5.933093750000003,2.87114064038548,2.9133392326053955,0.6422285251880867,1.0418884782434132,3.612800000000002,0.0,0.0,0.0,0.0,0.0,0.0,0.0,0.0,0.0,1.5666666666666669,2.34187074829932,7.203312508503402,0.4137962962962964,0.0,0.9182958340544896,3.988594761554029,3.53161123006914,6.732876570223358,30.768407245778057,27.725272785949333,0.0,0.1069999999999999,1.0,0.0,5.568,1
2.669,7.1235610000000005,4.0,7273.979710000002,170.7214273157895,196.9052872142857,358.3354552589406,272.6736739909253,299.43393262446165,8.743908181818183,2.1343869230638286,1.885896352210525,2.115800724632072,2.3189908454040835,150.21559836589074,138.81139141448332,3.3620741017860367,3.0994898181818185,-0.2697510743801651,9.306522010225711,116.46285986776856,1.127067212964974,0.4230237277375324,-0.3062816385713997,0.8614288034870973,3.1432702273087614,34.97200829369157,6.661100901916403,2.983820304785008,3.110207861136018,1.9156088660697148,1.773322666647643,7.199779999999999,18.13358555813729,9.46267607911935,3.556921986444326,0.8984609193471628,2.167727369754486,0.8984609193471628,2.1677273697544863,1.4672081004326745,0.8892304966110816,1.873113854595336,6.012770919067216,5.577112199888643,0.768205747319504,0.0,1.6858157091530304,2.773615909484267,1.9090909090909087,26.84176793278429,69.42429200597621,69.42429200597621,0.0,0.145,0.0,18.46,4.16,1
2.652099999999999,7.033634409999995,0.0,3167.6680849999984,38.57738920253177,41.64663340601513,253.06278080625384,144.17998655557653,165.01791737224323,7.209406382978721,1.5388787647315456,1.1527257524562762,1.2840426259704838,1.3816725559115497,160.1956885155952,142.27651616299278,2.787529550827423,1.2371392340425544,-0.0756807496604778,30.20478723404261,31.288089482118643,1.337249567469059,0.6426550475328214,-0.5359334764406963,0.4731806302985513,0.2492655790986191,15.994919664460152,6.363308732108042,3.5031631720592307,3.563256962343377,2.750385285213287,3.295989651724589,6.073190000000006,19.425995449105567,4.813877078609224,0.0,0.4395195578231299,2.027035226127488,0.4395195578231299,2.1249074074074072,1.1884259259259262,0.0,2.03968253968254,10.731398022171833,10.8408735191484,1.3384189578609222,0.0,1.115227265094326,4.439361586583312,2.8908807221084047,8.660966189048382,51.99193291996747,40.9103658485418,4.251415002085969,0.609,1.0,20.23,8.864000000000003,1
0.4371999999999991,0.1911438399999992,0.0,1318.698368999998,15.06173309876538,12.3632133888889,202.9595550501789,94.55257060742828,78.44618626349319,6.9735835862069,1.0581363792510268,0.9031416563489136,0.7792467839313074,0.8461062891450452,166.87938776879244,145.60020724921432,1.5967432950191571,0.1472027586206895,-0.0112799048751456,3.660919540229888,25.91186875148632,1.1700883280865868,0.1262386048355133,-0.1877595064534849,0.8026048026048016,-3.1974423109204515e-14,12.110134441590947,5.205588323073679,2.9273233454462693,3.0317776229910085,1.2071067811865477,0.6178511301977578,3.468700000000003,0.0,0.0,0.0,0.0,0.0,0.0,0.0,0.0,0.0,1.6851851851851851,2.3475462962962963,6.747314351851851,0.4615277777777778,0.0,0.8935711016541907,3.9644098934733822,3.489429289652094,6.65913786016461,26.14213373135652,21.101401590039085,0.0,0.121,1.0,0.0,5.339,1
0.7779999999999998,0.6052839999999997,0.0,1747.426475999998,29.157886950000005,16.904848178082144,253.15536498860627,140.14044119244338,103.7999179127867,7.070772000000003,1.364005223765771,1.197614812212248,0.9717182703530411,0.7233343236619164,160.00766805242802,141.3202549164276,1.91468253968254,0.1626239999999998,0.0077440000000026,4.718253968253966,29.648818530612267,1.338835760436489,0.1685090702947844,-0.1640338530750357,0.7830109335576118,-3.552713678800501e-15,12.11019763308084,6.549238240679454,3.1574866039020053,3.1678137510444206,1.3016944716814975,1.812077186505424,3.687400000000003,12.05462962962963,3.1597222222222228,0.0,1.5798611111111114,2.1600925925925925,1.5798611111111114,2.287361111111111,1.5798611111111114,0.0,1.75,2.3380092592592594,7.28099712962963,0.5579629629629631,0.0,0.9852281360342516,3.822126786023352,2.393555357451924,6.751545309820625,30.569797587872507,25.67397049150072,0.0,0.1509999999999999,1.0,0.0,6.522,1
5.439999999999996,29.59359999999996,0.0,3510.9082369999983,30.619673051020623,54.86924567521366,216.31814627399245,100.26491461028576,170.23914717349192,7.454971127272723,1.119836552259884,0.7939729408991798,1.2090685754939487,1.048724068088269,166.9910793738994,147.13377907006551,2.432323232323232,4.057421527272725,1.7548503272727214,26.44393939393936,33.59369454876039,1.169566545870605,0.4807988980716247,-0.2759586690794821,0.5349961459834455,0.9970623163947608,15.997931753676037,6.029575300198699,3.44182252167104,3.61006820256944,2.171206164151617,4.008843760794584,5.022300000000007,0.0,0.0,0.0,0.0,0.0,0.0,0.0,0.0,0.0,2.0396825396825395,5.789236111111111,9.094688233418369,2.095509259259259,4.0,1.2275305334561633,4.5538291800684965,3.9319627112301054,11.113857648735545,54.55888464021302,40.12457438936387,1.2649110640673518,1.1369999999999998,1.0,36.92,6.263000000000002,1
1.4886,2.21592996,2.0,4252.702964000003,108.45232435000004,130.2781497647059,319.4610638880028,236.6977440132038,233.53818007505825,7.653870636363639,1.8805846193281293,1.8785548884849,1.8930557063102065,1.486403818549858,151.6905611321724,137.62373126309566,2.4878552327112,1.2502883636363638,0.0001055289256196,4.152914605589503,90.47033056198347,1.2420451161987756,0.1887688457086137,-0.3689774131709267,1.1202833755949997,1.3223695345557225,34.970155765105176,6.7934963605945455,2.9086384466530326,2.911812952913864,1.027460092011919,1.36446156947352,4.708800000000001,23.47737913272305,5.953737997256516,1.8806455586349764,1.452115912208505,2.134711514235324,1.452115912208505,2.245414951989026,1.5247530864197532,0.9403227793174884,1.811287477954145,2.245414951989026,7.007674485456734,0.4053562330281907,0.0,1.3221793455166668,3.1372522731206303,2.454545454545454,17.25613981724032,47.95997422324707,42.220720201749295,0.0,0.174,1.0,0.0,5.3740000000000006,1
3.3916000000000004,11.502950560000002,6.0,8552.095975,567.6813736842104,1256.7025,399.3489933682227,335.63522383067306,503.97095841309095,9.244952666666668,3.0090997221052627,3.129372101052632,4.752400000000001,0.0,151.09015757199322,137.29477304248755,1.956748209114464,2.133920933333333,0.0734771377777772,0.6726680384087793,173.35192344888895,0.905514927749839,0.0448445358939186,-0.0291584085193923,0.6812907733121858,3.967108603667125,34.97395747942794,7.9953262692816605,2.725861446638989,2.5498424779661457,5.55686127735868,8.874621644013136,4.58968,8.160754458161867,0.0,7.309281550068587,2.040188614540466,0.0,0.0,2.040188614540466,0.0,1.2469778806584362,1.441595441595442,2.040188614540466,2.279446251714677,0.4265474965706447,0.0,1.4294732983598408,2.477417297248678,1.4666666666666668,25.0385415743581,66.94923866240026,66.94923866240025,5.656854249492381,0.145,0.0,0.0,3.6000000000000005,1
2.9772,8.86371984,4.0,6764.075836000003,210.86905555,215.87867576470583,349.6575240174634,290.3641653799012,288.30066183792144,8.140885272727274,2.2876236834651307,2.296200020484899,2.317055996167587,1.991554036428572,150.1670862042316,137.00606660014785,2.450457940169875,2.0876934545454544,0.0081984793388422,3.255268736750219,131.3168346942149,1.1220800610305437,0.1479667607613736,-0.1593284476693916,1.067914949887061,2.644739069111356,34.97200787216289,6.821258188913199,2.957251471267967,2.9349690886293462,1.9230097629209548,2.527668563027169,6.0156,23.350369565521685,9.847793734777865,4.0323464838610334,1.457561728395062,2.113445137314185,1.457561728395062,2.50210219478738,1.7008504801097395,1.0179800922426585,1.7114197530864204,2.50210219478738,7.244759290893311,0.3474858626578204,0.0,1.4353713907745331,3.024060227862764,2.228161364029721,21.876017371229626,66.38470055548582,45.29845716377947,0.0,0.075,1.0,0.0,6.199,1
1.4886,2.21592996,2.0,4252.702964000003,115.68858855000012,91.30398776470594,319.46106388800285,221.7492228257373,214.0957696858296,7.653870636363639,1.8145820169433904,1.7589971978485746,1.707003389679236,1.6669077964070007,151.6905611321724,137.62373126309566,2.4878552327112,1.2502883636363638,0.0001055289256196,4.152914605589503,90.47033056198347,1.2420451161987756,0.1887688457086137,-0.3249033409949352,0.9786636972285244,1.3223695345556976,34.970155765105176,6.520896759995977,2.937801536853572,2.908119098135701,0.7499729409373734,1.1792603823418355,4.708800000000001,23.42280524761345,5.78855505165029,1.935219443744576,1.3433641975308643,2.068219639707735,1.3433641975308643,2.346237997256516,1.527487402368355,0.967609721872288,1.811287477954145,2.346237997256516,7.024464188152628,0.378069290473391,0.0,1.3221793455166668,3.1372522731206303,2.454545454545454,17.25613981724032,47.95997422324707,38.64154532919826,0.0,0.1619999999999999,1.0,0.0,6.218,1
2.9772,8.86371984,4.0,6764.075836000004,151.55648734999997,250.7684217647058,349.6575240174634,276.1275416433738,296.67514638881994,8.140885272727274,2.188067360645608,2.1817102492424487,2.384402920427852,2.155110852489215,150.1670862042316,137.00606660014785,2.4504579401698745,2.0876934545454544,0.0081984793388422,3.2552687367502187,131.3168346942149,1.1220800610305444,0.1479667607613735,-0.3941801039277411,1.0251437270859578,2.6447390691114343,34.972007872162884,6.4936484374999965,2.9841532917226843,2.9356203348725427,1.4234956690678953,1.7802326440019105,6.0156,23.5045419011226,9.331368522717732,3.8781741482601264,1.5421211612216903,2.3077736660507826,1.5421211612216903,2.4328532235939644,1.580675582990398,0.9761717022199824,1.71141975308642,2.4328532235939644,7.294652008202458,0.3827636404355982,0.0,1.4353713907745331,3.024060227862764,2.228161364029721,21.876017371229626,66.38470055548582,49.100306833485504,0.0,0.06,1.0,0.0,5.144,1
4.4677,19.96034329,5.0,33630.99986700003,535.6531315961537,256.77683410000003,327.1510434626122,214.40987731688,274.4366429005284,8.041314280000002,2.3419122896226394,2.060365276816017,2.396239976999999,2.816443292923412,152.61932268482968,139.64293807024404,2.243710562414267,2.0141222399999994,-0.0685358399999998,7.816001371742111,870.5213076383999,1.1560526943890483,0.3126400548696844,-0.2601808739456896,1.1700067828343454,4.49767617180995,78.92237781758885,7.54575553318125,3.009244715832663,3.077589997483391,4.826147719437903,5.362584374226843,6.402190000000001,11.243875493698852,6.32237855387354,0.0,1.3707638888888891,2.4607484699126565,1.3707638888888891,2.4607484699126565,1.6797241803957523,0.0,1.6087962962962967,6.2169727366255145,7.158714283079574,0.6366010015117157,0.0,1.709526332323075,2.934329857451649,1.406450378349207,46.49968631777276,80.29418833889999,59.83619448487043,0.9709835434146468,0.217,1.0,9.23,6.129,1
2.9772,8.86371984,4.0,6764.075836000003,192.4227814,252.8106297647059,349.65752401746334,294.2792700395024,302.20910930798505,8.140885272727274,2.2210686618379767,2.327356422992449,2.443755616613205,2.0648588635606435,150.1670862042316,137.00606660014785,2.450457940169875,2.0876934545454544,0.0081984793388422,3.2552687367502187,131.3168346942149,1.1220800610305444,0.1479667607613735,-0.3509228814684059,1.0856133869082072,2.6447390691114308,34.97200787216291,6.525201030199949,2.9541125900057104,2.937175481017623,1.5037144844017498,2.19349921979093,6.0156,23.49626761918759,9.519963396881389,3.8864484301951214,1.5485607905713727,2.22967009952129,1.5485607905713727,2.448350480109739,1.6047873799725654,0.9786282403908064,1.71141975308642,2.448350480109739,7.276047309915735,0.378689566361524,0.0,1.4353713907745331,3.024060227862764,2.228161364029721,21.876017371229626,66.38470055548582,39.20855161472058,0.0,0.048,1.0,0.0,5.144,1
2.0788,4.321409439999999,3.0,5764.357401000004,134.1629079444445,128.15724578571437,328.2002443047989,233.74625510342835,256.6217095225292,8.134523086956523,1.7963940589684124,1.7979852421818612,1.8782075198052504,1.8753221209899336,152.4298002827367,139.08895734030418,2.8944106478996443,2.407916869565217,-0.0719371247637055,7.466044412635934,109.18285416635165,1.210767236769012,0.324610626636345,-0.3913232168985348,0.9078650624492112,2.232819880932283,34.971058247276915,6.033314974948085,2.911365720873651,3.043070679062237,0.9418636769505552,1.075837224309666,5.93989,21.255202796596468,6.264840150051792,2.718800975694347,0.952322373393802,2.063967501609697,0.952322373393802,2.281978071178174,1.4691260393046108,0.9400246392567084,1.8668981481481488,5.896366598079561,6.5697583608653805,0.7143442932728646,0.0,1.5920001314822054,2.931561824574808,2.209249735353626,22.95209208756489,57.29143837000626,42.48024063432212,0.0,0.2629999999999999,0.0,9.23,4.972000000000001,1
3.5674,12.726342759999998,5.0,8275.730273,282.8394547222222,189.7346215,357.13851859553193,306.5113681214855,312.9499918513435,8.600363173913046,2.1127722863228047,2.3816961414916107,2.3112866066017497,2.4994486859999987,150.97256339514112,138.4970287049792,2.8586393245992467,2.978027739130435,-0.1222931625708865,6.564114033518221,138.16569950472592,1.099596228486596,0.2853962623268792,-0.3030364420102966,0.9901407078959418,3.5551894154879733,34.97297842065994,6.29309388729076,2.926252109618212,3.078949441320456,1.4611659642499897,2.1866123732911307,7.246689999999999,21.096989525691395,9.675009378236894,4.558341407093244,1.1049938411578624,2.173408516698861,1.1049938411578624,2.3515969928209053,1.5380429579239103,0.9660663059233752,1.771947873799726,6.239730795610425,6.7495847517139005,0.5616728255088043,0.0,1.6436127839905998,2.879949172066413,2.106024430336837,26.241289919539515,77.0425816726549,57.73160282003738,0.0,0.1979999999999999,1.0,9.23,5.1640000000000015,1
1.2093000000000005,1.462406490000001,0.0,4152.784893000003,97.31064147368426,107.57118814285714,333.6642149172986,217.1800120517254,231.71505590706167,7.950410952380953,1.8866143037140768,1.7064457619458688,1.8961852171212863,2.012858093,152.38288089848547,139.46495872801745,5.071755176693448,1.3764859999999994,-0.0740280000000001,36.668462995623486,73.27938791836735,1.9118539016482752,1.7461172855058802,-0.5469279526851584,0.7996847892012737,1.7849833409289246,28.29989207783299,5.196673625388709,3.0962582380493853,3.462590157655426,1.4613632390286997,1.872443094038566,2.0523,11.626137408667171,3.5410204081632664,0.0,0.9706944444444446,2.016806920298984,1.1653474846728815,2.06310321659528,1.2087079029142522,0.0,2.1530864197530866,11.455087291089276,3.317842667469766,2.015990383807844,3.0,1.8814099964358768,2.510907426342884,0.9649839288804962,24.83595321417907,34.03333757335721,27.041673420808497,0.0,1.146,0.0,68.15,2.228,1
0.7044999999999998,0.4963202499999997,2.0,5750.056084000007,77.50162018888894,74.53863444444445,285.5835905113788,201.3766914893029,201.7930520854604,7.891857736842105,1.5505263863312788,1.4158794692781873,1.390461777364354,1.454027100512268,158.0752420778759,142.12663250660646,4.581601859873735,3.838058315789473,-0.219890324099723,59.09374097538085,71.63251402216065,1.3053379469883566,1.5550984467205489,-0.5517755038694546,0.6584202675784089,2.070166271851747,34.97015650936654,5.4785758658611705,3.371558807779015,3.7730949378862486,1.617150680281755,1.9188361926617017,3.8409900000000015,17.986419640329842,3.557884962627027,1.490420720071293,-0.6305095742000504,1.811810437137818,0.5465662005542962,1.952950625837898,1.2323762807592176,0.7452103600356466,2.277637485970819,12.594384605694133,6.74706265985578,3.01357938957476,3.0,1.557354992300974,3.6905725211426113,1.9908285382737687,19.203016190411155,51.23763994633726,43.39529384060501,3.1473451902649443,1.061,0.0,46.53,4.619,1
2.6868000000000003,7.218894240000002,6.0,7413.876488898632,88.20832971777178,87.8625883316826,284.97047247022704,184.26905026979105,204.52054109794383,8.645786033898304,1.3389472704333922,1.1954238785497795,1.3213146899447394,1.3891348743632037,171.8600712154531,146.7697227346049,11.181144067796613,12.797151186440672,-0.3789027520827204,301.28060263653447,41.440530876333405,3.5220897856799773,5.106450892144652,-0.4778234025281836,0.4121891677600482,3.5955619114799617,19.00343688469729,3.237028448104851,3.7325679379924095,4.731637563547257,2.640220998797816,2.828057203004871,6.603670000000008,16.88187137410187,1.2367289234185916,0.0,-1.870740945170284,1.5112281599519364,0.313657663007064,1.861399226897236,0.5415056592231011,0.0,3.274122807017544,12.783148396717118,11.320313934212091,7.094554498035615,5.0,1.78824450650106,4.094398542860782,2.1578326910371484,19.38025269716689,69.88533569351613,45.27929865827696,5.139750141093195,1.2840000000000005,2.0,85.62,8.396,1
-3.277400000000002,10.741350760000012,0.0,2013.5551169999967,20.250613989247256,20.077980619047565,208.2064331896547,103.03836725120487,102.09249773103453,7.141486461538464,0.9374436904387426,0.9311583609178044,0.9235261750709514,0.9140622646208538,167.04724388494807,146.3507688137803,2.326923076923077,1.195305230769231,-0.0740526863905289,25.358974358974343,28.80106945562128,1.1652824292187764,0.6502301117685729,-0.4038012739039707,0.8570092940149873,0.2492655790987328,15.994917646231048,3.952381472953485,3.260724913646364,3.478018922116186,0.0,0.0,3.899600000000004,0.0,0.0,0.0,0.0,0.0,0.0,0.0,0.0,0.0,1.8846153846153848,8.566063511947316,7.567216403233534,1.1284722222222223,1.0,1.0487103552642414,4.236691863598008,3.8286073254677375,8.839254173374055,43.33446638873695,35.711139222648455,0.0,0.385,1.0,20.23,5.4030000000000005,1
4.2461,18.02936521,9.0,8022.115828198166,142.47665979738125,151.0355072130419,301.41319795958896,223.10488250127017,218.9622019711027,9.818066073170728,1.374683711567646,1.2683077237190734,1.2354865799441288,1.2732334678096269,184.89364139305223,155.53479519718806,17.291118341567504,12.309803609756091,-1.2464608441404026,299.8273719242677,51.24766461102115,5.136498149684404,7.312862729860188,-0.6442095317561071,0.570218426359314,4.8855592239766,34.96938098858299,2.680653282165527,3.2835293987527363,5.102460860555224,1.3009880209830158,1.4992608475952076,5.58178,-1.4940985551708366,-4.254428691681695,-0.2595475379594429,-1.3989708489249233,0.7925995217885322,-1.2210085483229192,1.0558439844559224,0.0,0.0,3.766010802469136,13.55829677980401,10.795613208198152,6.914969689596252,5.0,2.1376448506123134,3.2199071540057704,1.378764024706848,28.32827827079097,63.62957510301617,42.13030456509146,2.807241518318864,0.8519999999999999,1.0,76.66000000000001,6.3210000000000015,1
1.8142,3.29132164,3.0,5498.598701149774,148.91160997424316,107.42164190659555,323.8648287303442,253.0531434346764,251.90720781200795,8.234287642857145,1.7475485685516434,1.773102530089156,1.8392485137010428,1.7638457997643544,157.77931148679613,141.63745984537334,5.297005301892132,3.5630477142857155,-0.1168258367346937,48.53147794325779,75.27368554155586,2.240772968070992,1.733267069402064,-0.3410994773555013,0.6053234914519061,2.0819242650540346,34.96985431447102,3.995955148351845,3.3474771735574667,3.704776780980475,1.1088940746047755,1.6989810750088357,6.040070000000001,20.01292337581168,3.864877342354864,1.5807947146707768,-0.2608275521084491,1.4014089401192575,-0.2608275521084491,2.244149519890261,1.37246807298575,0.833359223098748,2.242901234567901,12.932508078997678,7.930880235107013,1.927494218775116,1.0,1.7858063886958977,3.021548533361706,1.7732673019429717,24.231295401178475,49.14560436532621,29.59118948780712,0.0,0.613,0.0,22.12,4.856,1
-0.6274,0.3936307599999999,0.0,4608.363916000008,67.67100066981133,69.52481923,284.7768554899622,192.0780746889544,198.99023742783203,7.839866086956516,1.434850634139328,1.3300699617942278,1.375032565658861,1.3263044150297512,158.31040954883653,144.6057332939919,4.977807971014492,4.059118608695656,-0.0016477353497155,72.83650362318839,33.93779551984876,1.4952396211557148,1.5834022526780085,-0.5787876294208177,0.5625827773390626,1.28206267335905,15.997940861195108,4.816228922288815,3.7413428624982408,3.9124462189339977,1.6135161955546815,2.059334886971991,4.857670000000004,26.52727053820077,2.504574115294577,0.0,-0.7491063444431945,1.7177286470143611,0.5589105148232136,1.9088148398182807,0.7111745631392308,0.0,2.383928571428572,12.904781475121933,8.56288720079303,2.662558933295541,5.0,1.5416892248400094,3.981872731217004,2.5078440286907915,14.295877630799405,65.51046883348313,31.92286019200523,2.4980495329668133,0.818,1.0,67.87,7.471000000000004,1
2.6304000000000003,6.919004160000002,2.0,4482.926712299551,63.65042731161347,55.504338904774215,264.89946327881614,171.67438177370877,168.58600949057544,7.791440326530607,1.4162979973038865,1.2380137557651558,1.2307147657195572,1.2239652781302617,165.40893935801483,144.91701166660198,5.13846371882086,5.50925648979593,-0.0555707955018748,99.96712018140605,37.68553443561119,2.275421051029615,2.040145309824613,-0.3052968221223306,0.5846922457497358,1.3766092825144938,18.99941100017776,4.592002441406251,3.4860193726295736,3.970291074598561,2.201928500628815,2.506348526741565,5.0545900000000055,10.853035858633575,1.140176418682462,0.0,-0.6828591077666653,1.1958019941217992,-0.6828591077666653,2.03675642479214,1.1462653982621518,0.0,2.4326923076923075,13.9904800829882,10.76149298695258,2.349525774433332,2.0,1.5273508468159172,4.087358997299291,2.4184983328553,14.99850787369461,49.09564289401427,31.09716943808761,1.6739286785042853,1.316,1.0,30.82,6.844000000000002,1
2.2711,5.15789521,3.0,4586.9687204493175,80.95779925823032,86.72601338542042,252.27784323880928,186.19078495280127,182.3012627282941,8.654715487179484,1.267328084218159,1.2033820395225747,1.1652693327811572,0.9443592550188588,176.7486223773842,154.95519430990774,11.632656695156694,7.987662358974356,1.1947126153846144,217.7759971509973,43.70608116886626,2.8456427584726023,5.583999926948649,-0.3137355164962881,0.3157736185503642,2.527929770593716,19.00125953096125,3.67310363252524,3.2032132342060784,5.11044122222911,1.205614282594179,1.777562219629245,4.086990000000003,-2.932831921348786,-3.621203047577055,0.0,-1.4109309387335178,0.3441855631141344,-1.4109309387335178,0.3441855631141344,0.0,0.0,3.4746376811594204,12.833244026796516,5.935906910093557,6.158221056941295,1.0,1.96192808193504,3.3234741369272087,2.0208395875162406,21.654881070490102,43.90965385391519,35.847659210902,1.6329931618554518,-0.0399999999999999,1.0,89.52000000000001,5.056,1
0.4693999999999988,0.2203363599999989,0.0,4819.151567000012,47.818806902777865,52.25156604201685,252.85183819777933,141.16333202631378,155.76371939032992,7.602011619999994,1.3432115733075105,1.131917666388218,1.2278397265165557,1.1966057962524703,161.3217333750115,143.1393601246452,3.682206409083981,3.958474579999992,0.5849044883999983,58.71422515622624,47.25050184839997,1.3814842351494037,1.1742845031245246,-0.624677776753343,0.4534398553520979,1.622421018827552,31.972072203619,4.475245571955326,3.4355447978279785,3.886399715537181,1.888166888605844,2.161085798035919,4.598280000000005,17.742994707347638,2.095506146935161,0.0,0.8264159650485711,2.000306628046076,0.8264159650485711,5.124024500034844,1.2690901818865896,0.0,2.215920781893004,11.93626341751883,8.46412667260193,4.237142339246651,3.0,1.4254150812327944,4.2184411085419296,2.499871067610349,15.131419014346772,43.570259332981934,29.333921344579764,1.1110476136047165,1.638,0.0,63.97000000000001,4.253,1
2.090600000000002,4.370608360000008,0.0,3352.9759179999987,39.62695095370387,42.89626722727282,253.52794070512155,147.59040546917055,157.42472622768108,7.297764088888887,1.5310427630647487,1.172252057693729,1.255874620199816,1.1204932299447932,162.13153223772727,145.5681864879718,2.5259259259259257,1.0402199111111108,0.089915024197532,13.911111111111133,31.99611896987652,1.5112888194696248,0.3091358024691362,-0.4392051248325799,0.7142857142857126,0.4275005354465264,14.00510286013286,6.066131673875948,3.31135019507037,3.543043382538978,1.2852600111910888,1.4712851725692262,3.2744700000000027,22.880398752348608,6.823236301203474,0.0,0.9836726481991636,2.037966513638412,0.9836726481991636,2.1353420781893004,1.251123464945615,0.0,2.0,4.505306804820694,10.525691580621892,0.6829940184675031,3.0,1.2805767575096103,4.211276338820064,2.6691807541878823,10.448565164345842,49.49320554549863,32.97186741205092,0.0,1.247,1.0,27.96,6.643000000000001,1
1.4561000000000006,2.1202272100000017,0.0,3799.7914379999993,61.924921100000056,65.12720155468733,237.05656748200693,171.49144169887617,174.42299589627066,7.814315199999996,1.271594981962609,1.2265375339981015,1.228496985367031,1.0001916575701078,167.34548154550504,150.66980577192675,6.153086419753086,4.399739199999995,1.5414784000000006,123.7999999999999,37.17693469333332,1.369103672966911,2.7511111111111086,-0.0277593173228821,0.2917888270607713,1.4245628518412587,15.997935804089472,4.236421874999994,3.272343798652096,4.038461538461539,1.4933339267395564,2.0261539003853617,4.532690000000005,3.3001823507180656,0.3729601284958435,0.0,-0.1807407407407406,1.4636111111111112,-0.1807407407407406,1.4636111111111112,0.606571239606954,0.0,2.7272727272727275,11.440654761904762,5.500681885288065,2.521296296296296,1.0,1.5940715090940625,3.897781587235612,2.644301186233721,15.450471515396575,42.00137223244691,34.263741013112366,0.0,0.0979999999999999,1.0,89.52000000000001,5.131,1
2.600599999999999,6.763120359999996,0.0,8866.63388686528,91.66053001951018,91.85946454608884,282.2600229552637,209.2391643167533,219.78701245760035,7.957655936170207,2.2563921800424507,1.8008154745652662,1.7847060425266228,1.4689166062470207,157.05747252452085,141.90605996030837,3.331623925387606,5.524228978723401,-1.583884616568582,35.20522988841217,90.15354050994029,1.6598335080261026,0.7490474444343015,-0.7405634263779934,1.223637524564189,4.596109932404346,32.01451715474916,4.782241363525389,3.8586621715806135,3.523827291771003,4.210285944235164,4.308089661324863,4.905080000000006,21.53662051152135,4.606871650758047,0.0,0.8682035200940833,2.0497877767574737,0.8682035200940833,2.1826494384333524,1.43523230528494,0.0,2.0566986739826247,6.051288876034501,8.53522088517463,3.7361886273673712,4.0,1.8800521622257724,3.674536689451865,2.4897776597585937,27.047185785407457,68.98552021774863,61.57641590337012,0.0,4.037,1.0,164.48000000000002,6.609,1
2.179100000000001,4.748476810000004,0.0,6305.315402432652,101.87389755614716,82.40343584088579,270.745609354518,208.78339417258783,193.37583708276847,7.497221945945948,1.8697593476754573,2.03415184818812,1.7793367631827426,1.544607654664142,157.7791978892468,140.81177551451086,2.335765034581907,2.272908324324323,-0.4874142162162152,16.84737206342145,94.47176718297098,1.66644003665031,0.4553343800924716,-0.6624104174413589,1.141730269271642,2.986827440752876,31.974076184364844,5.327118292507,3.310500476036295,3.2572906246667794,3.6181241232827217,5.337889329700428,5.362890000000004,11.706165945802187,2.7223154271996868,0.0,1.123745975756558,2.2039155013857394,1.123745975756558,2.288009757915512,1.5985694514431288,0.0,1.7632030178326474,6.452793314856807,7.482720863895096,3.0032843906595565,1.0,1.6828301151898832,3.5266232504390667,2.070361052273724,24.21627378712923,36.55809237912063,28.26228809865286,0.0,2.1020000000000003,1.0,110.96,5.829999999999998,1
1.3161000000000007,1.7321192100000018,0.0,4161.28018600001,48.92683455147066,48.22072062096786,270.4112138533009,153.18646571750136,151.80389806437267,7.564751183673463,1.4380481506587195,1.146466121802289,1.0989340927968465,1.602222905689698,159.3913418521475,141.99351764081774,4.2559523809523805,3.216770122448982,0.0138266888796319,66.81831065759641,34.06972270470634,1.4125868835662625,1.3636389930121715,-0.47416569475682,0.4774197795157183,0.8902969157780092,15.99693280000274,4.562931119829291,3.732612047487673,3.9331892120961696,4.267726068090731,3.8994095677139473,5.4948800000000055,20.14804811342052,1.902088893166184,0.0,-0.3185825903159955,1.7334826152683296,0.5945191116570088,2.079080845301084,0.7052148117434917,0.0,2.3205128205128203,12.550564732869477,8.608561693674359,2.28331170739901,3.0,1.3921729440846915,4.222536900030517,2.4971758966279203,12.29134335968771,54.11122629719264,33.185523119708016,3.252978223013622,1.114,1.0,59.31999999999999,6.645000000000002,1
2.220200000000001,4.929288040000005,2.0,11998.619542432636,183.5173709762412,142.46236725203644,282.53175235386084,220.39757082518992,219.3199415841329,7.917710424242428,1.8374073620989675,2.040010629757638,1.778725812342709,1.5979196379565996,159.08734325376776,141.74073496048186,3.84985716792987,3.6049956363636353,-0.7425020909090903,45.51391313685558,235.4070109000884,1.453820637651451,1.3792094889956237,-0.802273310769322,0.7422993177109471,3.4962425008058133,78.91833737708913,4.974345663463167,3.290579100407583,3.3286906863542707,1.4466772547594715,2.1171244240446643,5.289890000000003,10.027275499706056,3.630021380980376,0.7633396253448794,0.8788557151255566,2.027657785336357,0.8788557151255566,2.2393129129223706,1.4721364708434816,0.7633396253448794,2.0483539094650203,12.78508560703088,5.4850768429134105,4.43185916547689,2.0,1.971303384773559,3.0730907345848943,1.6524037882721454,38.92201564995227,37.77321706032674,31.368139182035225,0.0,2.164,0.0,70.64,4.042,1
2.5470000000000006,6.487209000000003,4.0,5734.727044449315,108.2183499502145,115.60481903185452,290.7127787627759,221.86479388776144,216.3999948623239,8.87699911428571,1.4528267020113126,1.4062063601695356,1.423277522763575,1.3288415226553585,170.51074362781827,149.08139221141386,10.85114339059812,7.657192742857141,0.3193053787755071,168.00527739673828,57.05116859561042,3.19304242090543,4.800150782763951,-0.400164924561814,0.3784815626788356,2.904114180907129,34.96885378098988,3.6168000488281233,3.1422081926056857,4.485981308411218,1.1707721966139724,1.3253152912266366,6.038580000000003,7.316085241356856,0.1151765846843126,0.1472057004672009,-0.7312763643616818,0.9400396038044848,-0.7312763643616818,1.3770674244492034,0.4563003117913835,0.1472057004672009,3.128986625514404,12.681256276231556,7.19430772408754,5.655588594623136,0.0,2.003226038622066,3.1260569783229,1.4896847282119323,25.484381592327388,47.47799858254261,34.69209173356098,1.4422495703074083,0.243,1.0,61.60000000000001,5.76,1
3.8832,15.079242240000005,3.0,13108.009729432635,233.16087739461216,183.6536581995768,293.92695785608794,261.61953407387546,229.71988303146424,8.18880536666667,2.1278796158962137,2.393089092938776,1.9450645322855584,1.853471359831293,157.88314810094963,142.46627221227337,2.896473479652492,3.883564700000001,-0.8666648999999996,17.792217903774837,264.4135219615984,1.437898810039514,0.5930739301258279,-0.6456310063141049,1.0284711318424686,4.157427268083637,78.91833738504089,5.033281250000004,3.1117069900946355,3.291204227454697,2.8002748673024658,3.659119543964424,5.603590000000002,10.40229173665351,5.72607767489712,1.7916245384756553,1.1071090534979424,2.287563443072702,1.1071090534979424,2.388650618683688,1.6464966511295878,0.9354679359169366,1.8628257887517148,6.310756172839507,6.077315719971659,3.698002855463174,2.0,2.14043331361882,2.766457281989699,1.5739760316291211,44.497851972893216,45.39556534720505,38.63523118510688,0.0,1.883,1.0,69.59,5.065,1
-1.3944000000000007,1.9443513600000024,0.0,4051.340223999999,43.58002237190093,39.38547229133873,233.12994614752225,148.18382362964002,133.6855369979963,7.621894518518512,1.1622492020770427,1.1428021368195702,1.025733245486684,1.0910591521922035,164.51627324907352,145.9822737615819,2.6502057613168724,4.833681481481477,0.0067281207132994,28.510288065843618,35.74349484224968,1.2497604521676178,0.5279682975156226,-0.2913582836785249,1.3824743328836349,1.2463278954932235,15.998938554425935,5.004967462126318,3.307957854265517,3.608910997929922,0.7364990230351584,1.0230458276661034,3.878990000000005,8.211357783098524,4.095860068508445,0.0,0.813825067199228,2.03745464663557,0.813825067199228,2.0780430679545105,1.2703634410427966,0.0,2.0277777777777777,5.7493962532977685,8.02569603820135,1.1950636202338385,3.0,1.319202667013089,4.43568483515038,3.1060250610440123,11.921765107022376,46.56394684075307,21.889558341826955,0.0,1.217,1.0,46.150000000000006,3.765,1
1.9373,3.7531312899999976,2.0,16926.51436199999,89.61104133333329,120.31879118000003,294.35999201572014,184.5986137271804,216.26709094540084,7.755805829787227,1.5265677005169065,1.3785521059685408,1.5989478797133918,1.6881585330220437,156.37525284123893,140.71904230836944,4.378774114934476,3.5419268510638284,-0.0447704191942052,65.47163120567376,244.59623022996803,1.3924248063998022,1.3930134299079524,-0.4889948040806425,0.5100157088509651,2.58966115286249,78.91933788409825,4.58015816833336,3.7327504270613634,3.940157284337957,2.832252980189095,3.1811648057657926,6.642270000000005,24.358371011985028,1.9432424412150493,0.0,-0.2735723022501519,1.754600865037373,0.607280219154543,2.320546876030281,0.7142588064693044,0.0,2.221891534391534,12.735757004222462,8.102737926682721,2.266538039598556,3.0,1.6062270247071666,3.948361826970471,2.091019807975219,27.686943036497325,62.68996386150179,39.66681233684409,2.6198399628695115,1.063,1.0,59.31999999999999,7.261000000000001,1
3.859900000000001,14.898828010000004,4.0,8658.69296543264,226.05363072502564,200.84947977777784,278.5468936966838,250.4509911695748,223.12141585770345,8.560497000000005,2.070535598759732,2.411015125641028,1.8361248251555569,1.5857958448620442,163.12124430146304,145.83622856973204,2.792740172112601,4.365087999999999,-1.0074670000000006,16.856047682693774,166.03588284771024,1.3267160506082312,0.6483095262574529,-0.6890659639069124,1.1466670834194448,4.630114684097169,34.971856842923714,5.048718749999998,3.1117069900946355,3.3879747474311808,3.623596454235337,4.444579178628614,3.9062,0.0,0.0,4.376871710618404,0.0,0.0,0.0,0.0,0.0,1.1326243666190756,1.8049382716049387,6.346894718792868,4.541319700193863,3.473289609053498,3.0,2.14973162923722,2.550708088903873,2.108024434891297,38.044840450862985,57.2590752838235,46.48727097626617,1.0,2.017,0.0,69.59,4.3870000000000005,1
-0.2548999999999997,0.0649740099999998,0.0,5264.477290000012,62.40751088554224,56.917751637931055,297.69786312186073,202.7229286482849,190.1054826075744,7.500935862068958,1.6084355341012098,1.4855813441143415,1.4027868950641889,1.4040622392903048,153.87935422033578,139.01870874448974,3.880747126436781,3.026286620689659,-0.1079940879904929,63.41618773946359,32.025196765755034,1.362781311028205,1.0933825472321308,-0.4877368445569859,0.5363310672477526,0.7477967372958574,28.29989207783299,5.196673625388709,3.842278048413889,4.014042381746108,1.4613632390286997,1.872443094038566,7.296280000000006,41.34691225720502,6.83498560288399,0.0,-0.2744642658004292,1.714429292189518,0.408236428008635,2.195162798143949,1.239676765768036,0.0,2.142156862745098,13.48305709114796,12.4368431797423,1.941130932467096,2.0,1.2308418030333592,4.627139192094212,2.827470458813196,9.862743420747512,79.11561208849099,27.62493814771562,0.0,1.3159999999999998,1.0,37.3,13.203,1
2.3381,5.466711609999999,6.0,9535.480964999995,214.62003235802447,164.22033149056588,343.4864809197299,239.14895390763985,236.8809714165589,8.51997666666667,2.156446904686065,1.987406549342407,1.958443886598072,1.6410263823076925,155.38079044362564,139.02254207797418,2.0101790462158555,3.5953380000000017,-0.0462000000000006,5.854163491337712,154.15224283950624,1.1290143289744956,0.2168208700495448,-0.1426755345947687,0.8968195051636965,4.216374182765833,34.97395910342738,6.518994943810437,2.965543562560645,3.257874145937332,9.887986820367438,17.657376228903466,4.407589999999999,4.2911179698216735,0.0,7.562434177374652,2.1455589849108367,0.0,0.0,2.1455589849108367,0.0,1.305701618095798,1.48196881091618,6.100547437081829,5.6550675565843616,0.5730202996836595,1.0,1.698245835016031,3.056641667147438,1.777777777777778,26.442626017378043,64.6997556029916,50.80590743625364,10.84322404331814,0.617,0.0,12.53,3.0050000000000003,1
5.200200000000001,27.042080040000005,6.0,23876.03591344931,406.3989564661334,172.5237890140586,322.5903255451022,276.21239427891555,246.7001210684737,9.285121382352935,2.042438802142857,1.9900297974845,1.6318549644943805,1.3570535458998794,169.8361579973454,151.93769020772288,13.358418058581451,7.030354970588232,0.9806656479238688,201.0180948922779,413.3021370512975,3.412801676415276,5.912296908596409,-0.3104097715644318,0.3554701072971034,5.076976126220416,78.92033820784712,3.8693251668570254,3.142656987981909,4.971563453501734,2.6123296771685207,5.632023507092726,7.0977900000000025,4.815686976831483,-0.1117550274050539,0.0,-1.372993184156379,0.3668690977762847,-1.372993184156379,1.984629682119761,1.236244521179812,0.0,3.176954732510288,13.643198040018476,6.131279924336306,6.221236179056672,1.0,2.286900609788572,2.800562231461768,1.4417514708427612,47.19635766873303,80.97273763850751,56.57789575018553,2.457783752014793,-0.545,1.0,89.52000000000001,6.916999999999999,1
3.0565,9.342192249999998,6.0,6581.408701898632,49.66964028913869,60.7006155497204,273.3587040554374,142.46537882735,169.59152585461663,8.246823389830501,1.4064605876029277,1.029466665827629,1.189163795113027,1.4710370531202537,174.13841629003352,150.44833780141647,8.819562146892654,10.271767186440693,-0.1751766503878113,243.7429378531073,41.306315314742605,3.573341170911913,4.13123623479843,-0.6162774732566126,0.3323370449449723,2.7767345514334068,19.003429586311565,3.521587951660156,3.644397494708097,4.469273743016763,1.9980899029871464,1.900881915682156,5.334180000000004,15.92838726266611,-0.4718018338591516,0.0,-0.753041334148908,0.9813614984592268,-0.753041334148908,1.5803355269002817,0.5171404172193317,0.0,2.9642857142857144,12.77659964564087,15.055138797100234,5.675129521354872,4.0,1.6513671211245056,4.231275928237336,2.266925524777196,16.8882006222597,67.1951230119346,54.08573748181871,2.836678573163076,1.3649999999999998,1.0,48.78,10.949,1
1.7668999999999997,3.121935609999999,0.0,4195.806084000018,28.82720448484854,24.63563054924253,237.84334847789407,132.47425998275912,119.34098360798616,7.118861999999991,1.2897853901238574,1.1290427618890664,1.0462714892056724,1.040174717632531,163.1288276291591,143.2409930185925,2.1740933641975304,1.3897260000000038,-0.052545500000027,32.72212577160497,29.734559055555525,1.281790467916793,0.454473969050069,-0.3503672046373009,0.7072586855869208,0.2492655790984486,15.99492143574479,5.189518925911092,3.568864017825949,3.778118537793756,4.28011845676957,6.978131966409451,7.397570000000009,13.201855824218862,0.0,0.0,1.2396244149279312,0.0,0.0,4.24133448684781,0.0,0.0,1.8005952380952377,10.02378448592037,14.396416389220263,1.5052580166735283,1.0,1.050522865630441,5.119402135811871,3.606117521388259,8.175915362384913,55.74446358643097,22.74399283673137,2.7560441470508827,0.5389999999999999,1.0,20.23,9.896000000000004,1
1.5502999999999996,2.4034300899999987,3.0,6605.510398000007,102.94620899999998,89.08798451063815,288.3975271264584,225.4631340800169,192.588295072884,7.898764527777778,1.784129302512273,1.7476646140808574,1.5915590374146815,1.4613136409664425,157.71820369053987,141.89689413433786,2.760665136158106,3.5193729722222225,-0.0831908325617284,14.476820892394448,91.30293178395058,1.2733964808259517,0.4021339136776236,-0.3903957341258067,1.213576764057972,2.482085460030845,34.97085508912781,4.806746912481257,3.371929378313624,3.3568632224665143,2.233512942323022,3.582944364536832,5.6899900000000025,21.945220180920035,4.704393041422263,3.170619657671024,0.9300050052160443,2.079920267489712,0.9300050052160443,2.2302865173847315,1.4221915154950873,1.0568732192236747,1.9184303350970016,5.284664351851852,8.93771724562388,0.7871594440245233,0.0,1.5766403782119998,3.5932846232303124,2.233510332126852,20.9222397507485,59.22508048093477,51.45839828133687,1.990535852767486,0.6009999999999999,1.0,18.46,5.940000000000001,1
0.8494000000000002,0.7214803600000003,1.0,3602.589275,37.30489515053766,42.59671043243245,250.7775778350189,128.71199267698904,140.40408897384503,7.487883441176476,1.334071324302348,1.0373855535303094,1.1177233952753494,1.149334706426175,162.99103358929068,145.55694410498828,3.4546083922823816,1.969615558823531,-0.0508875294117646,37.63433910944347,56.23817413581317,1.3454963564812048,1.1068923267483373,-0.6819914756429145,0.5016719644215766,1.052950524858673,34.9688533472148,5.401246038618323,3.143067884881885,3.431731212633041,1.5679479195719148,1.621508609849806,4.938780000000003,10.484796854441363,2.264378490593769,0.8749166915211538,0.1089118795666419,1.9806361803980848,0.90096734063996,2.075117061742392,1.3634111499538089,0.8749166915211538,2.1309799382716053,12.008164525069288,6.631244335687148,1.5577547871000248,2.0,1.4649814776681094,3.622481363582231,2.0841354069999323,16.57461514947011,34.04183101633395,25.378498777871137,1.144714242553332,0.589,0.0,29.1,4.023000000000001,1
5.054499999999999,25.54797024999999,8.0,6761.928724048398,82.28579192234378,92.01671434606368,287.9302888337044,166.9624765146115,182.68030212578512,9.098203048780483,1.4066394546855316,1.0755260926266468,1.1517121319056538,1.333070474967576,180.6900219553997,149.48978082677618,13.956429994684031,11.4703979512195,-0.1530250963712133,277.91916154586767,60.61831571979761,4.664027470317313,6.778516135265065,-0.3865872503421313,0.5082479537752187,3.734238735897378,34.968853965851146,3.813654418945312,3.384292130234359,5.25766980827708,2.9567166923796675,2.8522386317395783,5.092,-9.207809575104358,-8.48101057228383,-0.4704694688074129,-1.6752912018036492,0.0,-1.6752912018036492,0.9738003205397384,0.0,0.0,3.5498399634202107,13.800349736217568,10.55620709828051,5.722601019773228,2.0,1.8345929396311216,3.522959064986962,1.8258683862926253,23.09422614218272,51.52102204931899,39.77400679623252,4.346488725860943,0.2880000000000001,1.0,26.3,5.328000000000001,1
4.5846,21.01855716,8.0,8367.19497389862,178.57466855106838,192.91169895553944,321.30075337391185,244.89064634392403,260.6702258742937,10.2807643030303,1.7154755312121204,1.3834244218461906,1.4281109392204088,1.386954555516129,185.83046201184231,159.45146891891176,19.64299776456841,8.930965515151517,0.4222988025711618,254.2301311006729,54.92127299068977,4.921170105669459,7.703943366687057,-0.4046728165932465,0.4243205713219726,5.096166402383787,34.96985537109818,3.60486328125,3.1425043527052816,5.140307517702618,2.01556289710032,2.4955447655482192,6.1837800000000005,-5.63247279828254,-6.929024494063732,-0.9478287036330106,-1.501749395163296,0.1694105883093977,-1.501749395163296,0.7118352999636066,0.0,0.0,3.793954874414645,13.162649189968814,6.969830046986495,6.311486321266047,2.0,2.328773169656601,2.715620949701852,1.243016666928905,34.86181331390726,66.25344158154778,47.9452917720637,3.882751955346206,0.4050000000000001,1.0,111.20000000000002,7.502000000000001,1
4.3816,19.19841856,5.0,7857.229277000001,567.72041415,629.2154808888889,402.2147997720013,393.9540469377528,364.9460035030436,10.180449214285714,3.104386399999999,2.80982,2.3972133333333336,1.74836,155.97899357425004,146.45526315892863,9.12292333485749,2.012816928571429,0.4353920000000014,51.210366451107205,116.25875937244902,1.207355048624999,3.657883317936229,0.1296287731323483,0.3514163600224522,3.9469551730688472,34.9729776159459,4.388206089248288,2.957251471267966,3.806267988089899,2.5197622749478925,3.3717828555215923,5.28269,7.142146776406036,7.142146776406036,3.78964348702444,0.5224417009602196,0.0,0.5224417009602196,1.5487379972565158,1.5487379972565158,0.8921743512219702,2.337742504409172,10.965943002715491,2.5918499057977105,2.135281207133058,0.0,1.7273966735744792,2.0799582484831243,1.6585200677766871,35.06086364699553,68.89526559732568,53.16602176400247,0.0,-0.282,0.0,43.14,3.1630000000000003,1
1.2686000000000002,1.6093459600000004,5.0,5461.219723748856,97.77834348121216,105.99863140366384,302.9024564319187,207.60763134991944,231.20238875541992,8.827682358974354,1.4215648387067272,1.2580521557761744,1.4316463838876083,1.555711633630131,173.1881906256856,148.94531906147077,12.084223646723643,8.811870358974355,-0.4199851466140713,206.69052706552696,37.81346351582704,4.223606770012947,5.299757104244281,-0.5319742081043441,0.496099671426135,2.6224763797490453,19.0029140607814,3.5661397672167445,3.703786439575664,4.751796002384274,1.0637199529853576,1.1881292223211637,6.151370000000004,6.156805394241902,-3.620704463238142,0.0,-0.988345318869308,0.5961338000302858,-0.988345318869308,1.3977466511295875,0.0,0.0,3.2351190476190474,13.721945670154092,10.37484688961166,5.815673155517738,3.0,1.839914756429551,3.445487462432697,1.807781883692768,20.394880927788368,56.38143245268867,32.14192378612679,1.4927753288936956,1.0120000000000002,1.0,51.22,6.179,1
3.1417,9.870278890000002,8.0,8155.691493898626,168.60893850030388,159.48516562409552,311.9342356972683,245.70413058745348,239.7168253211004,9.594746972972969,1.4724755166802366,1.511680548670217,1.4489768105074614,1.3063763904096124,179.5818246306836,153.32367600389472,15.316540048278734,10.06853572972973,-0.8732550737764884,246.9299958394607,65.09070618879392,4.665648114732856,6.673783671336776,-0.4941971726975044,0.6966281850532605,4.561900466320793,34.970157356787254,3.130738128662111,3.2558721326090336,5.0836743348408095,1.4676377114445849,1.9176121386576108,5.668279999999999,-0.4536018528133796,-3.171647982594494,-0.171179182023605,-1.323929403462232,0.8406945161143049,-1.1642757309675815,1.2215168948237731,0.1971603025201516,0.0,3.474989357173265,13.570257313965064,9.061565250042868,5.907883549952888,4.0,2.1752732978859664,3.034180067742984,1.222142728347936,30.686652665104813,57.90276366630477,44.526966088721935,2.0718731251004487,0.6800000000000003,1.0,67.43,5.957000000000001,1
-0.4497999999999997,0.2023200399999997,0.0,3868.687688,55.18320371951226,58.67050093670896,272.48217149437403,178.18949151570277,193.52032813001887,7.644602790697672,1.2840482528119324,1.293922468462023,1.4352018440568337,1.2888305101159196,158.53294024367975,143.08896531366895,3.160206718346253,3.123292651162793,-0.0180813326122219,21.93540051679588,34.11089086425092,1.430229440856159,0.5101255934138577,-0.4615078841020081,0.9952428364184428,0.8902969157782081,15.996931281753689,6.008990045163968,3.6854221505871454,3.78041626370708,0.5945179725668002,0.7256462516708148,6.126970000000003,27.41599575735707,2.946275267977872,0.0,0.5974157710421448,1.7027492218857103,0.5974157710421448,1.956350176147324,0.8088441587552548,0.0,2.125,5.749427010313935,8.917162126838054,1.430421027468737,1.0,1.428495634810497,3.997769119891601,2.636975089557639,12.74215552546565,59.95556203694628,28.095899282969963,0.0,1.14,1.0,40.58,6.157000000000002,1
4.820500000000001,23.237220250000007,0.0,3870.806565,76.97359887179468,75.23554184999998,253.97307798878148,181.9803462412252,172.01288303638734,8.388287666666665,1.5817667703846132,1.1964658575292584,1.0952512352000006,0.8464015332447947,167.82569324135375,152.69172418037505,9.978587962962962,5.346627000000003,2.106047999999997,162.06076388888889,39.3374745763889,1.4079209006021862,4.501687885802469,0.0778043697288628,0.3011344767373349,1.923094010038732,15.999941832228068,4.156804626089757,3.137015596329444,4.943547312085339,2.507301694901194,3.987974481243336,4.136830000000004,-2.1448611111111093,-2.1448611111111093,0.0,-0.5820370370370369,0.0,-0.5820370370370369,0.0,0.0,0.0,3.2976190476190474,11.310559334845047,2.479716061980348,2.822314814814814,0.0,1.7841591278514215,3.3857658735908904,2.475907887419683,17.944649388474566,48.28143483672166,39.08254098211808,2.6207413942088964,-0.5350000000000001,0.0,129.42000000000002,4.475999999999999,1
3.634,13.205956,6.0,8117.271484000002,841.2462250000001,1256.7025,449.1695724893197,482.9834331362029,503.97095841309095,10.2615814,4.032875000000001,4.1965,4.752400000000001,0.0,151.61339912614002,139.61105475600002,2.1976223136716966,1.2754584,-0.1913187599999993,0.2472793781435757,131.85281304000003,0.6995941749359991,0.0247279378143575,-0.2467897354228426,1.2500000000000002,3.967108603667141,34.97395669526259,7.276249999999998,2.170290164216412,1.8403342007151304,2.1563824467533985,1.896968654062407,4.60978,7.605198902606311,0.0,7.135541838134431,1.8940329218107,0.0,0.0,1.908566529492456,0.0,1.1968655692729766,1.474074074074074,1.908566529492456,1.1182782990397806,0.171639231824417,0.0,0.9709505944546688,2.350977500432694,1.950977500432694,21.80775963103538,56.24754921843116,35.95644418093626,0.0,0.071,0.0,0.0,4.452,1
1.7776,3.15986176,2.0,14508.596395999994,98.26185105000005,96.33555223529412,326.74899223649766,208.43293493615664,193.06485879718784,7.498083,1.9913654873781728,1.7565053104848996,1.5844650646703538,1.730322677099715,149.09114682518148,136.49395109361743,2.4263078314004245,0.6334679999999993,0.0001690000000002,4.487997256515776,458.3525303636361,1.2048254592774534,0.2039998752961716,-0.4361711565291792,1.0649722370800534,1.699364237084506,78.9194335582445,7.247634358626581,3.099423734781897,2.8878405699722784,1.1408291254782048,1.0812962969990458,4.927000000000001,23.8482623725073,5.8053451284491855,0.0,1.3509773662551443,2.244201152683296,1.3509773662551443,2.2665281583312336,1.5516951979694484,0.0,1.7711640211640212,2.2665281583312336,7.271666894123905,0.5907978529203176,0.0,1.3221793455166668,3.1372522731206303,2.454545454545454,31.077979455908988,59.281750429696416,54.60390122175302,0.0,0.175,1.0,0.0,6.05,1
0.0,0.0,0.0,2029.8583339999984,45.9815162692308,41.36487009756093,304.7552535267101,185.000097520262,167.60542764985112,7.197994333333335,1.6802512383471615,1.4616890872844606,1.342698247642416,1.3292066567533585,151.01239606260378,136.92058363726923,2.5462962962962963,0.1383433333333331,0.0082347222222227,5.0925925925925934,29.42576607638888,1.3287635006646854,0.2121913580246913,-0.0810482039018219,0.9080519480519478,1.4210854715202004e-14,12.150172447925986,7.0362021597906645,3.0596369029926325,3.094096433296919,0.7440169358562922,1.0089030021024656,3.993000000000002,26.66666666666667,0.0,0.0,1.3112962962962964,2.080462962962963,0.0,2.2407407407407405,0.0,0.0,1.904761904761905,2.2407407407407405,8.156914814814815,0.3553703703703703,0.0,0.9798687566511528,3.605093744070004,3.1016067457394696,5.973635421676757,47.17835350637027,38.64862292712344,0.0,0.257,1.0,0.0,7.814000000000002,1
2.2329,4.985842409999999,3.0,4638.740418000001,226.1953398333333,431.15072133333337,355.94158193212326,230.49139431337247,220.07193896691936,8.46878025,2.281095891659477,2.106156732904083,2.2168738816163334,0.0,151.66644800528726,138.18266599547505,2.397157445511355,1.41750225,-4.163336342344337e-16,1.6546639231824416,157.94730150000004,1.0726063672291863,0.1378886602652034,-0.2875441007102439,1.1339857992707736,1.983554301833568,34.971057308700075,6.252928464866171,2.7435884372583983,2.743361344947153,0.9400588714447656,0.8543082723919962,3.6468,11.85843621399177,4.875558984910837,3.178600823045268,1.5761111111111112,2.280973936899863,1.5761111111111112,2.390003429355281,1.661436899862826,1.069934842249657,1.6707818930041152,2.390003429355281,4.038822541152263,0.2994478737997257,0.0,1.5,2.0849625007211565,1.5849625007211563,23.988338856,45.0,37.15188126189908,0.0,0.0539999999999999,0.0,0.0,3.084,1
-0.4256000000000011,0.1811353600000009,0.0,1316.666240999998,18.25158787719296,17.574662083333337,209.74593494861432,100.72996746851112,98.64187084895865,6.992481333333336,0.9570473097729704,0.9319074522065278,0.918691581591168,0.8993760783841028,165.54322004616603,145.02156567508467,1.7962962962962965,0.1422959999999998,-0.0105404444444425,5.685185185185186,26.903557555555583,1.214869486321999,0.210562414266118,-0.1369409396161438,0.8932206840390878,-1.0658141036401504e-14,12.110134441590946,5.110184738109833,3.0543017093046774,3.116994092726261,0.0,0.0,3.4590900000000024,5.684377283320735,0.0,0.0,2.0058985260770976,0.0,0.0,3.678478757243638,0.0,0.0,1.7777777777777777,3.678478757243638,6.591360339191232,0.3018707482993197,0.0,0.9182958340544896,3.83659166810898,2.77658840410104,6.732876570223358,25.86629037522903,24.899120786612293,0.0,0.1079999999999999,1.0,0.0,5.095000000000001,1
4.6333,21.467468890000003,8.0,11181.269110999998,157.35968324242413,163.10370941666665,334.1956786123295,196.68594341475227,244.0166749394565,9.310028380952383,2.1048483207475224,1.5770024957392732,2.040698018308168,2.210678662401815,161.95232176300928,145.03773000897004,2.091303409033176,3.607532952380952,-0.3281753832199554,5.422883960778337,208.9331994603175,0.8901784129949419,0.2582325695608731,-0.3242641084838183,1.7886749942624751,5.538743717321495,34.9759337377488,7.254091912426035,2.906267842889141,3.169948368348076,5.863418921385182,2.9689103137561115,4.958199999999999,0.0,0.0,10.043131744981943,0.0,0.0,0.0,0.0,0.0,1.272612849409311,1.495473251028807,6.049058641975309,5.563906128275384,0.3450240054869684,1.0,1.7723388509380995,2.6199785718406607,2.167132143063188,28.61024878428393,88.53769176188887,77.75580952113597,1.788854381999832,0.372,0.0,9.23,4.970000000000001,1
2.9254,8.557965159999998,4.0,6296.691104000002,292.0772720454546,168.79645505555553,340.8431569729346,286.19856559722894,192.4460736003328,8.83198025,2.665755318307692,2.2698741800000004,1.6889110852526108,1.5702885370000002,155.33250611231853,141.50128753610005,2.8363935566224665,2.401888,-0.1820540000000003,5.641725251486056,157.32934843750004,1.100258961805358,0.3526078282178785,-0.1443269989398331,1.421517334653731,2.894004648210128,34.971854112124056,5.2037941578203695,2.8896890290966946,2.7810331859606383,1.8424786878335089,2.1772120564842146,4.809589999999999,10.018532235939643,7.742959533607682,4.029806661347666,1.1765912208504803,2.2755727023319614,1.1765912208504803,2.2755727023319614,1.718676268861454,1.0471094734189972,1.7680041152263375,5.3730366941015095,4.24143786760589,0.4900754458161865,0.0,1.771782221599798,2.228217778400202,1.2971804688852169,28.248454170197576,54.10845859334435,34.10845859334435,0.0,0.1919999999999999,0.0,9.23,2.736,1
0.7443,0.55398249,1.0,3285.5447699999986,83.98046046153851,69.15047262222228,318.11138012243305,228.6151138706042,196.0463272521991,7.421209375000003,1.854734641801708,1.7656466408508638,1.587796061757644,1.28748655699822,150.3141367206309,136.64738580558077,2.529155870548189,0.7268996249999998,0.0014987812500004,4.643493115886805,58.371516499999984,1.272954833885233,0.1934788798286169,-0.3050783741050928,0.9813333812660932,0.661184767277863,34.96938003997452,6.86589865957078,3.2315709662375,3.2173411430178875,1.0805488569301422,1.6291943617887463,4.646400000000002,26.76220465552476,1.514783950617284,0.916807690154251,1.368395061728395,2.111971879286694,1.514783950617284,2.334276406035665,1.514783950617284,0.916807690154251,1.8452674897119343,2.334276406035665,8.328222993757173,0.428871322191428,0.0,1.1752835873133534,3.409678913407804,2.710777084415068,12.6584976401436,48.16403331987176,27.12606562854569,0.0,0.246,1.0,0.0,6.644,1
1.9813000000000005,3.925549690000002,3.0,4586.9687204493175,81.90778815722022,90.9443412426922,252.27784323880928,187.5332020865117,194.4551908473186,8.654715487179484,1.260755348700917,1.20104976517609,1.2452904676806908,0.9421756585875068,176.7486223773842,154.95519430990774,11.632656695156694,7.987662358974356,1.1947126153846144,217.7759971509973,43.70608116886626,2.8456427584726023,5.583999926948649,-0.3156493418901905,0.3164058331250716,2.527929770593701,19.00125953096125,3.675564965767688,3.2255305549536506,5.110441222229118,1.1728678252233988,1.8122950827293165,4.086990000000003,-2.909678760393045,-3.6054195011337855,0.0,-1.4096324640967497,0.3478703703703703,-1.4096324640967497,0.3478703703703703,0.0,0.0,3.4746376811594204,12.844830089443183,5.864340402730536,6.158340655706727,1.0,1.96192808193504,3.3234741369272087,2.0208395875162406,21.654881070490102,43.90965385391519,39.99657058389492,1.6329931618554518,-0.0399999999999999,0.0,89.52000000000001,4.845,1
4.5014,20.26260196,17.0,9086.845145546094,284.9598178068066,286.0801276194624,320.0860400111461,235.5467690278541,233.6681849311063,12.928052966666668,0.8461560570933335,0.8391563592727274,0.835678310736842,0.8308959939999997,234.11244942106163,170.61421464657408,41.18683413351623,9.915674299999996,-1.4482441900000065,302.3601651806126,24.977204585614253,8.028544166333173,10.078672172687089,-0.1429406022216097,1.3350563031255067,7.62556797932605,31.972072903002505,3.015098130551064,3.321760840556615,6.933603836104189,2.691486843159167,2.628477684264754,5.9219,0.0,0.0,0.0,0.0,0.0,0.0,0.0,0.0,0.0,5.7353128991060025,13.053602817670278,12.988493794812012,10.119351851851851,3.0,1.6321654021612106,3.274725193447308,2.8998881101860903,25.6315009564914,97.98145028927608,85.08671112312011,0.0,0.9779999999999998,1.0,62.75,6.332000000000001,1
2.9772,8.86371984,4.0,6764.075836000003,191.92078925,154.6124357647059,349.65752401746334,277.7050692867516,253.9651972214581,8.140885272727274,2.188067360645608,2.220297027742449,2.041706041016088,1.847411774264144,150.1670862042316,137.00606660014785,2.450457940169875,2.0876934545454544,0.0081984793388422,3.2552687367502187,131.3168346942149,1.1220800610305437,0.1479667607613735,-0.3460414442151994,1.025143727085958,2.6447390691114165,34.97200787216288,6.361620072953278,3.020736482785839,2.924742573396037,1.4093413999249058,2.022246389810264,6.0156,23.460797951096307,9.313241541701274,3.921918098286411,1.5080384087791496,2.309447611349066,1.5080384087791496,2.4184771038044848,1.5976618795666415,0.9930002154039486,1.71141975308642,2.4184771038044848,7.296796530923298,0.377720178606422,0.0,1.4353713907745331,3.024060227862764,2.228161364029721,21.876017371229626,66.38470055548582,52.28452127414869,0.0,0.0819999999999999,1.0,0.0,5.144000000000002,1
4.1609,17.31308881,7.0,9809.814539,536.7662694482756,340.97582500000004,387.017578784522,302.6141891004944,219.86357514582545,9.262845823529414,2.9695911897897544,2.8959357865517226,2.2783065550000003,0.0,154.08408490712043,138.6587955823167,1.7615763154827544,2.524242,0.0745290000000004,0.5988181052027579,188.14399364013843,0.920399318456324,0.0352245944236916,-0.0243012928881469,0.8512113043566865,4.628293370944981,34.97494375881312,7.81192849002208,2.843428888397413,2.683132227035559,9.04680486897574,14.902168495609734,4.75559,4.27008401920439,0.0,9.131515775034291,2.127379972565158,0.0,0.0,2.142704046639232,0.0,1.341863854595336,1.381172839506173,2.142704046639232,4.288274720507545,0.2959747942386831,0.0,1.4958242288403438,2.591638612409996,1.315560469211781,25.20250878557506,70.85851711744547,47.15746266462276,5.669644724526929,0.244,0.0,0.0,3.4620000000000006,1
2.9589999999999987,8.755680999999992,0.0,2590.611600999998,34.115252587838015,34.37819565853666,233.24253418496585,131.56493050286636,146.51214860482824,7.178605488372094,1.454147917683596,1.076133351068186,1.1753172759680828,1.2165766244006953,163.30278920634825,144.07676733427098,2.662467700258398,1.2181680000000008,-0.0744559999999977,28.894379844961254,30.535915713358573,1.278090554186293,0.6719623219758432,-0.5557918147785432,0.4371187175282431,0.2492655790986901,15.994918654331643,5.855256075603183,3.365014582345196,3.4839912115285885,2.614079077680656,3.077597105189105,4.920190000000006,8.17888888888889,3.892037037037038,0.0,0.4742592592592598,2.143425925925926,0.4742592592592598,2.143425925925926,1.30337962962963,0.0,2.03921568627451,10.480012282690854,9.032802147581252,1.268587962962963,0.0,1.0957663204772516,4.330498434224847,3.126704580136697,8.829176628324163,41.83806790904548,36.9422094065865,3.883934173658588,0.5229999999999999,1.0,20.23,6.526000000000002,1
-1.5040000000000022,2.2620160000000067,0.0,1755.5549879999974,17.408978020201964,17.777164827160437,217.6633781634556,99.12959041021831,98.04576916297476,6.992481333333338,1.0087436506033878,0.9245962097247656,0.9114748138723208,0.941518994472244,165.54322004616603,144.34648383860002,1.4521604938271606,0.1897279999999998,2.7183116868556567e-15,2.496913580246915,26.903557555555537,1.2148694863219989,0.0693587105624143,-0.0327402010879243,1.21677997527812,-3.5527136788005016e-14,12.100219251962388,5.14928801426252,3.15716884938131,3.2454968958378707,0.4330127018922194,0.6123724356957946,4.537100000000004,0.0,0.0,0.0,0.0,0.0,0.0,0.0,0.0,0.0,1.527777777777778,2.292270565633661,8.658951704144622,0.226290627362056,0.0,0.9182958340544896,4.251629167387822,3.979399471282816,6.732876570223358,41.88265678793511,28.50043741726677,0.0,0.089,1.0,0.0,6.767,1
1.3345,1.78089025,2.0,4506.638837000002,102.09999069230774,142.70253553571436,335.8082713406378,239.973985217846,247.9700391352056,8.014282952380954,1.891468379593288,1.780618348043538,1.8670639440909649,1.7411636042975915,150.13372984103785,137.64292958501738,2.9780176512000933,1.930624666666665,-0.0529191111111115,6.8693724098388005,87.14957672562363,1.2152119076259629,0.3271129718970857,-0.4081194384522515,0.8498920582570441,1.5716351136543665,34.97015586944884,6.311885934614641,3.045300377189491,3.1862842337160675,1.0310638194892705,1.3890299871562968,4.818890000000001,20.55994054617732,2.894063995968758,1.8326589051258364,1.017681755829904,2.0959152179390275,1.447031997984379,2.2720353223593963,1.447031997984379,0.9163294525629182,1.879423868312757,5.798758573388203,6.584615869796479,0.6489849108367626,0.0,1.509968612636817,2.882348810141944,1.8580738099358989,20.699701549163027,45.97697232998918,37.85798295641297,0.0,0.26,0.0,13.14,4.0440000000000005,1
-0.6398000000000014,0.4093440400000017,0.0,3917.5049529999983,42.63442922748808,35.647248561643906,239.2935094759858,151.16172573842118,132.49777984699202,7.299044333333326,1.352127180113531,1.18873575562156,1.0548001569590646,1.0525121028329156,164.06227148739524,145.3314531841613,2.875694444444444,2.516827399999995,-0.1329399800000142,51.17870370370378,32.1281637363889,1.3117375196971883,0.8529783950617297,-0.6343144008810597,0.4547785499233973,0.6410313366796174,15.995926732513038,5.288278618924388,3.428817054940639,3.857061252970368,4.188437586391047,5.954609143387786,6.703360000000008,7.183154814394894,2.6017001028806583,0.0,0.3046513605442178,0.0,0.3046513605442178,2.306931059460821,1.0014764686738893,0.0,2.0133333333333336,11.144993307508187,10.480741433906337,1.3988923532375912,1.0,1.2463505755569455,4.660540020051573,3.278325018345948,10.820727028220704,50.54520207903528,24.584468356591422,5.403199938809624,1.207,1.0,45.39,6.564000000000002,1
1.5559999999999996,2.421135999999999,0.0,1755.5549879999974,17.842445412698382,11.57961962280696,217.6633781634556,103.39175739472796,80.58279839526261,6.992481333333338,1.161757578528283,0.9598241593797272,0.8056165653963575,0.7420839280895851,165.54322004616603,144.34648383860002,1.558641975308642,0.1897279999999998,2.714842239903703e-15,3.950617283950615,26.903557555555537,1.2148694863219989,0.1097393689986281,-0.1282195210510015,0.7177734375000001,0.0,12.110197633080846,6.185470472783376,3.105767051768346,3.2053710728986053,2.080880229039762,2.0483079018913046,4.104800000000004,0.0,0.0,0.0,0.0,0.0,0.0,0.0,0.0,0.0,1.6111111111111114,2.37536470143613,8.622126322751322,0.4184145880574453,0.0,0.9182958340544896,4.251629167387822,3.723308333814104,6.732876570223358,34.718800023077,34.2055732223232,0.0,0.143,1.0,0.0,6.584000000000001,1
2.8231,7.969893609999999,4.0,7020.043837000004,192.02546794444444,158.94593364285714,342.6693814501655,266.174193907866,284.78585068693627,8.367443130434784,1.954583172645608,2.058037977602721,2.0947470632035,2.1873854034949662,151.7011818389389,138.7929930226417,2.876524986249445,2.726871826086956,-0.0985890359168235,7.015085849850565,125.91671797731568,1.155933953877273,0.3050037326021985,-0.351165919097654,0.951066298007888,2.8940046482100854,34.97200808291606,6.273158001856145,2.921992735044366,3.0607187436137595,1.2221153514214715,1.527110330026811,6.59329,21.196929494477263,7.912825998712243,3.617737858060463,1.0713210016516896,2.1418996003751296,1.0713210016516896,2.304590819981399,1.480944192491812,0.945232972590042,1.8166303558460424,6.068048696844993,6.665157667400752,0.5953456650149771,0.0,1.6309826076665428,2.8925793483904703,2.1312847829849515,24.879095141881347,66.86747152901917,49.48693742208002,0.0,0.248,1.0,9.23,5.068000000000001,1
2.9772,8.86371984,4.0,6764.075836000003,110.1882011499999,115.63827376470589,349.65752401746334,241.4016124944941,234.52278683222943,8.140885272727274,2.2216210810803902,1.9290046802424483,1.8556537243851183,2.0279157521212863,150.1670862042316,137.00606660014785,2.450457940169875,2.0876934545454544,0.0081984793388422,3.2552687367502187,131.3168346942149,1.1220800610305437,0.1479667607613735,-0.2768244748236917,0.986797113540141,2.6447390691113952,34.97200787216288,6.591146409836294,3.0454611337545265,2.9210019853033864,1.844926084077072,1.6212637223569375,6.0156,23.37584802668209,9.297113073853229,4.006868022700621,1.422712620027435,2.2994303071022646,1.422712620027435,2.408459799557684,1.617015446096134,1.0076095313525502,1.71141975308642,2.408459799557684,7.299072848635568,0.3498545323479187,0.0,1.4353713907745331,3.024060227862764,2.228161364029721,21.876017371229626,66.38470055548582,49.100306833485504,0.0,0.237,1.0,0.0,5.144,1
4.9415,24.41842225000001,5.0,27808.196403,1049.3491996249998,891.379468,396.9368269789467,344.3945502590963,256.3352191630157,8.43083153333333,4.146132068888888,3.58486450125,3.0489954024999992,2.03371865,144.58242388530982,135.00368456118005,2.000856068688716,1.186752933333333,3.191891195797325e-16,1.7086089518874157,984.9390673600002,0.8378960755894391,0.113907263459161,-0.1051501298239291,0.7953835872443359,4.0599132414468535,78.92133760966075,7.9516029485029565,3.0939935441394306,2.771417425385279,5.472768550804039,8.539961789309524,5.41802,11.526186556927296,11.526186556927296,1.14806841563786,1.7851766117969825,0.0,1.7851766117969825,1.995218621399177,1.995218621399177,1.14806841563786,1.4670781893004117,2.4125437242798355,5.60110858281893,0.4531970164609053,0.0,1.746465798504072,2.1604247971044463,1.3836591668108982,55.86368729138631,93.9039169612982,58.42075699535653,0.0,-0.074,0.0,0.0,4.74,1
1.8858,3.5562416399999988,0.0,1462.9624899999978,15.637358230769168,8.718164,217.6633781634556,88.44021921357975,89.17601661119984,6.992481333333337,1.2177267573320203,0.8422024540122195,0.9091486028705288,0.4446129048489995,165.54322004616603,144.34648383860002,1.595601851851852,0.1581066666666664,3.670674875166924e-15,3.662268518518523,26.903557555555555,1.214869486321998,0.1220756172839507,-0.1689711148838633,0.4747487516591867,1.4210854715202004e-14,12.10017172591624,6.310937500000002,3.1051605289011017,3.1681109037573125,1.6076070275816354,3.655040460790719,3.468700000000003,0.0,0.0,0.0,0.0,0.0,0.0,0.0,0.0,0.0,1.6416666666666664,2.401944444444444,7.177449652777777,0.6278935185185185,0.0,0.9182958340544896,3.988594761554029,3.373114979997024,6.732876570223358,27.187911081968444,26.62719063892859,0.9999999999999998,0.1579999999999999,1.0,0.0,5.544000000000001,1
1.3345,1.78089025,2.0,4508.670965000003,120.7429653333334,108.47733300000004,313.7311071594324,218.87364313841687,247.7566870026498,7.901603043478263,1.6426526883096737,1.6717339266179172,1.8348649478766788,1.7910869313232671,153.15841872653445,139.3849216579667,2.9122963095498435,2.021162869565216,-0.0423374291115314,7.916989721874319,87.96410807183364,1.2640960771618135,0.3442169444293182,-0.3832748465948102,0.9324822528014126,1.5716351136543452,34.97015586944884,6.254213899312239,2.882960467532988,3.032605207224081,0.723645786714563,0.9098114114535312,5.286490000000001,21.248974006497885,4.772368599703256,1.785859669770972,0.9186495338876294,1.9860354028442653,0.9186495338876294,2.268691700960219,1.4618009364239524,0.9366913059233752,1.9238683127572025,5.823191015089163,6.429237655191935,0.7480171327790374,0.0,1.5227119556807571,3.000850000376256,2.347826086956522,20.27069642396232,49.02075821150484,35.60293203419817,0.0,0.3199999999999999,1.0,9.23,5.0870000000000015,1
2.0788,4.321409439999999,3.0,5764.357401000003,148.50513077777782,166.8577530714287,328.2002443047989,238.02801235150665,273.68772756854804,8.134523086956523,1.8461722203781727,1.8036684693721108,2.0429309103766786,1.9595573106566004,152.4298002827367,139.08895734030418,2.8944106478996443,2.407916869565217,-0.0719371247637055,7.466044412635936,109.18285416635165,1.210767236769012,0.324610626636345,-0.3150941335064413,0.9173694056885214,2.232819880932269,34.971058247276936,6.552908076060289,2.931880613001632,3.047290449436633,1.2392872136823638,1.2363123959362905,5.93989,21.17099667679143,6.527520873575768,2.769176505650271,0.9408991909521012,2.00864815164749,0.9408991909521012,2.346623799725652,1.58079956468184,0.9737283429604122,1.8668981481481488,5.93019718792867,6.53404062711127,0.7257674757145655,0.0,1.5920001314822054,2.931561824574808,2.209249735353626,22.95209208756489,57.29143837000626,40.078410620366014,0.0,0.2589999999999999,1.0,9.23,5.183000000000002,1
2.8231,7.969893609999999,4.0,7020.043837000004,131.82467883333337,129.39715778571437,342.6693814501654,239.62705472517,259.9816155805937,8.367443130434784,2.0452440094282167,1.8018015922693889,1.9142430853463568,1.9765261113132009,151.7011818389389,138.7929930226417,2.876524986249445,2.726871826086956,-0.0985890359168235,7.015085849850565,125.91671797731568,1.155933953877273,0.3050037326021985,-0.3213063150817689,0.829333635790292,2.894004648210057,34.97200808291606,6.510353830082523,2.925631158615299,3.054931040554498,1.6875677997687184,1.4044718673031822,6.59329,21.165458682101097,8.097287687137042,3.778560522288476,0.9979979563842,2.102077506928697,0.9979979563842,2.220900991169216,1.5401970460109058,0.9603435692978608,1.8166303558460424,5.938696844993142,6.686858745264224,0.6686687102824669,0.0,1.6309826076665428,2.8925793483904703,2.1312847829849515,24.879095141881347,66.86747152901917,49.48693742208002,0.0,0.248,1.0,9.23,5.068000000000001,1
2.8231,7.969893609999999,4.0,7018.011709000002,208.5063418717949,184.59999846428568,366.0047314700984,297.9054462465234,295.43329894414046,8.524488761904763,2.341287419707755,2.178816558483306,2.256800458958893,2.131625554531728,148.537708487957,137.02526492206957,2.938839535204419,2.5550318095238103,-0.09203541043084,5.966199984032634,121.91584698412704,1.0818571153778942,0.2841047611444111,-0.2525116997854849,0.8365250348075769,2.894004648210089,34.97200808291608,6.240425870672127,3.0813071340419502,3.217942871500071,2.05656598276656,2.7019976252303115,6.12569,20.370541995604828,6.327679131323312,3.798905878194899,1.0970301783264746,2.228140449595476,1.4359489166036787,2.298957056073458,1.6810373799725653,0.98880913888189,1.777414669571533,6.046601508916324,6.805370711241287,0.569636488340192,0.0,1.5818626604619093,2.8104547623168514,1.7142857142857144,25.2754467882874,64.10867326711502,37.03232617667593,0.0,0.2649999999999999,0.0,13.14,4.236,1
2.3812000000000006,5.670113440000003,0.0,1462.9624899999978,20.355670333333272,19.630051438596468,210.56498079842544,100.50621621309432,123.19706012593866,6.992481333333337,1.163826018100521,0.9115495589864564,1.1254923821691414,0.7123469163559348,165.54322004616603,144.9517296230345,1.7527777777777778,0.1581066666666664,-0.010540444444441,4.8712962962962925,26.903557555555555,1.214869486321998,0.1623765432098764,-0.1120159128416787,0.5956303195421235,-7.105427357601002e-15,12.110155106233554,5.957125000000005,3.0350709037617216,3.0978720993426774,0.6064930722941141,1.1459389748291229,3.560990000000003,3.8796296296296298,0.0,0.0,1.5324074074074077,0.0,0.0,2.3472222222222223,0.0,0.0,1.7833333333333337,2.3472222222222223,6.521005787037036,0.6261574074074076,0.0,0.9182958340544896,3.988594761554029,2.957020758514271,6.732876570223358,23.283404062582463,20.21358211119488,0.0,0.139,0.0,0.0,4.881,1
0.0,0.0,0.0,2610.9790739999985,57.11971376470596,56.62809634782617,296.3720783580547,211.41600063074807,211.22721059711563,7.180868250000004,1.623417584413223,1.6064740527719097,1.6090248015020407,1.4208946649748306,152.22329806123398,137.63537617001765,2.5347222222222223,0.1867634999999998,0.0090787812500005,7.097222222222225,29.79358815234375,1.345373044422994,0.2217881944444445,-0.0606785797420244,1.0605204029861557,-5.684341886080804e-14,12.150236622295475,6.735529296874998,3.5610395986832195,3.594255443409501,0.7775105849101827,1.1606836025229592,5.117400000000003,34.66666666666667,5.08565381708239,0.0,1.261067649281935,2.0502286470143614,1.261067649281935,2.1782407407407405,1.2817592592592597,0.0,1.9259259259259265,2.1782407407407405,9.861853605442176,0.4055990173847316,0.0,0.9886994082884974,4.011300591711502,3.581435556800404,6.128871424445239,60.13465771678023,44.8015031201322,0.0,0.301,1.0,0.0,10.522,1
5.739599999999999,32.94300815999999,10.0,14009.66621,672.6470307368421,622.9755601428571,441.8402379921797,469.3595567770248,468.4917785732528,9.8080705,3.755838297872341,3.870905263157893,3.836585714285714,4.1965,147.47689195345004,135.94914085142858,2.172787113244933,2.657205000000001,0.1328602500000036,0.5601756591982932,137.34668025000005,0.7287439322249988,0.0280087829599146,0.0812170124979413,1.4567492371208035,6.611847672778552,34.9779212175824,8.230739538393292,2.8062200909401693,2.704917441933585,7.726470224947665,13.05505878858456,7.4303599999999985,16.18753303378965,0.0,11.66856778925562,1.9744792803952853,0.0,0.0,2.0724039780521264,0.0,1.2029732510288065,1.4645061728395068,2.0724039780521264,1.6511436988046242,0.5329886831275721,0.0,1.0,3.321928094887362,2.2,23.48442634,109.48426730927306,100.7278231283368,8.596559454588334,0.1579999999999999,1.0,0.0,6.094000000000001,1
2.663900000000001,7.096363210000004,0.0,5243.528791432655,87.60690060040447,63.13666267355772,234.40899997151743,194.08363727390545,168.79953372169908,7.666643866666663,1.4450905340724531,1.5894979851903726,1.3546634330787326,1.40376780177037,166.52721773212613,149.0045983583334,2.7969087114091686,3.739816577777775,-0.7078893555555533,25.783403613947726,61.63558643833301,1.5191017517305148,0.572964524754394,-0.8306641701266464,0.7840043153239294,2.41287615043224,31.97207301085152,4.995326171875004,3.318192160015935,3.4043893474122573,1.9072894004914616,2.87778376451846,3.562810000000003,4.085216381820218,2.2173845916967614,0.0,0.600826474622771,1.867831790123457,0.600826474622771,1.867831790123457,0.9017512807592174,0.0,2.0527630805408585,6.13398169144201,6.980147642942294,3.9146441431510888,5.0,1.7661955106081444,3.7256575857215295,2.667598333095806,22.19293379449853,39.00970518384172,31.798072564956417,0.0,2.785,0.0,98.61,4.049,1
5.85,34.2225,12.0,16523.07121,909.0419239411762,1048.9743625,441.2764430308613,485.93262375153614,493.4771957746468,10.01421181818182,3.8098153846153897,4.277899999999998,4.47445,4.752400000000001,149.35712248649094,135.66745516646156,1.697964729600532,2.898769090909091,0.6324587107438064,0.0499334912915159,136.21158371900825,0.7227212550991727,0.0022697041496143,0.1441731889415113,1.1000000000000003,7.934217207334221,34.97991265097231,9.820312500000002,3.2001543801417163,3.1461928339601264,23.75891224572825,53.349346665543386,6.222999999999999,0.0,0.0,17.173508230452676,0.0,0.0,0.0,0.0,0.0,1.4352186213991769,1.3021885521885528,1.4352186213991769,8.083553806584362,0.1059910836762688,0.0,0.9940302114769564,3.465401407160341,3.1372522731206303,22.88411836097369,126.55220459376048,127.82110140783549,0.0,0.6469999999999999,1.0,0.0,6.358000000000002,1
1.6600000000000017,2.7556000000000047,0.0,3507.19894,63.33597259047617,55.10298117241387,241.95644479120404,168.9592339452454,147.379126300598,7.9407511794871795,1.3284082620969293,1.1950237652803126,1.0427939751751625,1.05267960391037,167.62275254540336,151.8388966476539,6.908119658119658,4.242815589743588,1.4168516923076928,120.66381766381764,37.89895944510192,1.3921021801045497,3.093944042661992,-0.1784895465152725,0.3009152372554072,1.4245628518413085,15.997933783340232,4.119504185005551,3.0909517759919134,4.01470588235294,1.6411983519681357,2.010769012604075,3.494140000000004,1.937225056689344,0.5552343159486028,0.0,-0.2437962962962963,1.3819907407407406,-0.2437962962962963,1.3819907407407406,0.5402749433106577,0.0,2.8583333333333334,11.270739795918368,4.285995462962963,2.5792129629629623,1.0,1.6553707677487668,3.630031451113482,2.262609123164596,16.22492108326449,37.50454586286335,25.73035207337565,0.0,-0.027,1.0,98.31,5.680000000000001,1
2.0058,4.023233639999999,2.0,6018.2833240000045,127.59905175000004,117.2467820555556,304.8723388496612,234.3698126847133,230.54832682917427,8.617576322580646,1.7100579194525074,1.5408677296616324,1.5130136988092218,1.5278751842687723,158.5224258365981,145.14673550247187,7.598908014612248,4.773427419354839,0.3975422767950058,89.2079713458314,72.33633159209157,1.392321432330448,2.877676495026819,-0.3551695530699461,0.4707116600474806,2.7111976085312364,34.96985452512757,3.895101766066451,3.077631522646323,3.892444863973586,1.2031955218071542,1.4905578223262734,4.808680000000002,12.396724632562009,3.103684764751602,1.4199653470014486,-0.7630681531872006,1.2487231930952536,-0.3028366717057189,2.1056641751350744,1.3052154051856433,0.787912014694589,2.652637485970819,11.686220944261835,4.681414957307439,2.618299593521689,2.0,1.875424233089324,3.078772077297552,1.3475625003489475,24.686753990200145,46.38079788274513,31.29850856445588,0.0,0.4070000000000001,0.0,78.66999999999999,4.321,1
3.571599999999999,12.756326559999994,0.0,3535.339965999999,43.60447425735304,42.97976551612911,249.81410545253144,144.5981464330347,149.94955247293998,7.458437833333328,1.3627806146311197,1.107685498583502,1.1284114602606372,1.2293073631703173,161.94386616141614,142.93167999806946,4.136140046296295,3.05587466666667,0.0249244444444449,74.74638310185169,33.95924087326386,1.309699219853875,1.5572163146219102,-0.4635199100079878,0.5200741072196841,0.7477967372959853,15.99692898793047,5.100972365331653,3.3920222373331232,3.741432793268847,2.7825972467708144,3.176884818651605,4.014460000000005,10.294864384182326,0.0,0.0,-0.1763860544217685,0.0,0.0,3.673172597517142,0.0,0.0,2.321969696969697,12.48006109851348,6.524146684918804,1.8430527210884355,3.0,1.2583595230282398,4.326602977692917,2.517966314837168,10.832510453800138,35.78644681401706,24.82725599227265,2.809664852122232,0.8899999999999999,0.0,43.370000000000005,3.714,1
2.2055999999999987,4.864671359999994,4.0,6641.000523449319,68.4103012990438,85.2937980485138,289.2118984300089,180.276669213556,209.34019001208748,8.228301859999995,1.4552834107570718,1.2697568557017826,1.411168392883845,1.4696287499074216,165.52241612170263,144.0490544909443,7.978161484529796,7.924905619999988,-0.154096504799999,175.54700121932655,51.87248651104992,2.7142088774344573,3.5109400243865307,-0.4987057630288815,0.3804802470781017,2.6548486018081405,34.96885407746401,3.820227584838865,3.732649702041389,4.535548704384643,2.6528113658470653,2.6459677801999257,6.696070000000006,19.03219728771475,1.5119961887313211,-0.3660228378556589,-0.6742732204775244,1.6011800406317,0.4259497195082882,1.944265757343175,0.6145623423039761,0.0,2.7960971724412587,12.898938946410128,10.134492730645244,5.620247035159615,3.0,1.7586097347933975,3.885246454981327,2.020656369539976,20.768487524772706,56.79700043937414,34.15544381950855,4.086648997358989,0.972,1.0,59.31999999999999,7.075000000000001,1
0.8306999999999993,0.6900624899999989,2.0,5716.183319299551,67.09760315353088,67.06567448561177,279.5626769148565,188.4014078037737,193.9717780439877,7.967617642857137,1.4465673110458814,1.3109673143580742,1.3393024835811562,1.3505979724167525,162.677006796388,143.46743162865005,6.478174603174602,7.023379357142846,-0.1422489770408154,145.39484126984112,37.07948972892883,2.2096911162973174,2.5963364512471627,-0.5444688119252722,0.5290182430853533,1.875140440711391,18.99941377800208,2.977705333709721,3.7330902328562887,4.47260157492405,1.6281784298484248,2.15611470462247,6.8538800000000055,25.39998259094279,2.1907519412022043,0.0,-0.5893900460143235,1.371351494875575,-0.0048556466064126,2.014358006645164,0.6382337554320783,0.0,2.646464646464646,13.010582395798846,10.1798616643719,4.2641373616673945,3.0,1.588544963825824,4.21880995823178,2.539028591476884,15.762393861230828,69.0949941261162,31.77018361675563,0.0,1.217,1.0,68.55,7.956,1
0.0366,0.00133956,0.0,6057.475913432656,71.70851592174208,74.01113298422236,245.75447012734045,157.26885037683775,173.823724594038,7.222572909090909,1.5052768496329123,1.685349740338391,1.823460952633114,1.7090576533850383,162.08455118849145,141.72472938191865,2.491078696775713,1.4673767272727252,-0.3640442561983455,38.9540351647476,86.57965438659906,1.5635231933459963,0.8853189810169908,-0.6668645729386509,0.9757199040614302,2.7375618616541786,31.97407599599504,5.456649969003678,3.431847472652417,3.425680331323309,4.359286452893223,6.61626856677737,6.694400000000004,0.0,0.0,0.0,0.0,0.0,0.0,0.0,0.0,0.0,1.691539578794481,13.245057634164777,8.185182183589484,2.826556069958849,1.0,1.45587707160932,4.003554547027977,3.594463637937068,20.8441313334638,50.82798034824621,45.82428432741377,0.0,2.113,2.0,102.78,5.3580000000000005,1
3.4044,11.58993936,1.0,7414.705589432652,127.98958821962717,96.35266497905089,285.6428442092822,221.8639356623696,193.91943380226985,7.699321441176475,2.094262259740096,2.207214546062678,1.902987436018542,1.668176338976786,156.60124816342014,140.2909734969765,2.389239949523476,2.7398875588235265,-0.5389260882352932,16.03297364327534,116.39562719440256,1.665503733220944,0.4715580483316277,-0.6103951584147083,1.3643285337964672,3.648012208030707,34.96938128020666,5.318788085937507,3.2155972361216105,3.2693709009098786,3.89029356220522,6.378945209850816,4.523990000000002,12.802197608122055,3.2852196749734883,1.0110568526145092,1.5506288880414312,2.346035455334397,1.5506288880414312,2.412453511239887,1.734590786932057,1.0110568526145092,1.726851851851852,6.152739407491392,6.9174177475009815,2.803368612048157,2.0,1.8872088616275828,3.200253979622757,1.912339706136879,30.430002491696285,40.81541979408237,35.597222762842264,0.0,2.0950000000000006,1.0,110.96,5.399000000000001,1
3.135699999999999,9.832614489999994,4.0,6191.88466544932,58.60212477045886,62.86318034051115,280.7599261120312,174.0781024406941,174.650603392688,8.000335941176463,1.5305133613112358,1.2934461323060389,1.2640943839629637,1.296808513645275,165.37612575579175,143.51637452260005,6.875648514244898,7.252599176470592,-0.0454178892733535,160.37018694842683,52.65867446594711,2.6261837546190305,3.1445134695769967,-0.5443395894144899,0.3591970038260734,2.2630828442276822,34.96885397664401,3.8163831481933608,3.65519026706281,4.524590163934428,3.092388952585334,3.2370351133183046,6.251000000000006,20.151040977230373,4.070391929660477,-0.2975557886801132,-0.5056033377083853,1.9076152258168853,0.8939329961522791,2.022478410404997,1.0826271195039003,0.0,2.6383567475521503,12.865334840408725,12.101415656619013,5.550199870930396,2.0,1.5762624380206074,4.096162903950889,2.2233319382544794,18.132844523758983,54.25977750873843,32.882126378100025,3.97282030970878,0.514,1.0,26.3,9.566,1
0.8419000000000001,0.7087956100000001,3.0,6892.807569449323,65.64676872884307,59.93334486127916,296.0022623809179,195.19452354400377,187.63952118787049,7.97239218461538,1.5588893478755166,1.3817103623262297,1.3468008448586353,1.4347487981230806,160.91726268163424,141.9048582293679,6.660363247863248,8.41507421538462,-0.2734890319526579,181.84572649572647,36.37098737503538,2.4317948198636685,2.797626561472716,-0.511196363327575,0.3924164765067287,2.1004292351468337,28.29989207783299,5.196673625388709,3.799257455518528,4.493617021276599,1.4613632390286997,1.872443094038566,5.638280000000005,24.94708053219344,3.72436410739004,0.0,-0.6919048530888958,1.048666795089348,-0.6919048530888958,2.051335933937395,1.109573003839328,0.0,2.56875,13.510467080139428,11.598987557220248,5.620110701150292,3.0,1.4790401486382925,4.543327664390162,2.5902235073323103,14.342624781440453,82.5286010671824,32.99262195426019,1.3479642023658878,1.673,1.0,46.53,11.343,1
0.0,0.0,0.0,1741.3300919999986,42.92814144999996,40.59320776470584,289.2646037585423,175.20111332730357,167.707772473865,7.166856000000001,1.5070992756259125,1.3985969514698011,1.350350024082119,1.161757578528286,153.21403606011322,138.2413959260435,2.525252525252525,0.1293599999999998,0.004900000000002,5.050505050505051,30.01636586776858,1.3554328979625612,0.2295684113865932,-0.0486163327825988,1.0779999999999998,-1.4210854715202004e-14,12.150141701565014,6.6368984375,2.897524670732309,2.886013034962672,0.3849001794597506,0.5000000000000001,3.402000000000002,23.33333333333333,2.5520370370370373,0.0,1.2760185185185189,2.0341666666666667,1.2760185185185189,2.1203703703703702,1.2760185185185189,0.0,1.9444444444444449,2.1203703703703702,6.724015,0.3906481481481481,0.0,0.9940302114769564,3.465401407160341,3.110843722624875,6.244890828734465,39.96721933964771,37.11621190805931,0.0,0.2189999999999999,1.0,0.0,7.292000000000002,1
3.1425,9.87530625,5.0,8312.354769999996,131.59984403124994,130.42325074999985,334.32284871969614,248.44019592324804,240.0938742159373,8.086125892857146,1.988650416498348,1.970459400606123,1.9606125890436223,1.8973631334499208,152.8634640200979,138.27983762796896,2.303773175365254,2.688396107142858,0.0065090318877537,4.533189558974023,136.59783033673477,1.1617167431265023,0.1618996271062151,-0.5822938625415661,1.0692285998659168,3.305923836389283,34.97297859268344,6.193421377265761,3.386307045192195,3.1494752181068755,2.376731119043376,3.646087230884401,6.478800000000001,25.171350668296583,6.193436004031243,5.383713719598493,1.529920319979844,2.3458858215211094,1.529920319979844,2.3985928445452256,1.5667976820357774,1.1403518238571149,1.683073424301495,2.3985928445452256,9.03935228156329,0.6402640603566528,0.0,1.4701429793353156,3.337211942722288,2.098388839362981,22.0505288782306,64.53106537470408,58.07222599824325,1.990535852767486,0.1649999999999999,1.0,0.0,7.020000000000001,1
0.6420000000000001,0.4121640000000001,0.0,1597.0659709999986,33.36288345454541,25.58185870967741,283.1622265771428,149.96526845449614,127.5944364388852,7.149062666666667,1.585800083622636,1.2509215841667969,1.113934913499678,0.955272512839105,154.47211605869003,138.76171591859094,2.3968253968253967,0.1242266666666665,0.0053777777777792,4.57142857142857,30.19787072562358,1.3636290152593862,0.2176870748299319,-0.2033326503500658,0.7831790123456792,-1.4210854715202004e-14,12.110176166327696,6.090123301753355,2.93688624888876,2.962239632119041,0.5580127018922193,0.7053418012614795,2.867820000000002,18.8825,1.3228703703703706,0.0,1.3176851851851854,2.0671296296296298,1.3228703703703706,2.203703703703704,1.3228703703703706,0.0,1.9090909090909087,2.203703703703704,6.522205925925928,0.3489814814814814,0.0,0.998363672593813,3.393953750184948,2.193231257665236,6.377551320619961,33.47770282218621,20.729271200866688,0.0,0.193,1.0,0.0,6.261000000000001,1
3.7215,13.849562249999998,5.0,7150.113290000001,603.2778365,849.7128666666667,413.8181305135892,390.9101847860776,377.7010102943063,9.361640416666669,3.281743147619048,3.4361134825,3.6528029133333337,0.0,148.87341063739578,136.99880872482504,2.328595742518925,1.6653309166666668,8.881784197001252e-16,0.7576461921455064,160.68926738888896,0.8488914805731865,0.0631371826787922,-0.0790846053513302,1.1258598626454994,3.3059238363892884,34.97297685013897,6.982643553321617,2.8758678134136337,2.7937596300271523,2.109903066552662,2.5291560056255498,4.953599999999999,11.485109739369,8.97016803840878,5.57661865569273,1.7522085048010976,2.5149417009602195,1.7522085048010976,2.5149417009602195,1.8375342935528125,1.1278052126200273,1.5510662177328844,2.5149417009602195,4.25802310356653,0.2415775034293553,0.0,1.3250112108241772,2.25995128989698,1.9349400790728024,24.70394460698953,62.61162673828996,59.152885441306175,0.0,-0.026,0.0,0.0,3.276,1
1.7401999999999995,3.028296039999999,0.0,2180.218838999998,33.53311407894737,35.749086298507464,269.12675905992427,149.60328158777656,149.29266217280593,7.116231096774197,1.54516705370068,1.2461278831181557,1.2240014135279982,1.33312779033069,156.79347657219307,139.95845190145,2.2374551971326166,0.1836077419354835,0.0063176857440183,6.435483870967743,30.235007450572304,1.3653059783847636,0.2075962539021852,-0.2492489581020417,0.8057179987004545,-7.105427357601002e-15,12.110264591747017,6.19564728025502,3.110470724235173,3.1110952010147974,0.9063451563985472,1.0475389498634362,3.145840000000001,22.80555555555556,5.530911281179139,0.0,1.3393806689342405,2.062103647014361,1.3393806689342405,2.280092592592593,1.4316666666666669,0.0,1.877777777777778,2.280092592592593,8.639104135015117,0.4639351851851853,0.0,0.9992492479956564,3.954947062391219,2.645161290322581,6.577472112674295,45.44442729118796,26.10947946039134,0.0,0.173,1.0,0.0,8.507000000000003,1
-0.433899999999999,0.1882692099999992,0.0,3271.243452999999,61.11502339784951,52.65874359770122,280.466513757727,193.09586490076416,178.0497531975093,7.4591176410256415,1.5239233314553078,1.4013583498573636,1.3327847963205262,1.272682650877344,156.6285403526021,141.21213296387077,3.947293447293447,2.0523817435897445,-0.2339469612097305,46.7193732193732,32.93834021433266,1.368138995045838,1.1979326466505948,-0.5064859889583027,0.5819495237189918,0.4985311581973377,15.995924201047174,5.228833595960292,3.4564149310835286,3.773334665363913,1.145652115251562,1.6416118444921466,5.4053800000000045,21.47448791972151,1.4792226211472248,0.0,0.2245257254136226,1.8183423599008013,0.2245257254136226,2.124125566893424,1.0286399281935,0.0,2.2222222222222223,10.495463671579742,8.249281379418107,1.4421409412530442,0.0,1.2400362501086653,4.045365968753584,2.190818830672413,10.09921086060828,48.24438963356007,23.368998836913143,0.0,0.821,1.0,40.46,6.227000000000002,1
2.1293,4.533918489999999,3.0,5443.268918000003,194.6383816875001,95.4302353235294,297.0581728485418,251.9103238302089,173.36942462586444,8.514184150000002,2.24246307116129,1.8328386583125005,1.4005346358984416,1.3484634267133466,159.20796339727218,144.20277482286505,3.141072245084591,2.9814817499999995,-0.2655900000000002,10.42940100594422,126.36748074,1.189875935119446,0.521470050297211,-0.1929902402950862,1.483320733281891,2.482085460030934,34.970854043057145,5.096244063056932,2.906967157245215,3.2454298546026705,1.5102974461958696,1.8258112529550743,4.16479,8.544454732510289,6.403527091906723,2.7319572870300384,0.9163888888888888,2.1409276406035667,0.9163888888888888,2.1409276406035667,1.5706978737997257,0.9427610509224266,1.951566951566952,5.36306755829904,4.242393307228241,0.7502777777777778,0.0,1.801609497059028,2.520318597828335,1.5509775004326936,26.54918114323433,46.25451918187944,34.728429079247114,0.0,0.1939999999999999,0.0,18.46,2.196,1
0.4067999999999987,0.1654862399999989,0.0,1609.2587389999976,21.645510107142805,19.27999609523804,211.230455551397,112.9648550672296,103.31369415036818,6.9924813333333375,1.0404941773764127,1.0143252865442245,0.946599761295344,0.9232948944446816,165.54322004616603,144.8949878307438,1.765993265993266,0.1739173333333331,-0.010540444444442,6.506734006734005,26.903557555555537,1.2148694863219995,0.1971737577798183,-0.1445277112410894,0.8777231565329885,0.0,12.110176166327694,5.228889457544424,3.216279205026635,3.254001712210547,0.4927992798267444,0.5761326131600778,4.095190000000004,5.783535446586042,0.0,0.0,2.036315192743764,0.0,0.0,3.747220253842277,0.0,0.0,1.7575757575757578,3.747220253842277,8.010575799319728,0.3815277777777779,0.0,0.9182958340544896,4.126098285303964,3.0022772949099514,6.732876570223358,28.64121668796584,18.217855065797657,0.0,0.126,1.0,0.0,6.172000000000001,1
2.9772,8.86371984,4.0,6764.075836000004,171.73863829999996,167.80068276470584,349.65752401746334,276.9163054650627,266.9456872542407,8.140885272727274,2.2378455220553675,2.201003638492449,2.145707556461705,2.0012613133766792,150.1670862042316,137.00606660014785,2.450457940169875,2.0876934545454544,0.0081984793388422,3.2552687367502187,131.3168346942149,1.1220800610305444,0.1479667607613735,-0.2960112199460935,1.066440080135299,2.644739069111385,34.97200787216292,6.373784262274377,2.9921678372831293,2.929878129064621,1.6991502671938234,2.149200822133459,6.0156,23.435763799461256,9.491611744492037,3.946952249921459,1.519461591220851,2.231344044819574,1.519461591220851,2.4240633660871755,1.6595617423924305,0.9982810181685844,1.7114197530864204,2.4240633660871755,7.279338154060093,0.3752636404355982,0.0,1.4353713907745331,3.024060227862764,2.228161364029721,21.876017371229626,66.38470055548582,41.05034800431504,0.0,0.148,1.0,0.0,5.144,1
3.7215,13.849562249999998,5.0,8019.762272000004,263.81329795,264.97777276470583,364.7557540821937,321.9012445445402,312.4226178811849,8.384392590909092,2.374810032496717,2.555472378242449,2.5180807839661457,2.245362841417786,149.4053487402612,136.69723426867395,2.431759293899212,2.4000747727272724,0.0170777376033061,2.806425018359176,144.3872890495868,1.0596310559197613,0.1275647735617807,-0.3091776046449382,1.001803736664321,3.3059238363892263,34.97297815693329,6.54047159600163,3.0050364622355312,2.943906169377903,1.667377902078744,2.689579563159005,6.669,23.44000892137834,11.328377862461856,4.955052807016725,1.5603789437585736,2.326646298551428,1.5603789437585736,2.471069538926682,1.6612002743484229,1.0149266557331664,1.6702977487291215,2.471069538926682,7.408254470862533,0.3718868452730887,0.0,1.448575666022411,3.0108559526148864,2.201752813533966,23.20113317686377,76.64336371180666,42.952062844067285,0.0,-0.033,1.0,0.0,5.24,1
2.8231,7.969893609999999,4.0,7020.043837000004,161.92507338888896,186.53766585714297,342.6693814501655,252.900624316518,282.5527500884274,8.367443130434784,1.9999135910369124,1.9299197849360548,2.0862734823052502,2.043792500323267,151.7011818389389,138.7929930226417,2.876524986249445,2.726871826086956,-0.0985890359168234,7.015085849850565,125.91671797731568,1.155933953877273,0.3050037326021985,-0.3289168489323127,0.8901999668990901,2.894004648210164,34.9720080829161,6.040957883648035,2.947588889619491,3.05787428086842,1.4575051039183564,1.4023382087924263,6.59329,21.168995014215103,8.038334711685316,3.710348264248543,0.974572030458274,2.0865802504129225,0.974572030458274,2.359910169943606,1.5881246675624985,0.9770616762937456,1.8166303558460424,6.003372770919068,6.672811289917774,0.6920946362083927,0.0,1.6309826076665428,2.8925793483904703,2.1312847829849515,24.879095141881347,66.86747152901917,45.2158187972066,0.0,0.202,1.0,9.23,5.068000000000001,1
2.8231,7.969893609999999,4.0,7020.043837000004,161.92507338888893,144.17154571428577,342.6693814501654,252.900624316518,272.383733133765,8.367443130434784,1.999913591036913,1.9299197849360548,2.004495074274929,2.043792500323266,151.7011818389389,138.7929930226417,2.876524986249445,2.726871826086956,-0.0985890359168235,7.015085849850565,125.91671797731568,1.155933953877273,0.3050037326021985,-0.3364270920210576,0.89019996689909,2.8940046482101422,34.97200808291606,6.26569456550807,2.923637191049111,3.057805967903031,1.454841575595095,1.4654385432293058,6.59329,21.1820562387049,8.002609088102549,3.697287039758748,1.009421138825901,2.110973674449204,1.009421138825901,2.299004557698708,1.5428440553176004,0.9614366762937456,1.8166303558460424,6.003372770919068,6.676243636856549,0.657245527840766,0.0,1.6309826076665428,2.8925793483904703,2.1312847829849515,24.879095141881347,66.86747152901917,44.53498529131637,0.0,0.248,1.0,9.23,5.068000000000001,1
0.5564999999999993,0.3096922499999992,0.0,1903.883364999997,15.495278466666612,14.413015863247802,207.3707019841619,94.42500911419653,85.0860896638497,6.979114634146344,1.1231994063918398,0.8982015579261746,0.8221658121733222,0.9279916386908637,166.48831428899933,145.22409022603006,1.5814701897018968,0.2105518048780482,-0.0110608828078482,4.876693766937674,26.215364233194503,1.183793110407751,0.1189437504131139,-0.1790117603398986,0.6659969649689009,1.4210854715202004e-14,12.110219518117958,5.141730587001907,3.2162026444939813,3.2541199515349524,2.2351078424734347,1.4608867562271493,5.029100000000005,0.0,0.0,0.0,0.0,0.0,0.0,0.0,0.0,0.0,1.6602564102564104,2.3887110260770976,9.648133724844104,0.7452814389644746,0.0,0.9011701959974224,4.4563818086206615,3.944520812106748,6.683794723801698,37.80165990449213,44.12480952929277,1.0,0.1539999999999999,1.0,0.0,7.652000000000003,1
0.8048999999999994,0.647864009999999,1.0,5849.75898500001,64.72628013953475,67.5245640082645,285.3478130232433,186.2951123883912,200.02277769918703,7.666375326923069,1.4892449256561269,1.3380671392540486,1.4141133877135468,1.4370239688807962,157.18847297726683,141.0175800801445,4.260785615466684,3.722228057692308,-0.0177208868343204,66.32535128908589,47.28818720229287,1.4048907301056854,1.2754875247901132,-0.4688203524658982,0.5245887978596525,1.551481683055954,34.96885397642781,4.598881627311584,3.733240679918428,3.917171893226622,1.7117093141441222,2.171756548435621,6.905880000000005,30.3186142416448,4.062733296218036,0.7748809991003558,-0.3942540440826871,1.7320194784372274,0.5812592907533385,2.102648232132359,1.288354229936797,0.7748809991003558,2.2615226337448555,12.99428481349432,9.837813575889138,2.3358833408763604,3.0,1.489693797822782,4.210745920318311,2.5142453400894094,15.79100986879076,65.15846707851178,30.455407314286667,0.0,1.081,1.0,59.31999999999999,7.782000000000001,1
1.1458000000000002,1.3128576400000005,0.0,1749.458603999998,27.18980291025637,23.089676637681112,238.2487305220429,131.47073612279078,117.80349666996204,7.047284800000004,1.3420268560563169,1.135411328733652,1.0460326807380138,1.048200225347746,161.6683336505494,142.59127106374004,1.9703703703703703,0.1707551999999997,2.742597815519332e-15,5.777777777777772,29.05584216000001,1.3120590452277594,0.1925925925925924,-0.2692491760285856,0.6712962962962968,-2.131628207280301e-14,12.110197633080846,6.228058449416807,3.1553049608462502,3.1905873760102685,1.258903002102466,1.0046057649252644,3.9334000000000033,11.773148148148149,2.8911111111111114,0.0,1.4455555555555557,2.1574074074074074,1.4455555555555557,2.314814814814815,1.4455555555555557,0.0,1.8333333333333333,2.314814814814815,7.642958888888888,0.6910185185185187,0.0,0.9709505944546688,3.93594000115385,2.7100989636268817,6.790894279573414,33.58909948305866,28.35556196097996,0.0,0.1649999999999999,1.0,0.0,6.862000000000002,1
5.4846,30.080837160000005,21.0,10819.13068414518,283.4393973467738,284.1083823491883,320.70960726026533,238.0962760162972,236.9744929413823,12.970072805555558,0.8490646912043007,0.8438765679999999,0.8417996761600001,0.8391563592727272,235.8660565047736,171.03270732258994,41.52027844459686,12.017708750000002,-1.4654283125000158,363.2589996761164,22.622626524890133,8.112346372731595,10.09052776878101,-0.1185365657799744,1.3630315553869787,9.09672387099576,31.972073313154105,3.0101573476614787,3.4432366247993724,6.956018594944911,3.3456017862378444,3.343336917648489,7.192500000000002,0.0,0.0,0.0,0.0,0.0,0.0,0.0,0.0,0.0,5.737830687830688,13.303156651549507,15.455511483239835,10.61167779457462,3.0,1.5529018256258942,3.617023175816418,3.2844073855098324,24.29239094517076,117.89723626025014,96.11261738022176,0.0,0.9840000000000002,1.0,62.75,8.094,1
0.3570999999999993,0.1275204099999995,0.0,5105.936169000013,50.15818682993203,61.67055278740159,237.4177115920156,146.48377428760224,172.44804886568193,7.500059258620682,1.2837092336193516,1.1605522299779087,1.3466961663517982,1.1883728521970849,164.47268580695803,146.62928837169156,3.0059259850527407,3.6574845689655127,0.2616455074316177,49.58469472825321,44.984625027645706,1.4092372313863384,0.8549085297974691,-0.6261664973314198,0.4795524384621935,1.6581557966933076,31.97207230264529,5.37003656245506,3.37998333151372,3.503541413400984,1.9859288850318817,2.768458271309678,4.266080000000007,7.940063708487679,2.382653447308931,0.0,-0.2482173301419334,1.8271424897119344,0.5466586881666244,2.0434342946315347,1.1104136035855017,0.0,2.040954415954416,12.63145423910305,9.555612853096552,2.2439410042995256,3.0,1.4925766951291115,4.365404299998461,2.937779721776318,15.94323696910723,44.41700013049893,30.12191389032394,1.437216447852337,0.2900000000000001,2.0,67.31,5.707000000000001,1
3.0272999999999994,9.164545289999996,3.0,7738.386379432648,197.13662311958984,263.5027049459334,309.0551144821368,240.7956146715948,277.09088292505146,8.755025782608698,2.594995224705883,2.0611164886666664,2.345771010333334,1.6696608506930009,159.62420586191928,145.28291860229135,3.611792426260578,3.742916434782608,-1.137246695652174,17.57773619477413,139.81709793173954,1.5766294701996368,0.7642493997727883,-0.6598274741693873,1.2141243103282686,4.111430095301515,34.97105980010146,4.832085937500001,2.899754546390991,3.1186596022887514,2.6024572866787774,2.4946418316633685,4.01369,7.0951391513395485,4.820603828980152,2.489115247722317,0.8243930041152264,2.2745353223593963,0.8243930041152264,2.2745353223593963,1.4577749433106575,0.8993199592365524,1.9882330246913589,6.00934327846365,4.063687872491361,3.666311938355589,3.0,2.4012687424425176,2.1222932136144954,1.1419418481082788,41.46253429561935,47.622251334206254,36.78804262202527,0.0,2.285,0.0,82.48,3.37,1
4.2426,17.999654759999995,8.0,11502.357593999996,284.08502949999985,327.43406915789456,364.0996070034456,268.4094342181933,271.96795663691023,8.846706000000003,2.510954775299288,2.3439394879385294,2.496300149999997,2.8281050983333333,155.1135373158623,138.7854920026693,1.6704576125336583,3.390138000000002,0.0836404999999991,0.866350006985724,187.7690341875001,1.0074882319191862,0.0360979169577385,-0.0783226854377001,0.8737512870764166,5.289478138222854,34.975934710385985,7.26024326191964,2.927868387614005,2.8611488631176147,10.244603997020594,17.65442715357118,5.608989999999999,4.383623113854595,0.0,10.505412379972563,2.187974965706448,0.0,0.0,2.195648148148148,0.0,1.3469444444444445,1.3712277091906726,2.195648148148148,6.3375444324417005,0.2941769547325102,0.0,1.5545851693377994,3.0303773313833577,1.7091479170272454,25.293857942183138,80.78972500528846,43.76002604917871,9.231723416252166,0.2769999999999999,0.0,0.0,4.355,1
0.0,0.0,0.0,2029.8583339999984,51.491056923076975,39.25711275555552,304.7552535267101,200.09368049404665,166.62388317789217,7.197994333333335,1.6985498617080526,1.5518539755594982,1.3520592934142457,1.1139227071403135,151.01239606260378,136.92058363726923,2.5462962962962963,0.1383433333333331,0.0082347222222227,5.0925925925925934,29.42576607638888,1.3287635006646854,0.2121913580246913,-0.0834451515616524,0.9797402597402594,1.7763568394002505e-14,12.150172447925987,7.061867187500002,3.17527637945136,3.217600020473026,0.7775105849101827,1.1532405693998726,3.993000000000002,26.666666666666664,0.0,0.0,1.3112962962962964,2.080462962962963,0.0,2.1782407407407405,0.0,0.0,1.9047619047619049,2.1782407407407405,8.158820370370371,0.3553703703703703,0.0,0.9798687566511528,3.605093744070004,3.1016067457394696,5.973635421676757,47.17835350637027,34.422056258533686,0.0,0.257,1.0,0.0,7.814000000000002,1
2.9772,8.86371984,4.0,5894.426854000001,365.3094479999999,838.1403546666667,384.8798562228562,298.8369364359522,346.34188708570406,8.915210333333333,2.726900580952381,2.6757269650000004,3.3164709682830007,0.0,150.26992932134152,137.59073736015003,2.36287659401514,1.6063906666666667,-5.551115123125783e-17,1.2061677589798303,167.55614113888893,0.9635122922412488,0.1005139799149858,-0.2005284375663991,1.1011892225825926,2.6447390691114308,34.97200682786772,6.737677233858125,2.7863045938649367,2.7648598886257307,1.447598797321306,1.2839353796443116,4.300199999999999,11.71631001371742,6.780438957475995,4.333072702331961,1.695109739368999,2.467935528120713,1.695109739368999,2.467935528120713,1.695109739368999,1.0832681755829905,1.6049382716049383,2.467935528120713,4.162166556927297,0.2624108367626886,0.0,1.4591479170272448,2.125814583693912,1.666666666666667,24.908971716182183,54.63709585713149,54.63709585713149,0.0,-0.007,0.0,0.0,3.18,1
0.4561999999999999,0.2081184399999999,0.0,1887.6263409999983,34.109279269230726,41.81903904999995,281.00292388218617,148.37809526964722,166.8358261333447,7.145931040000002,1.4487948362739247,1.2299030487996936,1.3317038109547013,1.350350024082119,154.69353813843955,138.94582914672307,2.3922222222222222,0.1479878399999999,0.0054641664000013,5.53777777777778,30.218075846399987,1.364541407036869,0.2215111111111112,-0.0536438774586159,1.0834670947030494,4.263256414560601e-14,12.150156966867163,6.596824218749996,3.001371124360124,2.969976343445201,0.3900166571736666,0.5078677873714245,3.089800000000001,23.803888888888885,2.7383333333333337,0.0,1.3691666666666669,2.050092592592593,1.3691666666666669,2.1597222222222223,1.3691666666666669,0.0,1.9102564102564104,2.1597222222222223,7.342459999999999,0.4705555555555556,0.0,0.9988455359952018,3.6450106537795226,2.8175424759098897,6.399164974700272,42.209631074939765,37.104046573527,0.0,0.181,1.0,0.0,7.861000000000002,1
2.2329,4.985842409999999,3.0,4638.740418000001,423.9039005000001,35.7336,355.94158193212326,277.9468067684638,125.1611140567369,8.46878025,2.172058014285714,2.48778930371225,1.45360874,0.0,151.66644800528726,138.18266599547505,2.397157445511355,1.41750225,-4.163336342344337e-16,1.6546639231824416,157.94730150000004,1.0726063672291863,0.1378886602652034,-0.3101012671422121,0.9668009978890808,1.983554301833573,34.971057308700054,6.370548304069148,2.838825737686164,2.7514196443511074,0.5669467095138409,1.1119206555895915,3.6468,11.875843621399175,4.798611111111112,3.16119341563786,1.5995370370370372,2.359077503429355,1.5995370370370372,2.359077503429355,1.5995370370370372,1.0537311385459531,1.6707818930041152,2.359077503429355,4.046301121399177,0.2919478737997257,0.0,1.5,2.0849625007211565,1.5849625007211563,23.988338856,45.0,45.0,0.0,-0.001,0.0,0.0,3.084,1
0.6420000000000001,0.4121640000000001,0.0,2176.154582999998,50.12812642187508,36.13543939999999,295.7457491787872,197.25623072396093,158.36788452603685,7.175159555555558,1.7343689627720305,1.537751158030357,1.303680310217282,1.1139571068803422,152.62693206077736,137.6887802098207,2.440329218106996,0.1581066666666664,0.0093692839506189,5.637860082304528,29.89284172839505,1.3498549848022208,0.2088096326779454,-0.2057678685001452,0.8540145985401453,-3.1974423109204515e-14,12.110264591747008,6.582938792079128,3.175314386828572,3.225865621089941,1.0580127018922194,1.5229564885855038,4.021020000000003,26.16953703703704,1.345604686318972,0.0,1.3153703703703703,2.087265684051398,1.345604686318972,2.2152777777777777,1.345604686318972,0.0,1.888888888888889,2.2152777777777777,8.814316339758125,0.3512962962962961,0.0,0.991076059838222,3.763811442325247,2.5856865751157447,6.177348133484644,46.24929307983448,25.488278256045284,0.0,0.253,1.0,0.0,8.137000000000002,1
3.5281,12.447489610000002,3.0,8030.97887743265,206.3403991608889,183.7735846745417,290.1464793817199,262.7591676270133,236.44173065413167,8.390361413793107,2.001097754503616,2.309848516755557,1.9811243146250004,1.7493420957427748,160.8488294862462,145.08917347876897,3.1576284759997684,4.169038206896553,-0.989569655172414,19.201761716306898,130.79158584327004,1.5118231399815234,0.6621297143554102,-0.6853787866593561,0.988133937124871,4.1114300953015,34.97106006081492,5.018339843749999,3.111706990094635,3.3074016907532453,2.228134099948454,3.043321363278866,4.793890000000001,7.168587175610986,4.873643689986284,2.4878040656134424,0.8458744855967079,2.294943485624702,0.8458744855967079,2.294943485624702,1.4651694906357606,0.8985792184958116,1.9339849108367624,6.191843278463649,5.01737082033911,3.7662347778617615,3.0,2.23408969090971,2.623891304217863,1.585316153484038,36.96713296021492,47.28882440844008,36.48332443817955,0.0,2.285,0.0,82.48,4.215999999999999,1
1.4886,2.21592996,2.0,4252.702964000003,97.24231440000004,93.34619576470594,319.46106388800285,225.6643274853388,219.6297326049947,7.653870636363639,1.897361479545521,1.7901536003561245,1.7663560858645888,1.5766558074784294,151.6905611321724,137.62373126309566,2.4878552327112,1.2502883636363638,0.0001055289256196,4.152914605589502,90.47033056198347,1.2420451161987756,0.1887688457086137,-0.2399146317640183,1.089647281907558,1.3223695345557118,34.97015576510519,6.729549843748622,2.9288015021059963,2.910014909889201,1.1860660760377586,1.403859374757357,4.708800000000001,23.410184782760844,6.018372176030907,1.947839908597184,1.3667901234567903,2.0738059019904256,1.3667901234567903,2.268134430727024,1.610078875171468,0.9838134255759916,1.8112874779541448,2.268134430727024,7.001813256557768,0.381652529324487,0.0,1.3221793455166668,3.1372522731206303,2.454545454545454,17.25613981724032,47.95997422324707,34.394346065182226,0.0,0.2279999999999999,1.0,0.0,6.007,1
3.7215,13.849562249999998,5.0,8019.762272000003,282.2595720999999,228.0458187647058,364.7557540821937,317.9861398849388,298.5141704111214,8.384392590909092,2.540921376943392,2.5243159757348987,2.391381163520528,2.1720580142857147,149.4053487402612,136.69723426867395,2.4317592938992125,2.4000747727272738,0.0170777376033048,2.806425018359175,144.38728904958677,1.0596310559197617,0.1275647735617806,-0.0551978277298516,1.0770768274971094,3.305923836389276,34.97297815693328,6.836542865418767,3.0050716937263022,2.9414357353310745,2.59209818921048,3.692223670743952,6.669,23.169984828407816,12.0769463515859,5.225076899987246,1.4798113854595338,2.12673150753214,1.4798113854595338,2.3000132975000698,1.821035332857423,1.0769896753854715,1.670297748729122,2.3000132975000698,7.336306383183016,0.3266525293244871,0.0,1.448575666022411,3.0108559526148864,2.201752813533966,23.20113317686377,76.64336371180666,54.67632494578939,0.0,0.0559999999999999,1.0,0.0,6.295,1
3.7215,13.849562249999998,5.0,8019.762272000003,172.60657669999992,143.0358717647058,364.7557540821937,279.2682397057079,263.2507483573769,8.384392590909092,2.4581419143412595,2.226228534371223,2.0933331033690283,2.272017280162393,149.4053487402612,136.69723426867395,2.4317592938992125,2.4000747727272738,0.0170777376033048,2.8064250183591763,144.38728904958677,1.0596310559197617,0.1275647735617807,-0.2144324586803042,1.0283203936622345,3.305923836389219,34.972978156933266,6.621961917198885,3.048618885551908,2.9341779792332594,2.3792442771534503,2.579814247119848,6.669,23.31333955827416,11.392604871395289,5.081722170120906,1.4798113854595338,2.346436479941771,1.4798113854595338,2.455465972397189,1.7360140743540216,1.0328615170347974,1.6702977487291215,2.455465972397189,7.402909351882957,0.344757215643459,0.0,1.448575666022411,3.0108559526148864,2.201752813533966,23.20113317686377,76.64336371180666,48.59479900791939,0.0,0.2219999999999999,1.0,0.0,5.24,1
2.9772,8.86371984,4.0,6764.075836000003,190.18491245000004,165.75847476470585,349.6575240174634,273.00120080546134,261.41172433507546,8.140885272727274,2.304400543682521,2.169847235984899,2.086354860276352,2.009734894274929,150.1670862042316,137.00606660014785,2.450457940169875,2.0876934545454544,0.0081984793388422,3.255268736750219,131.3168346942149,1.1220800610305437,0.1479667607613736,-0.115028046420077,1.0487416431141523,2.6447390691114165,34.97200787216292,6.775415922307154,3.000603914741612,2.927755688120858,2.0941548893956967,2.648228276072889,6.0156,23.268702669453702,9.876030713725822,4.114013379929018,1.422712620027435,2.1041187587289145,1.422712620027435,2.479276406035665,1.76548465888413,1.0561563420521387,1.7114197530864204,2.479276406035665,7.242617165146009,0.3474858626578204,0.0,1.4353713907745331,3.024060227862764,2.228161364029721,21.876017371229626,66.38470055548582,44.40165451549324,0.0,0.152,1.0,0.0,6.199000000000002,1
3.7215,13.849562249999998,5.0,8019.762272000004,193.2907198,262.9355647647058,364.7557540821937,296.6312042801477,306.88865496201987,8.384392590909092,2.391586892714108,2.352581318871224,2.458728087780793,2.335614830346357,149.4053487402612,136.69723426867395,2.431759293899212,2.4000747727272724,0.0170777376033061,2.806425018359176,144.3872890495868,1.0596310559197613,0.1275647735617807,-0.3056890695764953,1.0026591126965116,3.3059238363893257,34.97297815693329,6.509917889394045,3.0261998979476625,2.942136678309056,1.931035594944436,2.2335337367223,6.669,23.41587579590593,11.26358271394978,4.979185932489136,1.553939314408891,2.321060036268737,1.553939314408891,2.5107853223593963,1.672566120069427,1.03113035943687,1.6702977487291215,2.5107853223593963,7.414862255569009,0.3759609193471627,0.0,1.448575666022411,3.0108559526148864,2.201752813533966,23.20113317686377,76.64336371180666,48.9357306955915,0.0,0.045,1.0,0.0,5.24,1
2.8231,7.969893609999999,4.0,7018.011709000002,153.3532192051282,201.8000872500001,366.0047314700984,275.33589761124216,297.5785093478909,8.524488761904763,2.3075527562666656,2.0241898115897423,2.2280718998052502,2.200628275206682,148.537708487957,137.0252649220696,2.938839535204419,2.5550318095238103,-0.0920354104308399,5.966199984032634,121.91584698412704,1.0818571153778942,0.2841047611444111,-0.2911184611409803,0.8160187549114212,2.894004648210135,34.97200808291608,6.699292192888866,3.113619790411527,3.2140820117942,2.0623466734248725,2.079108950605971,6.12569,20.401079127124103,6.233972593152488,3.802199336524733,1.0970301783264746,2.274563632037177,1.5391375171467765,2.372580169928053,1.577848779429467,0.9585748229332884,1.7774146695715327,6.012770919067216,6.820583231152543,0.569636488340192,0.0,1.5818626604619093,2.8104547623168514,1.7142857142857144,25.2754467882874,64.10867326711502,48.19647414964348,0.0,0.3,0.0,13.14,4.236000000000001,1
1.7841999999999998,3.183369639999999,3.0,5041.004668000002,182.3221225769232,178.6967933125,324.6434771254134,221.8062659962338,176.43140584231483,8.4971576875,2.1081758376566,1.7985667746364238,1.5201529309280624,0.9074592642830002,156.37989512527784,142.28978130373443,4.237104195244628,2.1995154375,-0.2717757500000005,21.54107367398264,140.38361535937503,1.1668330709222452,1.3463171046239149,-0.3729104338187197,1.027636124111584,2.2328198809322704,34.97105759637455,4.762590524567795,2.896863987776407,2.7952885327362407,1.226256327075868,1.4881659559483094,2.7996,10.142880658436216,5.65329218106996,2.79056755829904,1.198473936899863,2.169862825788752,1.198473936899863,2.3197256515775035,1.5355572702331963,0.9553086419753086,2.018518518518519,9.029838820301784,3.445630464677641,1.2595833333333335,1.0,1.7489992230622806,2.2510007769377194,0.9693609377704338,26.623195685711,42.49454764692004,29.75,0.0,0.481,0.0,20.23,2.064,1
3.7215,13.849562249999998,5.0,8019.762272000003,304.679592,301.9097267647059,364.7557540821937,340.05297294066884,326.33106535124847,8.384392590909092,2.407811333689086,2.7011185519924497,2.6447804044117635,1.9915540364285715,149.4053487402612,136.69723426867395,2.4317592938992125,2.4000747727272724,0.0170777376033062,2.806425018359176,144.3872890495868,1.0596310559197617,0.1275647735617807,-0.2714637560809352,1.0719445713039644,3.3059238363892725,34.97297815693327,6.633564022222581,2.9750939516214823,2.945432321703095,1.7490924834485255,3.070819609423712,6.669,23.42531079212664,11.53492359186473,4.969750936268426,1.6146581317712272,2.248542732021936,1.6146581317712272,2.479965706447188,1.6726234567901237,1.0165210434882683,1.6702977487291215,2.479965706447188,7.387924028685663,0.3643868452730888,0.0,1.448575666022411,3.0108559526148864,2.201752813533966,23.20113317686377,76.64336371180666,62.39646138482177,0.0,-0.068,1.0,0.0,5.24,1
3.7215,13.849562249999998,5.0,8019.762272000003,243.12915485,145.07807976470576,364.7557540821937,304.5382799701004,268.78471127654194,8.384392590909092,2.391586892714108,2.429119593742448,2.152685799554381,2.263543699264144,149.4053487402612,136.69723426867395,2.4317592938992125,2.4000747727272738,0.0170777376033047,2.806425018359176,144.38728904958677,1.0596310559197617,0.1275647735617807,-0.2715599729193843,0.9795639598273608,3.305923836389283,34.972978156933266,6.595339507547838,3.035197146747126,2.936150983822201,1.8756180647183949,2.661295457918948,6.669,23.38983946379192,11.271885826575716,5.005222264603143,1.5032373113854598,2.361933736457546,1.5032373113854598,2.4709632289129644,1.6457047325102885,1.0160066401960877,1.6702977487291215,2.4709632289129644,7.414248538075953,0.3609609193471628,0.0,1.448575666022411,3.0108559526148864,2.201752813533966,23.20113317686377,76.64336371180666,46.753002618324935,0.0,0.0899999999999999,1.0,0.0,5.24,1
2.669,7.1235610000000005,4.0,7273.979710000002,212.82495957894747,193.2396743571429,358.3354552589407,289.30503625985546,306.330933715818,8.743908181818183,2.1387400332521063,2.012655592074972,2.1987457071731784,2.361032338535375,150.21559836589074,138.81139141448332,3.3620741017860367,3.0994898181818185,-0.2697510743801651,9.306522010225718,116.46285986776856,1.127067212964974,0.4230237277375326,-0.28074415672845,0.9111574259853356,3.1432702273087685,34.97200829369157,6.187110648602953,2.9568583157842863,3.117273781513461,1.8974821515594955,2.261996433886949,7.199779999999999,18.072257944673066,9.583268014224435,3.519743084133516,0.8750349934212369,2.043200620783293,0.8750349934212369,2.197707056073458,1.574388575503361,0.9210592003147852,1.8731138545953363,6.077446844993141,5.535422718878017,0.7916316732454298,0.0,1.6858157091530304,2.773615909484267,1.9090909090909087,26.84176793278429,69.42429200597621,48.39857303587294,0.0,0.187,0.0,18.46,4.16,1
1.2488,1.5595014399999998,2.0,4039.254105,247.59516168181813,48.31473923076923,328.01950745684013,248.5407734568512,136.79752553784724,8.700809999999999,1.9730178313221485,1.7418154797658645,1.0748322949230769,0.6144612183395999,155.6301685310531,142.05585849819005,7.715521007976425,2.3356764,-0.3007296000000007,45.93003099121069,107.13394456,1.2292785194005142,3.062002066080713,-0.5192498416629677,0.3814461792995505,1.8209006927530813,34.97015554284352,4.531338346111603,3.057606323817452,3.4856406713742896,0.8293244472172683,1.203951039652996,2.65999,7.58920438957476,2.6122256515775044,1.275054869684499,-0.7648765432098765,1.900912208504801,0.5690157750342939,1.9400308641975308,1.0216049382716053,0.6375274348422495,2.578002244668912,10.69493827160494,2.738549296982167,2.431543209876544,2.0,1.7967916319816366,2.110098963626882,0.9006516669551288,26.422695776182486,35.134348803102306,34.15717467081541,0.0,0.4019999999999999,0.0,37.3,2.225,0
3.5846,12.84935716,4.0,5171.074121000001,0.0,0.0,461.99590785931485,0.0,0.0,11.168603200000002,0.0,0.0,0.0,0.0,159.88641347152003,146.019404089,1.7611816034141137,0.4251528,-0.3401222399999999,0.0073235787227556,87.90187536000002,0.4663961166239994,0.0014647157445511,-0.9999999999999998,0.0,2.6447390691114245,34.97200595803997,6.917584921691946,1.3053892215568863,1.0765432098765433,0.0,0.0,2.5529,0.0,0.0,5.478395061728395,0.0,0.0,0.0,0.0,0.0,1.369598765432099,1.326543209876543,1.369598765432099,1.9646759259259257,0.095679012345679,0.0,0.7219280948873623,1.6,1.6,14.578592326665056,20.299202075737345,-0.0,0.0,0.0239999999999999,0.0,0.0,2.8640000000000003,0
0.0,0.0,0.0,2608.9469459999987,54.927096333333424,49.08834292187504,311.2331616115804,208.3686146146128,189.41377397962447,7.211695200000004,1.7698430121380946,1.59767049498322,1.4750388387974511,1.448857622169799,150.04367446369963,136.36824395287272,2.555555555555556,0.1707551999999997,0.0113836800000007,6.133333333333333,29.05584216,1.3120590452277583,0.2044444444444444,-0.0953299875907542,0.8950617283950614,-1.4210854715202004e-14,12.150236622295472,7.078400288296352,3.399428011189438,3.4311890911544776,1.1374909222302116,1.6531069729660754,5.146200000000002,34.0,0.0,0.0,1.3058158541194258,2.092474017384732,0.0,2.298611111111111,0.0,0.0,1.8888888888888888,2.298611111111111,10.442657771164022,0.360850812547241,0.0,0.9709505944546688,3.93594000115385,3.3849625007211563,5.839061167809306,61.134666271404384,30.198282261839285,0.0,0.317,1.0,0.0,9.69,0
0.926,0.8574760000000001,1.0,2529.631795999999,46.44851717857141,46.2178916,281.2360656893139,134.36188848933023,94.67423822908351,7.827512562499998,1.6281345609258282,1.1764714583962146,0.8171329561496667,0.5887551670134286,158.47467315119647,143.17767425672193,4.321511583600062,1.5023869375000003,-0.1715552499999996,22.4075502972108,78.68938285937502,1.2906549210083076,1.4004718935756746,-0.5632992425281882,0.5173561539884068,0.9104503463765532,34.96937978529584,4.873621512027671,2.77641772451636,2.949365275158701,0.7521121367568288,0.5880239826149944,2.44421,8.47565157750343,2.957733196159123,0.892253086419753,0.3716358024691362,1.7376543209876545,0.3716358024691362,1.9801097393689984,1.3791358024691358,0.892253086419753,2.2606310013717423,8.955675582990398,3.388872599451303,1.2950308641975306,0.0,1.543564443199596,2.456435556800404,0.8915414066556502,19.528193668378425,23.367668746754795,19.10845859334435,0.0,0.372,0.0,20.23,2.0410000000000004,0
0.8289000000000001,0.6870752100000002,0.0,4712.67455743265,74.40068244481819,83.16169227080007,249.46957992438664,167.42968317628535,158.5418651081762,8.016410625000004,2.1618068597807945,1.5920469699476811,1.3974986308312582,1.0039277075957256,164.38365860478288,148.50817102995657,4.623976353325204,3.005456624999999,-0.7307235156249994,44.56571938665345,105.1201293400188,1.7385111028623883,1.8569049744438937,-0.6131153841319044,0.8799415198519266,2.753234495900866,32.01448036384427,4.825522028975273,2.790747801990046,3.1215484173641763,4.254714089995447,3.889652959241628,0.8873900000000001,0.1771116255144038,0.0,0.0,0.1771116255144038,0.0,0.0,0.1771116255144038,0.0,0.0,2.32690329218107,10.978428340471991,2.270929847131239,2.9182261659807955,4.0,2.0272925846689,2.557669916052257,1.7522394918754285,30.30352717872773,29.513712472122727,28.5616546917368,0.0,2.5240000000000005,0.0,114.76000000000002,0.8989999999999999,0
-0.7499,0.5623500100000001,0.0,1068.8932229999991,15.678424650000006,4.936623999999999,257.8376588058481,88.81211168577063,55.88243046969364,7.319569999999998,1.2350286623758404,0.8441373314395999,0.6253598165660001,0.4446129048489999,161.88784025141027,148.95139015336434,3.2698412698412698,0.338366,-0.0976639999999993,9.07936507936508,32.09946163775509,1.5308423964612283,0.6485260770975056,-0.650014661716028,0.6136363636363636,0.1425001784821837,14.003077083532474,5.407182821153777,2.665925019264032,2.7089639572857003,0.1111111111111111,0.0962250448649376,2.37709,10.308888888888887,0.8217592592592595,0.0,0.8217592592592595,1.8611111111111112,0.8217592592592595,1.9408333333333327,0.8217592592592595,0.0,2.238095238095238,5.357777777777778,3.001003611111112,0.8449074074074072,1.0,1.2958363892911635,2.51151853276644,1.80137721063383,10.598693019861509,22.905337744983683,19.598352632503456,0.0,0.401,0.0,26.02,1.977,0
-1.1054000000000008,1.2219091600000018,0.0,3407.399339999999,38.71849241258754,36.79817904166678,245.09411468441647,129.1441335531071,131.87827652717075,7.70327702325581,1.1871570394716888,1.0073478663328752,1.0241237939859893,0.962875265334591,165.3038731145983,146.38645946689437,5.78423772609819,4.037296744186047,-0.231238435911303,115.57235142118864,36.43008313466741,1.3001178359881769,2.6877291028183405,-0.5385525901889789,0.5256362690627547,1.1395624948769267,15.997931752004993,4.519085937499999,3.2223884625221366,5.137421961637224,1.841727991936456,2.7742373668550275,1.2753900000000011,-0.4374989764424286,0.0,0.0,-0.282262219702696,0.0,0.0,0.1270254629629632,0.0,0.0,2.6333333333333337,12.176434240362813,2.639417119367807,2.0727777777777785,5.0,1.4577697797383986,3.9684949749636993,2.5988009507600216,13.711804962275425,37.871821065823326,24.467475593741504,0.0,1.38,0.0,83.47,0.758,0
2.0293,4.11805849,3.0,4061.683934,0.0,0.0,307.6734963484043,0.0,0.0,8.932912375,1.45360874,0.0,0.0,0.0,164.10249396293088,146.31717307081428,1.7493820016003658,1.293517875,-0.0464941406250004,0.7671646376314586,229.67154150000007,0.8417602480127334,0.0958955797039323,-0.9357271514857776,0.5596014720513572,1.9835543018335668,34.97105678828464,6.568070911460143,1.3053892215568874,0.8281101614434949,0.0,0.0,2.3765,0.0,0.0,3.8906893004115215,0.0,0.0,0.0,0.0,0.0,1.2968964334705075,1.4574074074074073,2.405606995884773,2.4763953189300407,0.2592592592592592,0.0,1.561278124459133,1.438721875540867,1.188721875540867,25.09063052323102,33.15450936039659,-0.0,0.0,0.0729999999999999,0.0,0.0,2.4690000000000003,0
2.2286,4.966657959999998,3.0,19299.227833,0.0,0.0,438.0394669928842,0.0,0.0,9.0689726,0.0,0.0,0.0,0.0,146.08192388684984,138.050836033225,1.2358539094650207,0.3748579999999997,-0.0640090000000001,0.0680041152263374,1304.9272321599997,0.6376340540318394,0.0136008230452674,-0.6725142288659606,0.0617750882501262,2.549046355626753,78.92040209195825,8.253824498427571,1.8263473053892203,0.7986111111111105,0.0,0.0,2.4547000000000003,0.0,0.0,0.0,0.0,0.0,0.0,0.0,0.0,0.0,1.1319444444444444,1.534722222222222,2.9120138888888896,0.0671296296296296,0.0,1.3709505944546687,0.9509775004326936,0.9509775004326936,40.93670639394226,49.67953176531331,-0.0,0.0,0.0069999999999999,0.0,0.0,3.088,0
1.7428,3.0373518399999995,3.0,4059.651806,0.0,0.0,384.8482483395586,0.0,0.0,9.671061833333336,3.1030043700000003,0.0,0.0,0.0,157.16410794249148,143.59502321398,2.2017222984301177,0.9291908333333336,-0.1148080277777776,0.5845907636031094,197.1446232222223,0.822707079811249,0.0974317939338515,-0.3935603049613007,1.0856906965628126,1.9835543018335675,34.97105678828465,5.763127683701975,1.3053892215568863,0.734006734006734,0.420848788312271,0.0,2.42789,4.171810699588478,0.0,3.531893004115226,1.7794924554183815,0.0,0.0,2.392318244170096,0.0,1.1927297668038408,1.5407407407407407,2.392318244170096,1.5032318244170098,0.1992455418381344,0.0,1.4591479170272448,1.1258145836939113,0.7924812503605783,24.25847466205264,31.10075208489584,-0.0,0.0,0.0819999999999999,0.0,0.0,2.6420000000000003,0
2.3992,5.75616064,4.0,5317.3703700000015,0.0,0.0,357.2819665610895,0.0,0.0,9.6025575,2.807627540538778,0.0,0.0,0.0,162.00771593701225,145.3024382674,1.5998704465782656,1.322988,-0.1062760000000008,0.1752019509221155,224.52138618750004,0.7557946392616867,0.0219002438652644,-0.2643234608376228,1.1666666666666667,2.644739069111421,34.97200613197513,6.567985973514231,1.3053892215568867,1.0092592592592595,1.94381728976174,0.0,2.5938,0.0,0.0,5.400548696844993,0.0,0.0,0.0,0.0,0.0,1.3501371742112482,1.3415637860082306,1.3501371742112482,2.7837229080932784,0.0089163237311385,0.0,1.5,1.5,1.5,23.988338856,41.0,-0.0,0.0,0.1169999999999999,0.0,0.0,2.576,0
2.0212000000000003,4.085249440000001,0.0,3131.043587999998,41.84744135714298,41.14157873333348,255.1013854129151,148.18202002545877,150.67145318387813,7.386641142857142,1.3382138757813593,1.131039121089944,1.1752160331787784,1.1878738364651509,160.0330791847257,142.8635442310768,2.6471560846560847,2.111842285714285,0.8938351836734713,17.17989417989418,33.108170244897984,1.340724377546236,0.40904509952129,-0.1216563401882654,0.7661648694428954,0.4985311581973661,15.99592369598481,6.664813964843752,3.316412099667238,3.52622758267134,1.9759129281211767,1.9415632544706665,4.123000000000005,22.33584490740741,2.1738179222306213,0.0,1.0869089611153104,1.994388398106156,1.0869089611153104,2.040552721088436,1.0869089611153109,0.0,2.0416666666666665,5.73473261526833,9.683603298847316,1.7427476615646258,2.0,1.221694907636328,4.1706225151424325,2.9394788549143125,10.124531713578309,56.82332154069846,43.33740394584772,2.0,0.7049999999999998,1.0,18.46,7.716000000000003,0
-1.2914,1.6677139599999995,0.0,3443.7294380000008,95.58820155555551,61.47309820754721,300.19476851022245,209.27635495175528,156.70449091788436,8.119665375000002,1.7401605115959984,1.5502375210045354,1.1380850173791328,0.8344438690754573,158.63025652232673,143.900171606026,8.092338963191585,2.7658939583333315,0.1010929184027775,81.5895883344765,56.96307290972222,1.6113472634048165,3.399566180603188,-0.6318617250922988,0.3623799626118596,1.5156556182112055,31.97207174538654,6.737897218074991,3.2883458249018176,3.750000000000002,0.9621876963617544,1.411576060601631,2.182590000000001,11.466779572940286,0.0443621399176961,0.0,-0.0735185185185181,1.5007638888888888,-0.0735185185185181,1.8004858486604518,0.1178806584362142,0.0,2.8660493827160494,11.291392668178382,3.468101410724784,6.161759259259261,4.0,1.813983606387077,2.77097889433408,1.5424812503605785,21.631152832800005,38.36817083645835,24.0993739623598,0.0,1.456,0.0,88.77,2.9369999999999994,0
-0.2638,0.0695904399999999,0.0,2718.618698,75.17991227941177,61.57079467741944,320.0139903473421,239.50928574092416,209.53074918739475,7.454468857142859,1.821730917557983,1.704515144062424,1.5433431904418684,1.266293117255841,149.64756641339252,136.14373959174193,4.230158730158729,1.0473588571428567,0.0015284081632654,33.857142857142826,29.462873454081628,1.3059716166368869,1.2091836734693866,-0.220299491837259,0.5889798957557715,0.2492655790986475,15.994918912069643,5.64041594357952,3.37750200595889,3.735897514197356,1.249455363578268,2.0031762134336355,4.067990000000003,26.17221844293273,3.8431481481481486,0.0,0.1341666666666667,1.909166666666667,0.8089814814814816,2.094351851851852,1.1650925925925928,0.0,2.148148148148148,12.494448223733938,7.463654385865458,1.5325,1.0,1.1392781631244115,3.668076758933192,2.9267263179312204,8.525775693117685,56.683518247737446,23.52994913579108,0.0,0.591,1.0,17.07,6.721000000000001,0
0.2167,0.04695889,1.0,3795.448644,116.90106246153849,102.56457212195124,332.5723713305332,251.68710283718488,225.6916288223136,7.973980375000003,1.8692790278953624,1.7005800900489794,1.5646424850450973,1.5586254974588931,150.35860620215183,136.66436893651152,6.427304018696336,2.256710625,0.0074725312500009,58.20590738200476,55.91642793750001,1.2775271443480385,2.425246140916865,-0.1731133587579512,0.5988808296228595,1.1597159254752183,34.96938014651505,5.612173669296642,3.060205773615203,3.732251755327595,1.2544855385916147,1.851600436338938,3.0837900000000005,15.815414969485737,3.275371490159851,0.57693413888189,-0.030401234567901,1.7225201562106325,0.5279903978052127,1.9317764060356653,1.0203886369362565,0.57693413888189,2.412490922294844,12.348302469135804,4.598111757999496,1.6970679012345675,2.0,1.461860277254086,3.123102223467071,2.137623704533603,17.424662982514278,48.50365987949171,34.07105312878607,0.0,0.816,0.0,34.14,3.748,0
0.4439999999999997,0.1971359999999997,2.0,6407.266360000003,174.4686607499999,185.7521499318182,318.3688634346629,249.4939081384979,244.02639206335465,8.813063192307697,1.900577916235294,1.7439146181259042,1.6878810420840458,1.7270465482483233,160.39619448975552,145.65082107485375,9.207438256949574,3.9648266538461536,0.1063874363905303,100.86062198832263,92.92503382248525,1.6092768411927163,3.8792546918585633,-0.4738187691805382,0.4056548265684894,3.229790910347809,28.29989207783299,5.196673625388709,3.486701310508036,3.888888888888888,1.4613632390286997,1.872443094038566,4.08248,7.35961422377593,2.119540046471264,0.6453345721004448,0.0997798388902888,1.509255829903978,0.0997798388902888,1.670750171467764,0.7669984567901236,0.3632994597015758,2.790285899935023,11.75944081825117,2.634749343860229,6.0757893743059626,6.0,2.205410279553521,2.495029438587572,0.6734528847818053,33.24107734384773,38.22616018477505,31.666026359600465,0.0,1.6849999999999998,0.0,95.42,0.8470000000000001,0
0.8237000000000003,0.6784816900000006,0.0,4523.412381000009,62.04252367592593,61.228578606383,286.9871395854996,184.4036640773021,187.8513410233712,7.540814775510197,1.5628128305268487,1.3351365299910851,1.352701403123233,1.5927104852498772,158.60875762627506,144.1313143162741,3.612244897959183,2.098653061224489,0.2826952003331943,36.40816326530616,32.03008882465637,1.6075967975953434,0.743023740108289,-0.3094848691406379,0.6247771354476196,0.8192662930272547,15.994922712294382,5.483712068745726,3.784502796577768,3.8315776412882094,1.5210824135295669,1.7765118389983408,7.707630000000005,31.502993250272148,4.882225498698402,0.0,0.105327906164292,1.637496241574108,0.105327906164292,2.005740831487654,1.0771179783733205,0.0,2.172413793103448,10.21941505446778,10.709445823854969,1.5613387605023747,4.0,1.441696335644698,4.17301350847051,2.729004238285619,12.54898353813407,72.2855483143582,26.365688088318176,0.0,0.8789999999999999,1.0,69.67,9.697,0
-1.7517,3.06845289,0.0,3699.697439000001,79.5879739482759,83.41688160869572,299.0336818879358,184.59408263239573,172.88411063085573,8.328947400000002,1.6704718313745084,1.3276721769102056,1.2569908664520009,1.0869747894512003,159.70309769353366,145.4965133672654,9.159756515775031,3.4189640000000003,-0.21807056,96.01884773662546,56.40682551999998,1.5922932904005045,3.8407539094650174,-0.6275473049848731,0.4090216550336434,1.7649211973098602,31.972071808069263,5.78529480650512,3.210843696859775,3.842474419049253,0.99634194306117,1.1555329346850145,2.2587800000000016,8.17152893256068,0.0698060489627963,0.0,-0.2100925925925922,1.059749517090787,-0.2100925925925922,1.6045266439909296,0.4603384563702029,0.0,3.041087962962963,11.075051020408164,2.470884569580919,6.173691630973378,4.0,1.8539119513005475,2.7899442384741766,1.2487712379549452,22.186221275438687,36.169760622721206,24.93710315792044,0.0,1.686,0.0,109.0,0.0539999999999997,0
2.2329,4.985842409999999,3.0,4638.740418000001,226.1953398333333,35.7336,355.9415819321232,230.49139431337247,125.1611140567369,8.46878025,2.390133769033239,2.106156732904083,1.45360874,0.0,151.66644800528726,138.18266599547505,2.397157445511355,1.41750225,-4.163336342344337e-16,1.6546639231824416,157.94730150000004,1.0726063672291863,0.1378886602652034,-0.2010173707837986,1.219098061792362,1.983554301833573,34.971057308700075,6.615495816328807,2.8093019423349923,2.751148053300764,1.2088913877662186,1.2075001886809924,3.6468,11.811028806584364,5.046210562414267,3.226008230452675,1.661436899862826,2.2028703703703703,1.661436899862826,2.280973936899863,1.723336762688615,1.0861385459533608,1.6707818930041152,2.280973936899863,4.022307294238684,0.275744170096022,0.0,1.5,2.0849625007211565,1.5849625007211563,23.988338856,45.0,43.26466250649041,0.0,0.131,0.0,0.0,3.084,0
-0.2944999999999998,0.0867302499999999,0.0,2754.969074,64.84460285000006,24.920083973684207,277.2107307369209,165.72135144397208,98.54618619463248,7.944935250000002,1.5856852212447954,1.3172555064061258,0.8052994816747633,0.5450035919465003,162.06459012316708,145.20485488689502,7.433028978052126,2.04830095,0.2564659500000003,66.0093407064472,64.46286921000002,1.613858306016526,3.3004670353223604,-0.7351493275731343,0.4127255103148522,1.26639003911251,31.97207153212353,6.844184527216007,2.92507758865056,3.6749999999999967,0.7788032063673626,0.9738751911335202,0.93062,7.86025205761317,1.084362139917696,0.0,0.342592592592593,1.5565843621399176,0.342592592592593,1.7915740740740742,0.7417695473251031,0.0,2.8779461279461285,10.979629629629631,2.9967535133744856,5.309256687242799,3.0,1.8128876215181604,2.509040473369202,1.237744375108174,22.132124392668167,29.073855014060367,23.514913872465865,0.0,0.3440000000000001,0.0,68.54,1.203,0
1.4044,1.9723393600000003,1.0,2834.483533,133.97164295000002,55.52274066666666,302.99785934663095,188.1894306584213,130.7471733379779,8.649831785714284,1.5802613693818806,1.2559390550849,0.8277162098721111,0.534767986,160.7670576334926,148.4847327657572,9.240457682844513,2.0723563571428567,0.6614399999999994,53.08656128203455,75.8154165969388,1.47849482566806,3.791897234431039,-0.0030010484297257,0.3781956749359936,1.3022161039574378,34.96937984273835,3.838081523220142,2.75604224560556,3.705882352941176,0.5799550583121761,0.5419597519339477,2.6690900000000006,7.95491083676269,1.1205418381344314,0.5558607681755828,0.255572702331962,1.5362654320987654,0.255572702331962,1.820987654320988,0.8649691358024693,0.5558607681755828,2.867901234567902,10.253487654320988,2.43823395404664,2.338734567901234,0.0,1.985228136034252,1.822126786023352,1.1428571428571423,26.53989679466392,28.6004433726748,24.854636563856488,0.0,-0.045,0.0,43.14,2.779,0
-0.0897999999999998,0.0080640399999999,0.0,1776.009209999999,63.25776342857141,30.046132736842107,267.18230337042627,144.28238770690555,95.81012388696384,8.291286499999998,1.325702587398173,0.962604852549857,0.677574822749737,0.4896904454244999,166.4784216194059,155.73171510463754,9.09722222222222,1.9928230000000005,0.4753280000000002,58.44444444444445,36.474044859375,1.5859239324114838,3.652777777777778,-0.4357658926154013,0.3992395437262357,0.7835315151617639,15.995919698384483,3.7298313342337615,2.749625964399637,3.7058823529411753,0.3735939719271202,0.3496618325582139,1.5978900000000007,6.263518518518518,0.1620370370370376,0.0,-0.0393518518518514,1.3703703703703702,-0.0393518518518514,1.6550925925925926,0.201388888888889,0.0,3.1333333333333337,10.147314814814816,1.8567503703703705,2.5046296296296293,1.0,1.811278124459133,2.188721875540867,1.25,18.15170580912676,26.75,23.0,0.0,0.126,0.0,69.16,2.511,0
0.7566000000000002,0.5724435600000003,0.0,3127.0660809999995,67.75911131081084,63.92746188732411,256.6161180793524,170.73534303246697,151.23362633061737,8.38581310344828,1.3491174684896703,1.1583218217207962,1.0277302394990555,0.8918181276273509,166.78248068356856,152.06345673562245,9.763409961685822,4.364397793103445,1.1532488275862058,126.02681992337162,39.21720585493461,1.4004275186092692,4.3457524111507455,-0.2738883834612905,0.3633643284936875,1.5313282524577971,16.017071355327605,3.860394305883306,3.0015053051805376,4.2170647271531925,1.1785863722151104,1.418542345661134,3.3725800000000024,0.6668518518518523,-1.2753240740740734,0.0,-0.6300925925925924,0.7650925925925924,-0.6300925925925924,1.1770833333333333,0.2300000000000002,0.0,3.2647058823529416,10.682688492063493,2.0845927598261524,2.825185185185185,0.0,1.7597578423012163,3.0982231528263564,1.4665284487234764,17.606518678400818,32.59264536238442,23.5132340084969,0.0,-0.1330000000000001,0.0,106.51000000000002,4.223,0
-0.0962999999999997,0.0092736899999999,0.0,1361.4857209999986,28.53413382499996,10.93501886842106,245.7853746131304,130.312649370399,74.68443191156831,7.2214434,1.3742426962549497,1.1250064750985762,0.7481074400560783,0.5349863607075003,162.98445418983698,147.56991825893502,2.740277777777778,0.3839541999999998,-0.0821631999999978,10.304166666666664,31.360987327499988,1.4411511058541264,0.5152083333333332,-0.5358603616460101,0.9467909993587308,0.1425001784821944,14.003078065724017,5.24377697519292,2.910843247535712,2.989558743903621,0.5475675071952352,0.5501432820528652,0.83382,10.665555555555557,2.5115740740740744,0.0,1.2337962962962965,2.00912037037037,1.2337962962962965,2.07162037037037,1.277777777777778,0.0,2.092592592592593,5.450648148148148,4.14643074074074,0.8544907407407408,1.0,1.219240704636849,3.1026873902505137,1.5804820237218409,9.849353848555811,24.25932835435453,18.81016545409759,0.0,0.603,0.0,26.02,2.665,0
-2.2932,5.258766240000001,0.0,5495.445042000006,103.5725430138889,102.66951285714286,310.7653325690777,206.04868924540136,193.5758986660161,8.862851103448278,1.7681582033870962,1.4277904498763048,1.3807373514189831,1.1442126234015089,160.5607278257221,145.16257665588833,12.47850740267726,5.098382827586207,-0.3513376837098697,153.9720625798212,68.26889300118906,1.6534413913881565,5.309381468269697,-0.644594961326229,0.411130552578518,3.1380766370388784,31.97352719361541,6.012855269574431,3.651996645192311,4.2207929632743735,1.4344686445500143,1.6871978758884263,2.58628,2.4751704879482688,-1.473229507852521,0.0,-0.4932495065927595,0.8568517468715882,-0.4932495065927595,1.0155658436213992,0.0,0.0,3.432407407407408,11.222816318657092,0.8880726879146724,6.461741399491896,7.0,1.9821158083600663,2.8758651867675065,1.3363754311090852,25.653683049886617,48.87997515267587,32.20317141265673,0.0,2.58,0.0,171.74999999999997,-1.7270000000000003,0
-1.7517,3.06845289,0.0,3699.697439000001,79.58797394827589,87.65314267391311,299.0336818879358,184.59408263239573,174.8745861057806,8.328947400000002,1.6704718313745082,1.3276721769102056,1.2582641842530662,1.0710649618442,159.70309769353366,145.4965133672654,9.159756515775031,3.4189640000000003,-0.21807056,96.01884773662546,56.40682551999998,1.5922932904005045,3.8407539094650174,-0.6263884422160227,0.4090216550336433,1.7649211973098744,31.972071808069263,5.819242080610873,3.2046415655165346,3.8353242625013446,0.9972055239846572,1.1432093467041706,2.2587800000000016,8.173077024019486,0.0742252456538181,0.0,-0.2014583333333328,1.0490843621399175,-0.2014583333333328,1.5953762492651382,0.4726544784580502,0.0,3.041087962962963,11.0636186696901,2.470909948454691,6.1585656152893264,4.0,1.8539119513005475,2.7899442384741766,1.2487712379549452,22.186221275438687,36.169760622721206,24.93710315792044,0.0,1.663,0.0,109.0,0.0539999999999996,0
0.1717999999999994,0.0295152399999998,0.0,3121.1714359999987,43.39572658823545,35.81033465957452,254.94538392119856,160.2290410531871,142.803477423161,7.407826,1.5581640299926325,1.250354234614488,1.159377265103955,1.1463000279968314,161.544712635937,145.67963964178054,3.472222222222221,1.6594875999999994,0.0581824100000008,38.61111111111111,33.01860490000002,1.4714757899094366,0.9652777777777776,-0.1673266595663926,0.6018142008132628,0.5342659360629369,15.994919934565033,5.531893066876663,3.2369257158597966,3.764142238163847,1.4483487046640116,1.3370451531820633,3.017990000000003,18.992145871204315,3.606868093426536,0.0,0.0561224489795924,1.872543461829176,0.7159287603930463,1.9597453703703704,1.0875052863202217,0.0,2.166666666666667,12.381396447467877,8.72339322930917,1.6105442176870743,3.0,1.3737923399122869,3.948135754975076,2.625488750216347,11.95379389360572,50.30563644296304,42.90283911159381,0.0,1.163,0.0,23.550000000000004,3.609,0
0.0,0.0,0.0,1450.7697219999989,34.80696468749996,20.08826409090909,293.50415001088294,156.9480063903728,112.38832524510578,7.175159555555554,1.5369832533972114,1.3022488634091889,1.0226015890359996,0.7121854669094002,152.62693206077736,137.87991045753685,2.5308641975308643,0.1054044444444443,0.0046846419753097,4.049382716049382,29.89284172839505,1.349854984802221,0.2249657064471878,-0.0607813919139772,1.026219512195122,-1.2434497875801752e-14,12.150111800703518,6.86622571388733,2.90614758799841,2.920789463055149,0.3849001794597506,0.5000000000000001,2.839800000000001,19.33333333333333,0.0,0.0,1.3101851851851851,2.0578703703703702,0.0,2.1203703703703702,0.0,0.0,1.9333333333333336,2.1203703703703702,5.87237962962963,0.3564814814814814,0.0,0.991076059838222,3.17884894160409,2.7777777777777777,6.177348133484644,33.34470003782063,31.23007779764964,0.0,0.197,1.0,0.0,5.9380000000000015,0
0.0,0.0,0.0,1501.685585999999,40.943679185185154,23.82213877777777,292.04606625565043,164.07929709227986,124.26582579217347,7.358560470588233,1.5001256992425007,1.3092588466442974,1.092765551346944,0.741915751582778,155.6948724582202,141.1290939589056,2.9150326797385624,0.3433689411764703,0.0179757093425616,5.607843137254901,30.608417709342547,1.546725174684531,0.3298731257208765,-0.3586219239400214,1.0133200133200135,0.1425001784821802,14.003078591988412,6.565449149163318,2.8138213721866507,2.940433915104,0.3306765654223889,0.4248655564138279,2.639990000000001,16.15212962962963,0.0,0.0,1.0601851851851851,1.8078703703703705,0.0,2.0578703703703702,0.0,0.0,2.033333333333333,4.181203703703703,4.9085608333333335,0.6064814814814814,1.0,1.2532975784630431,2.834165262787297,2.0683093799253047,9.727176762936049,28.79129015447095,17.82335454706042,0.0,0.507,0.0,12.89,3.0280000000000005,0
-0.4237999999999997,0.1796064399999997,0.0,4614.460300000011,58.01506349206355,52.406026419354895,265.7915543305678,177.9224232143983,176.1121191614359,7.710473538461532,1.4573893240517997,1.313635889095827,1.30731720215063,1.2994767738727138,161.3804759883072,145.18238503710194,5.86111111111111,4.255135999999994,-0.1664000000000006,125.07692307692302,35.212388485207086,1.4408558387305197,2.4053254437869813,-0.498127636810236,0.533849255159219,1.2820626733590077,15.997940861195127,4.2068065261840735,3.4651426698798105,4.581883282980052,1.499198421397215,1.8089638315064145,4.8367300000000055,15.2896554567735,5.023167083976691,0.0,-0.3288427893080183,1.8061342668508071,0.6665168795208893,1.9505541031839733,0.9646105494667004,0.0,2.595238095238095,11.779581917949852,7.20799848748679,1.995509455974685,6.0,1.5053128791540098,4.195126838987083,2.442683654012576,13.90386843786597,55.319013728661176,39.07855712101884,0.0,1.7950000000000002,0.0,92.34,4.848,0
-0.4603,0.21187609,0.0,1997.2980929999983,44.40115270454541,42.550410297297255,288.4621834490518,172.4894980179413,163.9719258121376,7.4357629565217405,1.5038657675227909,1.3515067804725465,1.3010936926618932,1.175667168579035,154.61565561413002,140.20654848738545,3.9275362318840585,1.0442577391304344,-0.1141266843100179,24.20289855072464,32.07196903213611,1.3662404304506028,1.0522999369880277,-0.5347831602964647,0.5923396450342561,0.2492655790986582,15.994917651613724,4.791444864862137,2.913269184662204,3.430859176788194,0.4709664760421376,0.5604353149181046,3.478190000000002,19.89642605190224,2.5977602985638706,0.0,0.3052602985638704,1.6967592592592593,0.3052602985638704,2.047996976568405,1.1689814814814816,0.0,2.230769230769231,9.103573948097758,5.691853119960948,1.3614063681027964,0.0,1.2088301752949475,3.3147317807620653,2.5677673924331144,9.548811986070929,39.997003024032985,28.871402547660903,0.0,0.5149999999999999,1.0,20.23,5.274000000000001,0
0.2397,0.05745609,0.0,2115.453315999999,68.6232617241379,72.04665566666664,286.16565680124233,173.62115126623038,138.55878045428204,8.452016,1.4379965753030637,1.1600084739206211,0.8872405575691669,0.9078053578355716,165.69244192860265,154.72451610877226,8.622549019607842,2.033614117647057,0.4494234048442902,54.803921568627466,32.35069853287198,1.7730497248959851,3.223760092272204,-0.4414268265719721,0.3805775619729107,0.9260316936439316,15.995921192232132,3.710018614940191,2.7715265362186536,3.769230769230769,0.4714396521805034,0.5578573176922907,1.81528,7.51452947845805,0.0644444444444447,0.0,0.0644444444444447,1.4363425925925923,0.0644444444444447,1.6393518518518515,0.0644444444444447,0.0,2.875,10.334062736205594,2.290203202947846,2.4363888888888887,2.0,1.851226815897192,2.236236025353148,0.8679345589507923,18.842430424132434,26.29451024124156,20.19687521558992,0.0,0.4120000000000001,0.0,71.82,1.5799999999999996,0
0.5341000000000002,0.2852628100000002,0.0,1361.4857209999986,22.48405954545454,10.14195991666668,245.7853746131303,116.60379972223056,69.35473108219917,7.2214434,1.4762654309418657,1.0467103393940695,0.7117576475508048,0.6020729759743574,162.98445418983698,147.56991825893505,2.7666666666666666,0.3839541999999998,-0.0821631999999979,10.333333333333332,31.360987327499988,1.4411511058541264,0.5166666666666666,-0.6594451923521583,0.4457478005865103,0.1425001784821802,14.00307806572402,5.642962366760454,2.886693195209145,2.948831445509174,0.7145119962315405,0.5877848343845664,2.43313,9.33314814814815,3.400277777777778,0.0,0.8454629629629633,1.9189814814814807,0.8454629629629633,2.0324074074074074,1.2955555555555556,0.0,2.111111111111111,5.5275,4.242183796296296,0.8212037037037034,1.0,1.219240704636849,3.1026873902505137,1.5509775004326944,9.849353848555811,23.19424599950665,17.054402985832827,0.0,0.393,0.0,26.02,2.623,0
0.5341000000000002,0.2852628100000002,0.0,1361.4857209999986,22.369170454545444,10.306072030303044,245.7853746131303,112.8091588961107,75.09864135799269,7.2214434,1.4608106204013251,1.0055933522315466,0.7533716541600599,0.7312977927708574,162.98445418983698,147.56991825893505,2.7666666666666666,0.3839541999999998,-0.0821631999999979,10.333333333333332,31.360987327499988,1.4411511058541264,0.5166666666666666,-0.6664654383322606,0.482893450635386,0.1425001784821855,14.003078065724017,5.878733699362378,2.750787686648898,3.055449477527191,0.6026709006307398,0.524786245705924,2.48784,9.333148148148148,3.258055555555556,0.0,0.8842592592592595,1.9814814814814807,0.8842592592592595,2.061203703703704,1.220462962962963,0.0,2.111111111111111,5.620648148148148,4.216023796296296,0.7824074074074072,1.0,1.219240704636849,3.1026873902505137,1.5509775004326944,9.849353848555811,23.19424599950665,17.05440298583283,0.0,0.393,0.0,26.02,2.412,0
1.7725999999999995,3.142110759999999,3.0,4894.708419000001,218.8691685625,312.28997766666663,349.33119227048064,224.7256713758979,189.37840648071605,8.844390692307691,2.215939133304348,1.8756183181780623,1.6595231432830004,1.45360874,154.26528168199596,141.81515764184235,4.887974394147235,1.9566512307692312,-0.3237369230769226,20.32323871830045,145.85237115976332,1.1188137224174544,1.563326055253881,-0.4174280034778233,0.6065851185829615,2.232819880932261,34.971057466228345,5.449933021783358,2.758699988434509,2.7807596560405905,1.116049897537129,0.9771649036701852,3.72299,8.750473251028808,4.622644032921811,2.643449931412894,0.5315294924554186,1.9507887517146776,0.5315294924554186,2.1770404663923184,1.508936899862826,0.9539814814814814,2.070370370370371,9.309780521262002,2.9702888717421123,1.1351371742112482,0.0,1.77585894824464,1.924580769896452,1.0392134618713031,28.294315628995832,43.77097629892259,29.465259153501545,0.0,0.1699999999999999,0.0,20.23,2.121,0
-0.1415999999999999,0.0200505599999999,0.0,2178.273459999999,67.41444968421055,48.9378139705882,255.49245454097507,162.79600316308102,116.64189613622864,8.349487200000002,1.4116385149073238,1.10273075848808,0.8331737929217351,0.8456025305341877,167.28678459257463,155.23195969650004,8.129166666666666,2.7794007999999986,0.3532040000000001,63.57083333333331,38.22593524,1.4799647585345084,3.178541666666665,-0.3439441457336127,0.457558349736874,1.0327970942604416,15.996922989246393,3.798533238143106,2.8298973182077263,3.769230769230771,0.5070452258181092,0.4998101975739679,1.6064900000000004,4.736388888888889,0.4361574074074084,0.0,-0.1302314814814811,1.2870370370370368,-0.1302314814814811,1.5717592592592593,0.4267592592592597,0.0,3.0416666666666665,10.359911186696902,1.9949647760770968,2.543796296296296,1.0,1.8016094970590275,2.520318597828335,0.9132331253245204,18.112466358721186,25.30859570905905,19.83202173013482,0.0,0.252,0.0,78.39,2.067,0
1.0981,1.2058236100000002,3.0,2097.747139449309,71.54663585686666,67.8009184216,290.6521241208962,143.29458696554468,120.29046088526884,8.958395466666666,1.2839490125702229,0.8404884998081666,0.5851468604748334,0.371403701,181.52070881808305,149.44873971430005,14.756018518518518,4.239323733333332,-1.9984014443252818e-15,104.20648148148145,44.96635243353477,5.369920321321999,6.947098765432096,-0.6619468821295025,0.3654547595141414,1.1033669187524175,19.00040624107081,3.4265937499999968,2.665925019264032,4.335483870967741,0.3144340779435928,0.2794578420396146,2.3643,5.760138888888887,-0.6018518518518527,0.0,-0.6018518518518527,1.0416666666666663,-0.6018518518518527,1.5508333333333333,0.0,0.0,3.6916666666666673,11.78787037037037,5.595944166666667,5.457083333333333,0.0,1.5058231002082847,2.401067495400234,1.864944563402473,15.512439971791128,34.15515336395873,32.76709373953509,1.0,0.013,0.0,0.0,4.543000000000001,0
0.1186000000000001,0.01406596,0.0,3374.5447,94.33562420588235,127.87739400000004,302.3774992972243,178.14917970556846,176.21326079447064,9.141082277777778,1.542208957991118,1.1556869539572647,1.0407654211157724,0.630335246060643,162.84337198243583,147.65874191512503,14.592254420057916,3.396344944444444,0.6488626111111088,108.6159931793934,60.07582832098766,1.6403199835450144,6.034221843299632,-0.5789108783598482,0.4098166661618503,2.014186776408597,31.97282891045757,3.844315352260593,2.866262998950383,3.7058823529411815,0.6017713613004422,0.5905945950225534,2.3431900000000003,3.687752057613169,-0.6788657407407399,0.0,-0.3424768518518515,0.8528806584362139,-0.3424768518518515,1.2188194444444442,0.0,0.0,3.665954415954416,10.688796296296296,1.169845573559671,6.15863683127572,3.0,2.018310781820059,2.151614219622253,0.9999999999999996,25.718625446201926,33.03692779412399,26.02172223183764,0.0,0.8639999999999999,0.0,105.89,0.9019999999999996,0
1.3163999999999996,1.732908959999999,0.0,2113.066228999998,30.73903468354429,23.500519413793057,253.2494284013509,123.15925683410651,108.52716442697876,7.544726074074077,1.4596471032616314,1.0197710471470998,0.94322392949445,0.8878023199137136,161.27731914572175,143.60007299199447,5.070216049382715,1.9766705185185192,-0.1283979259259255,54.20833333333333,34.68655531138547,1.3226515631834246,2.007716049382716,-0.6752990749345184,0.2978505943031559,0.4985311581973803,15.995920167640785,4.140580212945195,2.8867478238002526,3.641328432746458,1.432468611680772,1.3418767589397402,2.650690000000001,7.6292677626606205,1.4912037037037045,0.0,-0.8745748299319727,1.6417824074074074,0.340740740740741,1.8645370370370369,1.1504629629629632,0.0,2.5576923076923075,10.561907123960696,5.25959674792139,2.5412414965986394,2.0,1.2972313275776637,3.457656174585805,1.825341204264603,11.277320199081531,29.74280372101145,26.1030370498576,1.1052094495921163,0.506,0.0,37.3,4.672000000000001,0
1.1539000000000004,1.3314852100000008,0.0,1308.5377289999988,27.38139147222221,16.63197689655173,261.0009620762711,134.38585824546777,101.41682697336569,7.107857052631577,1.4679007554113153,1.160418321069168,0.9522868795926894,0.7200552481464708,157.3855644764469,140.6512990494211,2.555555555555556,0.1123389473684209,9.367506770274758e-16,6.304093567251465,30.182661523545704,1.3629422214969789,0.3317943982763929,-0.1730207832230979,0.6873840445269013,-5.3290705182007506e-15,12.110134441590947,6.119830176914473,2.665925019264034,2.6662591760653926,0.4426080885290814,0.365450890140006,2.536990000000001,16.324074074074076,1.2199074074074074,0.0,1.120925925925926,2.006388888888889,1.2199074074074074,3.8253703703703694,1.2199074074074074,0.0,2.037037037037037,3.8253703703703694,5.207601944444443,0.5457407407407406,0.0,0.9980008838722996,3.2499266295712856,1.8955796016317628,6.618775012237978,25.54762711571024,25.52710768719321,0.0,0.1519999999999999,1.0,0.0,5.016000000000001,0
0.4449999999999998,0.1980249999999998,2.0,4793.423439000006,60.38791688235304,59.17791046153847,292.03356110133336,168.7029775815462,174.08807300997734,7.696648206896556,1.7201259001564182,1.3997759262924394,1.419889051690114,1.6599118362998957,159.5219805074065,147.00071164088,3.1220127819035155,1.7400531724137922,-0.3069308680142687,16.96452391088406,80.42634283234246,1.4835506377358814,0.5849835831339332,-0.58979696826588,0.5665219122403343,1.6073698915200725,34.970156040189785,6.082181640625007,3.091447699693816,3.38997138567858,1.2948452408041802,1.3608880177588305,4.66929,19.873164241233763,7.150967564209041,1.632996840482878,0.9300735892207824,2.0182070420760896,0.9300735892207824,2.225960394445844,1.337655300803449,0.8164984202414389,2.011256354393609,5.856981187536744,6.203595411028837,0.7365930774458844,2.0,1.5777993970417763,3.280181598085796,1.7592948278846166,19.78750768691977,45.2154818498333,39.71385532453753,0.0,0.7490000000000001,0.0,52.04,3.4610000000000007,0
-0.0041000000000001,1.681000000000085e-05,0.0,2143.5943419999985,35.89656398214281,43.417620441860414,280.59564952843,148.16347024498094,163.6820938667784,7.38461507692308,1.4481055593052488,1.2049531932068571,1.2906213546020011,1.355187170888401,155.87652843321112,140.66654130418704,3.637820512820513,1.0750713846153843,-0.1056972071005906,25.11217948717949,32.23345007100591,1.3685056189703124,0.9658530571992112,-0.5301864265980256,0.5852292683892096,0.2492655790986688,15.99491790345181,4.771407372389503,3.011862456554689,3.513418014653994,0.4760829537560537,0.5652200970247542,3.165990000000002,20.459465860418245,2.827779142521207,0.0,0.3211219240782736,1.7205092592592592,0.3211219240782736,2.104024943310657,1.2899905517762662,0.0,2.178571428571429,9.12275636180398,6.279799046044343,1.345544742588393,0.0,1.1956217818146275,3.504817936326465,2.34840961638314,9.410523166008533,41.15859194450468,30.620041348463403,0.0,0.477,1.0,20.23,5.843000000000001,0
-0.1541,0.0237468099999999,0.0,1997.2980929999983,49.460462722222175,58.008732357142826,284.7928328686993,171.5730923689679,210.72752331836327,7.4357629565217405,1.33072220397374,1.285429875633112,1.5749828325498576,1.471114973313201,154.61565561413002,139.97685029329168,2.948067632850241,1.0442577391304344,0.0257053156899821,8.818840579710141,32.07196903213611,1.3662404304506028,0.3834278512917453,-0.4460802463072474,0.9177048864805646,0.2492655790986937,15.994917651613724,6.498449218750007,2.792700527989428,3.005367556388795,0.2251762220076543,0.2932176037516316,3.9796900000000015,21.255,1.7383333333333335,0.0,0.8691666666666669,1.9375,0.8691666666666669,1.9700925925925925,0.8691666666666669,0.0,2.0641025641025643,5.578333333333333,6.18315,0.7974999999999999,0.0,1.2088301752949475,3.3147317807620653,2.9755896477281416,9.548811986070929,41.82163849619912,38.113114919386746,0.0,0.3919999999999999,1.0,9.23,5.106000000000002,0
-1.2981000000000005,1.6850636100000012,0.0,1844.9257379999983,35.870235722222176,26.48034929999995,198.52711013309343,123.35208213062914,93.5301590162031,7.851073600000003,0.9573266417274452,0.9876157893941122,0.752796052139601,0.5710845201861328,172.08499348484943,155.18380978534378,5.62,3.0001142400000003,-0.545502470399998,63.05999999999995,38.184779760000026,1.0752912390525602,2.522399999999998,-0.4360628318430471,1.0024466494495046,0.8902969157782579,15.998703372269242,4.090759600509302,3.020908895062236,4.61264173399783,0.3354101966249684,0.3871708245126285,-1.7346999999999997,0.0,0.0,0.0,0.0,0.0,0.0,0.0,0.0,0.0,2.9,8.485,0.8451066666666668,1.4305555555555556,4.0,1.4891353321499974,3.154720857624727,2.48156400069231,14.847592929987533,30.52474367133045,29.05485011371925,0.0,1.645,0.0,63.93000000000001,-2.064,0
-0.1308999999999998,0.0171348099999999,0.0,2289.8905909999985,35.70685801639343,41.66066513636359,271.3669419276506,132.92488126725473,153.63438110201454,7.344049517241382,1.3744776399798655,1.0633301983767225,1.193366008686092,1.302764994754701,156.8765310138616,140.85077700235334,2.631226053639846,1.102780965517241,0.0409272770511315,10.051724137931036,32.22094757907253,1.366642163963482,0.3466111771700357,-0.1634671417647555,1.4985978382204792,0.2492655790987257,15.994918155416332,6.517581054687501,3.059148706262365,3.274562343487017,0.3683905718408463,0.4148547532506041,2.724400000000001,22.874945200302346,2.432279856387,0.0,1.2161399281935,2.014579081632653,1.2161399281935,2.074398148148148,1.2161399281935,0.0,1.9888888888888887,5.605740740740741,7.250788952191988,0.8236763038548753,1.0,1.1819141738305752,3.6760668212969976,2.704777996474044,9.2769666585644,46.37971247645972,35.10296008349425,0.0,0.3919999999999999,1.0,9.23,5.836000000000002,0
-0.0676999999999997,0.0045832899999999,0.0,1361.4857209999986,30.51220803125,23.57949077777777,242.04857065576127,134.51718436679036,123.23096596866064,7.2214434,1.1528320252047015,1.133680303238782,1.0874163032885922,0.8664621462321299,162.98445418983698,147.18718763126503,2.313888888888889,0.3839541999999999,-0.0131711999999979,5.188888888888889,31.36098732749998,1.4411511058541264,0.2594444444444445,-0.4351125543103646,0.9893906949581468,0.1425001784821873,14.003078065724024,5.194534382984973,2.677252385021449,2.7446275592688587,0.1551506099638166,0.2103002801761894,2.1184000000000007,11.378796296296295,1.1944444444444446,0.0,1.1944444444444446,2.0147222222222223,1.1944444444444446,2.0590277777777777,1.1944444444444446,0.0,1.962962962962963,3.2075,4.664234722222222,0.5099074074074075,1.0,1.219240704636849,3.1026873902505137,1.7414460711655222,9.849353848555811,25.61850652335357,18.32860015860103,0.0,0.5479999999999999,0.0,12.03,2.79,0
0.2293999999999997,0.0526243599999998,0.0,1507.7819699999984,24.02402223636358,31.55199153124999,235.618498628618,105.19070341105076,142.35964111112676,7.191578782608698,1.346848211986579,0.925626765647656,1.1963926224716883,0.9197746038753328,163.3182062580538,146.48385180816092,2.17512077294686,0.4040156521739126,0.0605384347826115,5.0410628019323696,30.996675255198475,1.4129859825897335,0.2191766435622769,0.0270013935321261,1.0692811421129575,0.1425001784821944,14.009101039403442,5.741903982133624,2.751389090529232,2.7602566883519586,0.3469012741658463,0.4666926333167776,1.4087,11.82324074074074,1.3680555555555558,0.0,1.3680555555555558,2.040833333333333,1.3680555555555558,2.138888888888889,1.3680555555555558,0.0,1.9166666666666667,2.162037037037037,5.6895020370370375,0.4713888888888889,1.0,1.191603636543317,3.331958319513696,2.1399687369075493,9.57916893293985,28.404654565338664,22.33322343613245,0.0,0.7929999999999999,0.0,3.24,2.971,0
0.6137999999999999,0.3767504399999998,0.0,1456.8661059999984,26.316087124999967,15.495278466666676,243.39506861168977,135.90647038878896,94.42500911419626,7.060985666666668,1.2912673083899222,1.1836030618435427,0.8982015579261787,0.918691581591166,160.6996120516453,142.15246787002505,2.002314814814815,0.1383433333333331,2.2273849431542203e-15,4.49537037037037,29.425766076388896,1.328763500664687,0.187307098765432,-0.2396731329471646,0.8967191407974106,-2.8421709430404014e-14,12.11015510623356,5.499062742491772,2.946492121591648,2.995046797276588,0.5078677873714246,0.4868157105957016,2.811400000000001,11.68462962962963,2.855925925925926,0.0,1.427962962962963,2.207175925925926,1.427962962962963,2.207175925925926,1.427962962962963,0.0,1.8333333333333333,2.207175925925926,6.197492739984884,0.3571485260770976,0.0,0.9798687566511528,3.605093744070004,2.3008033728697352,6.772325919164824,28.08068919650301,27.5413541726763,0.0,0.129,1.0,0.0,5.846,0
1.4886,2.21592996,2.0,3383.0539819999995,87.08123166666667,419.5782093333333,327.0033076413902,162.14585219079274,188.7128157583172,8.022350166666666,1.835291202366572,1.5365865008081665,1.880541936566,0.0,153.06296668923304,138.77459463080004,2.43143829700757,1.0986656666666668,-3.677613769070831e-16,2.1031346847533405,131.86274847222228,1.1761737055369987,0.175261223729445,-0.4480359185926377,1.152808644957645,1.3223695345557118,34.970155248086584,6.003300497314776,2.665925019264032,2.7199630597442903,0.4364357804719848,0.3442060479057348,2.9934000000000003,11.973895747599451,3.038024691358025,2.05079561042524,1.5190123456790126,2.233967764060357,1.5190123456790126,2.233967764060357,1.5190123456790126,1.02539780521262,1.7530864197530864,2.233967764060357,3.90902463648834,0.320281207133059,0.0,1.4591479170272446,2.125814583693912,1.6666666666666672,21.597983772843115,34.61102917892632,34.61102917892632,0.0,0.0689999999999999,0.0,0.0,2.988,0
0.2839999999999999,0.0806559999999999,1.0,2383.335546999999,49.8988691875,97.22264900000005,295.90668588758894,124.48934845289855,94.8843092127215,8.020212076923075,1.492521841812957,1.0885256832122496,0.7733926548993333,1.45360874,156.84347002158813,142.9079489685962,4.9512621199864,1.4166627692307685,-0.2003886153846153,21.235974816221724,85.54422536094674,1.2855960884932531,1.633536524324748,-0.5601704975910704,0.5877256909333095,0.9104503463765514,34.96937974131887,4.716434343392193,2.665925019264032,2.7366278109584288,0.3042841868183794,0.2399813719940585,2.4161900000000003,9.008058984910836,1.688271604938272,0.8961111111111111,0.3554320987654324,1.716820987654321,0.3554320987654324,1.9430727023319616,1.3328395061728395,0.8961111111111111,2.334876543209877,8.774842249657064,2.8013768587105625,1.3112345679012345,0.0,1.6143308351592656,2.0861088829818266,1.2307692307692304,21.21916930471892,25.46661213239722,22.449333346558667,0.0,0.376,0.0,20.23,1.929,0
1.8008000000000002,3.2428806400000005,2.0,13061.890929999998,0.0,0.0,282.0110764236309,0.0,0.0,7.834851249999999,2.135091802155111,0.0,0.0,0.0,159.0488826446245,143.61977303165713,1.3459576474622772,0.5287094999999996,-0.0017015625,0.3488940329218107,1081.2968186874998,1.1006305563622487,0.0436117541152263,-0.0487315308448566,1.1666666666666667,1.6993642370845037,78.91943325941693,6.5452869150218405,1.3743247268092469,0.6937663644366429,0.0,0.0,1.7762000000000002,0.0,0.0,0.0,0.0,0.0,0.0,0.0,0.0,0.0,1.2824074074074074,1.6571502057613168,2.968066358024691,0.1571502057613168,0.0,1.5,1.5,1.5,45.963081066,43.0,-0.0,0.0,0.0619999999999999,0.0,0.0,2.416,0
3.166300000000001,10.025455690000005,0.0,1170.3699919999983,13.543998296296223,12.107087999999994,208.71322496406967,74.61138827123419,114.7366163705187,6.992481333333334,1.2746362032692318,0.7338815745159153,1.1135443100000009,0.4446129048489999,165.54322004616603,145.1096198276696,1.9829282407407407,0.1264853333333332,-0.0105404444444417,6.46498842592592,26.903557555555576,1.214869486321999,0.2693745177469133,-0.1839501746400677,0.3482330675635069,7.105427357601002e-15,12.110114161591722,5.956422936881393,2.457539916041694,2.5340914468463165,0.6553300858899106,1.4571067811865477,2.9248900000000013,5.1159490740740745,0.0,0.0,1.2754629629629632,0.0,0.0,3.8404861111111113,0.0,0.0,1.9270833333333333,3.8404861111111113,5.468942685185184,0.8275462962962963,0.0,0.9182958340544896,3.6666666666666674,2.502410683790414,6.732876570223358,19.429158768440644,15.540726560546869,0.4999999999999999,0.155,0.0,0.0,3.995,0
-2.2497,5.061150089999999,0.0,1616.0650409999992,73.47007499999998,14.119056,227.3926986394825,157.59580198757365,86.96617490062387,8.276143199999998,1.2064127428571427,1.145696206666667,0.7334723000000003,0.4446129048490001,183.8219571516996,177.25144790052,5.955555555555557,1.1390735999999997,-0.8881151999999986,21.066666666666663,37.039842160000006,1.4348469737397591,1.4044444444444442,-1.0763549174366684,0.1371308016877637,0.8550010708931328,14.010653336359098,5.297662092095582,2.654020206930173,3.619460524840673,0.1732050807568877,0.2207609371133702,-0.1662299999999998,0.1250000000000009,0.1250000000000009,0.0,0.0416666666666669,0.0,0.0416666666666669,0.0416666666666669,0.0416666666666669,0.0,2.888888888888889,5.137222222222222,0.0250000000000001,1.6249999999999998,6.0,1.5219280948873624,2.3849625007211563,1.9849625007211564,13.509959091696995,31.03576456637802,33.739960563431865,0.0,1.3130000000000002,0.0,116.73,-1.602,0
-0.2194000000000007,0.0481363600000003,0.0,1024.073743,7.981981796296309,3.069957333333333,217.66337816345563,70.8826975429629,46.57501701233547,6.992481333333333,0.9967335788587848,0.7481656197253339,0.5684890909880744,0.4446129048489999,165.54322004616603,144.34648383860005,1.4775132275132274,0.1106746666666665,1.5838025335668249e-15,1.6613756613756605,26.90355755555556,1.2148694863219978,0.0791131267321743,-0.0491499768043549,0.9792993630573256,7.105427357601002e-15,12.100104053883223,5.840369998889885,2.8246242639791523,2.868984444383796,0.4082482904638631,0.4330127018922194,2.5866000000000007,0.0,0.0,0.0,0.0,0.0,0.0,0.0,0.0,0.0,1.5476190476190474,2.3602777777777777,5.0446076388888885,0.2974537037037038,0.0,0.9182958340544896,3.474021588724271,3.091076637297298,6.732876570223358,22.75804087611435,22.78031708493046,0.0,0.089,0.0,0.0,3.922,0
0.5337,0.28483569,1.0,2178.2834099999995,61.081066444444446,18.374832,296.09370387298344,133.96240542742544,78.12242924383358,7.895790636363634,1.5077445832086471,1.2790165021886668,0.9491108224245,0.0,159.36744356126331,144.81851561460005,3.053511798367765,0.798398,-0.022848,4.093666431114991,91.47832705785125,1.5293331332632385,0.3721514937377264,-0.6694340828993189,1.2085422702779545,0.8036849457600352,34.969379692289166,5.713809669526654,2.496757144605385,2.7082076593476976,0.1690308509457033,0.1463850109422799,1.735,9.059523319615913,1.2353395061728398,0.9009533607681756,1.2353395061728398,1.827932098765432,1.2353395061728398,2.044924554183813,1.2353395061728398,0.9009533607681756,2.001763668430335,4.051868998628258,2.8630915432098765,0.4447256515775034,1.0,1.6767370300521327,1.782694588585165,1.1595352274694064,22.1407863525814,22.64652513969192,19.83274666405553,0.0,0.436,0.0,12.89,1.881,0
0.5906,0.34880836,0.0,1608.9643399999998,1.016064,0.0,303.88585254090026,31.083744430930263,0.0,7.308863222222221,1.0802276340497274,0.4446129048489999,0.0,0.0,150.46420440634404,136.2429889252889,2.2688995579942084,0.1211599999999998,0.0094950000000002,2.6450236244474925,91.38040202469136,1.6378084510313564,0.2938915138274992,-0.2055074650733201,1.1519578727138946,0.6253587024329348,31.972071201062697,6.843233656078894,2.286744479736522,1.955874110488862,0.0,0.0,1.7481,8.97633744855967,0.0,0.0,2.1502057613168724,2.1502057613168724,0.0,2.337962962962963,0.0,0.0,1.72962962962963,2.337962962962963,2.414481481481481,0.9763374485596708,0.0,1.3921472236645345,1.777777777777778,1.3333333333333337,18.024642898676056,19.28822223504278,19.13717778931628,0.0,0.1579999999999999,0.0,28.24,2.119,0
-9.714200000000003,94.36568164000006,0.0,6463.585562000032,25.1699574591196,25.38112864193559,216.8977269327012,114.6971512861908,114.21605565534206,7.154657423728828,0.98966896819107,0.9946726102140564,0.9921768971403964,0.9874556422406418,166.6551676482025,146.37156595271097,2.3436911487758945,3.167531118644068,-0.0072344820454088,77.30885122410521,29.51802835909212,1.232545317018643,0.6551597561364848,-0.5162550150907788,0.5120297248993245,0.7835315151600071,15.995935892661358,4.653802606224996,3.5530823586091773,3.62560472319982,0.2041241452319315,0.2165063509461096,11.975689999999975,0.2525037047529539,0.0,0.0,0.1262518523764768,0.0,0.0,0.126251852376477,0.0,0.0,1.8412698412698407,12.026616548065558,22.44604119173543,1.54041481429019,4.0,1.1346452821366824,5.74799776722516,5.260222601057609,9.720178393914471,129.63282073124702,83.93731512792746,0.0,1.2610000000000003,2.0,58.2,16.78600000000001,0
-0.2582000000000007,0.0666672400000003,0.0,1463.317448999999,37.43926211111111,34.46489654545454,234.2922492582537,129.66962483135123,128.61590008980045,7.57301,0.9795660099496668,1.0523309458811851,1.053818287217818,1.0419612039597337,169.93028851045787,152.02542596408827,6.041666666666667,0.8154579999999999,-0.0669067777777771,42.625,34.48016913888888,1.5795380854344712,2.368055555555556,-0.2792592962854709,0.4469612700980888,0.4275005354465726,14.05001297909077,3.7171979349255504,2.778509655089211,3.3311161855922817,0.0,0.0,0.46957,3.9984027777777778,0.0,0.0,1.9992013888888889,0.0,0.0,1.9992013888888889,0.0,0.0,2.833333333333333,8.067774234693879,1.6680847349773242,0.9807256235827664,3.0,1.4591479170272448,2.710777084415067,1.7777777777777772,12.876666049688524,23.623727791559872,21.70000139954597,0.0,1.152,0.0,59.61,-0.8739999999999999,0
2.4423999999999992,5.965317759999996,6.0,9866.528348999998,323.92675745762705,299.01409730000006,358.8151236226852,292.19202188077406,244.12314967114327,9.591265826086955,2.567241560013062,2.1188459920965736,1.4699287812424504,1.277137249111111,157.8948488268868,143.0852894963375,8.879099073577065,4.206926869565216,-0.7599162117202231,90.43317727281764,143.1828281625709,1.085161566281292,3.931877272731202,-0.4175481404010596,0.3148798455868736,4.96417092006191,34.97395926859379,5.210937500000003,3.0120384579358284,4.491561861626692,8.72828867178119,14.658552372407952,3.39358,1.2805864197530883,0.0,4.180125591388818,-0.8375805898491075,0.0,0.0,1.4778737997256517,0.0,0.7538991769547325,2.4819688109161784,11.82003336622715,0.5575386062820186,2.5042472565157743,4.0,1.913166303130589,2.610395652926424,1.130434782608697,31.502880495283108,67.17873240927412,58.16984432128481,9.59415373251427,0.908,0.0,74.6,1.2850000000000006,0
2.2038,4.856734439999997,3.0,6631.13093043265,152.15238516092316,142.34747973333344,255.1596923352932,203.43068626326948,185.91765575198693,8.531678000000005,1.494973483426399,1.7515265458461546,1.2323776770666668,1.3837937399597346,166.77046364029957,147.48699653419203,4.491528100195795,4.692147384615386,-1.151835254437869,46.163703718359095,134.481609107432,1.1485162628279166,1.7755270660907343,-0.8275877480638784,0.5672709257545312,3.59283679348507,34.971058687057564,3.527681696915544,3.21759304605058,3.436447003221927,0.2906190968595482,0.3820461400425152,1.8807,0.0,0.0,2.7263839023263623,0.0,0.0,0.0,0.0,0.0,0.9087946341087876,2.203483245149912,12.001177983539096,3.1175924518665488,4.806237139917696,4.0,1.9587392367893888,2.741700481351703,2.386119231434914,31.192397378164497,50.23818254717518,47.20660733846933,0.0,1.827,0.0,54.57000000000001,1.6049999999999998,0
-1.7827999999999984,3.1783758399999944,0.0,4524.821340000016,42.37632662500011,43.66259189473695,234.75364050030151,139.46019051673375,139.73427094982998,7.419407272727264,1.1463982269011854,1.0615605392474128,1.0602139921426528,1.1628270877231792,163.81424948926457,144.36655481151817,3.4797979797979792,4.124391272727274,0.0610836363636223,80.16498316498316,33.5394789586777,1.267113262603703,1.2146209570451991,-0.5076330147636382,0.4964289747161325,0.997062316394704,15.997938828051709,5.076980957031251,3.579402911758969,3.8377264528471056,1.3689814264364852,1.512426740961717,6.401390000000008,6.46853120247691,0.5823171243806164,0.0,-0.443960204324562,1.639194932602671,0.2911585621903081,1.7478723107700382,0.2911585621903083,0.0,2.1904761904761907,12.569782225600678,10.802235259960774,2.110626870991229,4.0,1.234388884083241,4.810005235275212,3.5299051000380537,10.75117912153262,59.44843841288694,37.7543458152041,0.0,0.8430000000000002,2.0,52.60000000000001,9.042000000000002,0
-0.0676999999999997,0.0045832899999999,0.0,1940.5743329999984,47.442012500000025,34.499166819999964,266.2233020223301,178.01816588965403,151.54319388903937,7.231840769230772,1.4132689786497707,1.3921536253613844,1.2528583606728212,1.031041636060779,159.1039158540476,143.8503936481889,2.378205128205128,0.4161306153846147,-0.0118664082840217,6.294871794871797,31.258531965976324,1.4686870990524856,0.2421104536489152,-0.413381227024621,0.9683563400467672,0.1425001784821979,14.003080081951463,5.359407002090563,3.1754085691392584,3.246450103442078,0.5592040539207592,0.8343315559583607,3.2716000000000025,18.570342970521544,1.222777777777778,0.0,1.222777777777778,2.067518896447468,1.222777777777778,2.1461574074074075,1.222777777777778,0.0,1.923076923076924,3.350509259259259,6.90065269935752,0.5337226001511716,1.0,1.1956217818146275,3.504817936326465,2.035100360893973,9.213501920389987,35.37741775173208,17.376127281062267,0.0,0.6079999999999999,0.0,12.03,4.455,0
0.1153999999999998,0.0133171599999999,0.0,4315.771418000007,74.05452261111115,88.19448616363641,294.9644119196349,184.17410188798905,215.3418903893976,7.966973799999995,1.403770569981356,1.1934026619512486,1.3476045149289813,1.6314104961599991,157.2254879742371,143.24154659310958,5.679166666666665,3.890628399999998,0.6597793800000001,71.14166666666671,32.92379734750001,1.522132773200646,1.7785416666666678,-0.4346113252002966,0.54510879114443,1.2820626733589648,15.997938856992342,4.722311706542965,3.718443911643481,3.847553018495584,0.6950163528175561,0.7079117055096229,3.508860000000003,24.09445227435293,0.8253602226923356,0.0,-0.5452267036602143,1.6397995643382202,0.4126801113461678,1.8063058575577309,0.4126801113461678,0.0,2.5,11.80514089689248,7.100412992337867,2.211893370326881,2.0,1.5783898247235195,3.743538270163843,2.6630562464420025,14.87365823665032,63.11394116363367,48.64945085251319,0.0,1.3030000000000002,1.0,77.32,6.6800000000000015,0
2.246199999999999,5.045414439999996,0.0,8310.94442999999,99.2706831874999,140.31529470491793,278.2978668969111,167.87950245619243,207.1654436092991,7.44304595,1.6253558452873185,1.785474591616338,2.329207811763676,2.847336652631582,157.1586070596395,142.61884059439762,1.527417695473251,1.121785899999999,0.1945859025000007,4.646467764060353,115.29365352749998,1.9563945713154964,0.1161616941015088,-0.3849534669217868,1.3623637460480005,4.03715257156199,31.97760961331957,7.248613037109376,3.492882549683136,3.150494845795754,2.2636012075337586,3.412413387304899,5.2058,4.44881109851348,0.0,0.0,2.22440554925674,0.0,0.0,2.22440554925674,0.0,0.0,1.3759259259259262,2.9244817631929827,7.243337192256671,0.8433468524584047,2.0,1.647730922119161,3.674197172768202,2.998708422551855,22.90897134695355,59.11600301504009,53.66111423279918,0.0,2.1910000000000003,0.0,171.86,4.026000000000002,0
2.3071,5.322710409999998,0.0,4773.82344343265,83.48312285644452,73.38411785200005,265.6696269435564,185.47791521900388,172.97821916850822,8.293638000000003,1.9464005988926865,1.4590598633237464,1.3974202605708363,1.380745601280596,162.61924121654098,147.64271024828278,6.374513517703882,4.369829034482756,-0.1793218275862064,72.40135807724852,73.22709210516771,1.5962107761790665,2.49659855438788,-0.6626996418895806,0.5106970474086898,2.626406951665288,31.97207282374088,3.810066363373013,2.94324115759509,3.70588235294118,2.281259678990563,2.248996904299901,2.6651200000000013,5.936527182889617,1.255220598527478,0.0,0.090319524929314,1.4424022633744855,0.090319524929314,1.650702160493827,0.592030178326475,0.0,2.6534132171387075,10.66934273752368,3.8918011363880254,3.823824807186249,2.0,1.9904459780216583,2.867535017105914,1.4496241385278537,26.70144414608492,33.68158627393881,29.21161153289941,0.0,1.775,0.0,112.73000000000002,3.592,0
-0.4204,0.17673616,0.0,1938.5422049999984,40.3905840454545,48.48550194117643,278.3422368744751,154.91556144776666,184.2377632920366,7.274622166666668,1.36905711757584,1.2340509463224558,1.4265431817291776,1.4069585940341889,156.95277117319748,143.108621323012,2.6168981481481484,0.3968918333333331,-0.0197793263888879,6.2766203703703685,31.054228109375,1.4928396985996637,0.261525848765432,-0.5243175369225299,0.9448077277691884,0.1425001784821766,14.003080104985749,6.575886718749999,2.8650586884627924,2.978126619847409,0.2757834230632086,0.3591167563965419,4.030290000000002,22.529444444444444,2.2383333333333333,0.0,1.1191666666666666,2.0100925925925925,1.1191666666666666,2.048611111111111,1.1191666666666669,0.0,1.987179487179488,3.303888888888889,6.514708888888888,0.5475,1.0,1.2069084251518167,3.37805407556934,2.8516067457394696,9.19505372310867,41.95178683778053,41.27168126574525,0.0,1.011,0.0,12.03,4.910000000000001,0
-0.9780000000000004,0.9564840000000008,0.0,2124.964597999999,7.060435200000001,0.0,260.8421417861022,51.45569890874485,0.0,7.957137133333331,0.9017047316547008,0.4806749373094002,0.0,0.0,164.31673462393948,141.38955730268006,7.673668267032465,1.8410419999999983,0.3496269999999994,61.621479195244646,77.48711739555556,1.4568469398447272,4.10809861301631,-0.3558009018802763,0.4869253171279809,1.1238898606303271,31.97257196484892,6.3755000000000015,2.548571848552043,3.429659549765997,0.4553309702291374,0.5190132853005691,1.2757999999999998,0.0,0.0,0.0,0.0,0.0,0.0,0.0,0.0,0.0,2.903439153439154,10.578703703703704,1.4603806584362138,4.18724279835391,2.0,1.640223928941852,2.2666666666666666,2.0,21.116330814828828,23.54016635315753,23.73879974919269,0.0,0.739,0.0,42.52,0.4659999999999998,0
2.4288,5.899069439999999,4.0,5315.338242000001,0.0,0.0,454.3001066373178,0.0,0.0,10.563922000000002,4.752400000000001,0.0,0.0,0.0,154.3710705746,142.17439448919998,2.133160595437688,0.7085880000000001,-0.2361960000000006,0.1373774323019865,122.08593800000006,0.6477723841999992,0.0228962387169977,-0.3999999999999999,1.25,2.644739069111425,34.97200613197513,6.754583223689537,1.3053892215568863,0.8074074074074079,1.457862967321305,0.0,2.99439,3.796982167352538,0.0,4.919067215363511,1.898491083676269,0.0,0.0,1.898491083676269,0.0,1.2297668038408778,1.4526748971193415,1.898491083676269,0.97477914951989,0.1159122085048011,0.0,0.9182958340544896,1.6666666666666663,1.6666666666666663,19.97682834357963,32.85815003557704,-0.0,0.0,0.071,0.0,0.0,3.026,0
0.0,0.0,0.0,2897.475187999999,71.10019645238097,57.48067610843375,320.5901399563928,248.44773080810552,216.57650847109704,7.232246500000003,1.895496557515952,1.823662497965406,1.6505530639649868,1.3743570069192752,148.5905920653434,135.57041996430002,2.569444444444444,0.1778699999999999,0.0133402499999999,6.166666666666667,28.37484585937501,1.2813076613552328,0.1927083333333333,-0.1034917026169359,0.9123123123123118,-5.684341886080804e-14,12.150270128051398,7.814632812499998,3.5021219913374524,3.52825342882122,1.539137926216908,2.61228598869462,5.737200000000002,37.333333333333336,0.0,0.0,1.3254686318972035,2.160925925925926,0.0,2.246574074074074,0.0,0.0,1.8666666666666665,2.246574074074074,11.54361613756614,0.3411980347694632,0.0,0.954434002924965,4.045565997075035,3.438721875540867,5.620330618216745,68.57368122728359,47.5,0.0,0.355,1.0,0.0,10.212000000000009,0
1.6458000000000004,2.708657640000001,0.0,5984.226919432653,100.96185517480014,77.94225654800022,250.2836221694301,192.53771999615472,161.26304912709688,7.664319529411769,1.6979868249496657,1.9312793324566009,1.5888402673613844,1.3503647182108234,162.23835833366564,142.9438499323455,3.474540118973973,3.1097435294117624,-0.3357540138408301,46.97300923684516,103.05961990118456,1.639626370885365,1.381559095201328,-0.5375788407070369,0.7947197393619136,3.2360930198516016,32.01451479278713,5.279806640624996,3.111706990094632,3.342444297697728,3.292035844276304,4.9758250160385495,2.4563,0.0,0.0,0.0,0.0,0.0,0.0,0.0,0.0,0.0,2.012551440329218,11.514897976680384,5.046068643864954,2.863836381260324,3.0,1.7280393777281318,3.359423463522208,2.6901620663997536,25.82539512248988,35.615851111856394,30.30492564993036,0.0,1.936,0.0,108.72,2.07,0
0.0,0.0,0.0,3238.951422,65.56143630588237,59.00920851282056,315.3333953093531,224.02303084506588,208.4169378005168,7.311214400000002,1.7870344281034365,1.6547182580463882,1.564515153888959,1.5454888499767667,150.7957433432925,137.46087997147953,2.7492063492063488,0.4400143999999995,0.02777664,8.742857142857142,28.84191576000001,1.4113642134432756,0.2497959183673469,-0.3759579947740912,0.8844521604938267,0.1425001784821802,14.003084671432305,7.093130668852495,3.543331743830413,3.607658664694264,1.416421017832605,2.099948601561758,6.099590000000003,37.37736961451248,0.0,0.0,1.057919501133787,2.072144799277736,0.0,2.270277777777778,0.0,0.0,1.9242424242424243,4.955963718820861,11.5099235500126,0.6087471655328798,1.0,1.119443525111019,4.009839491833947,3.249177362171295,7.893182055615073,67.854360786132,25.86684203774897,0.0,0.6869999999999999,1.0,12.89,8.197000000000003,0
1.3037,1.6996336900000002,3.0,6045.945934432646,266.1695831800001,342.18395880000014,303.3200460213675,220.4047054403351,221.7277707402376,9.850989428571427,1.528398930285714,2.2425686293899334,1.316052015959733,1.45360874,167.82238672098543,151.23404773908467,10.470873614649337,3.274633714285714,-1.9660775918367348,65.9581564221482,163.42306320420604,1.087605435643061,4.7112968872963,-1.012256832291072,0.2199405985339159,3.5928367934850733,34.97105816615854,2.5845555818385857,2.218400352470334,4.620493129184241,0.6662258896295089,0.6546444550745191,0.4859,0.0,0.0,2.5305812757201647,0.0,0.0,0.0,0.0,0.0,0.8435270919067215,2.959876543209877,10.32812242798354,1.0176575017146776,5.628017832647462,4.0,2.1820058147602137,1.62534910729739,0.7682062501545337,38.66915016118679,44.00260707108984,36.11594330397051,0.0,2.014,0.0,76.57000000000001,0.1079999999999998,0
9.2427,85.42750329000002,27.0,11672.727253043802,277.35969443027847,277.782326454133,312.0001915020517,243.788708157488,244.8866006714856,13.317195700000005,0.8443956363636359,0.8443956363636359,0.8636201818181812,0.8737305454545451,248.21823128925,177.670383696923,43.76875,13.236095099999998,-1.5040179225000136,393.5249999999998,10.337125861718835,7.911420431193743,9.838124999999994,-0.2193478829488554,1.3178387650085768,10.072802447253764,19.024554770675365,3.067143128379527,3.459696837419004,7.057450101451258,3.3107513674227445,3.43730427960862,8.565500000000002,0.0,0.0,0.0,0.0,0.0,0.0,0.0,0.0,0.0,5.825,13.8303018707483,20.864522869897964,11.0602806122449,1.0,1.036890280710674,4.285037814176689,3.835037814176689,15.387844392689535,118.80959195088823,137.85159887036187,0.0,0.484,2.0,3.24,11.748,0
2.2457000000000003,5.043168490000001,7.0,8308.357369048374,62.555170123503146,55.04800835008136,255.92519727056603,163.67796803689976,157.2699336952965,8.257609800000015,1.3203458022775576,1.1804589659923206,1.1492305693798026,1.2703008104034463,174.18683494134024,149.7719353227449,9.178906250000002,14.860847199999984,-0.6118927899999813,360.5603298611113,43.28233125863125,3.083629671678456,4.507004123263892,-0.3738392200933266,0.510543058108436,3.856585483780634,19.004445582449367,3.0763398866653464,3.5564105314331567,5.122626178024245,5.0088091953324,4.942821895974783,9.669670000000009,5.339738161824061,0.563648852420853,0.0,-2.985640745494819,0.7525256733755179,-0.979304582597608,2.0755163649615778,1.1101099550398763,0.0,3.160852713178295,13.65499051359818,17.31836247557154,7.955252750185815,4.0,1.7018283842507382,4.620099710636623,2.82104180296546,18.048228657852363,77.58227428366146,38.16173813453588,7.133487299230281,1.4420000000000002,2.0,87.66000000000001,11.063000000000006,0
-1.2501,1.56275001,0.0,3222.714676,78.6693381875,78.03538896226425,308.36850287602147,212.1570939563672,209.2880592694821,7.831320000000002,1.6042609919559685,1.4467690172225776,1.412314853190452,1.546982974477837,155.70896383024967,143.1706001238076,5.482407407407406,2.2417098666666653,-0.2922235199999996,52.98240740740742,30.996596062222206,1.5738171530708882,1.7660802469135808,-0.412289193683293,0.6162007417121236,0.7835315151617053,15.998264628396564,5.491194033984714,3.347529466501308,3.817683278127105,1.1672396597980788,1.6388499402335095,2.9799700000000016,17.7823544973545,1.6657577475434624,0.0,-0.1643924792139075,1.7439172335600903,0.069913076341648,1.8701214096749808,0.6440334467120181,0.0,2.3916666666666666,12.36431311413454,5.159817435752078,1.8310591458805745,3.0,1.5329145639793975,3.373976031629121,1.733333333333333,14.14981208134051,43.88678695919675,22.244570700091945,0.0,1.75,0.0,65.45,3.694,0
0.2081999999999997,0.0433472399999998,0.0,2425.1828754326434,28.940704899999982,12.107088000000005,211.1402519028028,116.16395773785304,114.73661637051868,8.401165470588234,1.879899295,0.7601811873999996,1.1135443100000002,0.4446129048490003,170.3775145208436,150.58537435494378,6.285127917193398,3.325824235294116,-1.093774456747405,43.51720281162305,74.76529388580731,1.1850949573358744,2.559835459507238,-1.0118466350771802,0.6914304908300617,1.6092824916514967,30.973762056083626,2.689369634576153,2.7309409087256373,3.0000000000000004,0.4109974682633933,0.3299279834434309,0.0536999999999999,0.0,0.0,0.0,0.0,0.0,0.0,0.0,0.0,0.0,2.976466049382716,10.776234567901234,1.701111111111111,4.626028806584362,4.0,1.6589797521242051,2.428483089126135,2.2375941186651622,21.09245471018823,28.44983842822854,12.320916671354476,0.0,1.848,0.0,54.57000000000001,-0.6900000000000003,0
1.9622000000000008,3.8502288400000015,0.0,2432.209333,82.94326750000003,90.6684896785714,274.3626581315448,167.00303038610804,153.98006470124946,8.78444905263158,1.4490970812814008,1.0282660569485758,0.846694202335571,0.7044031375384616,166.38693018976286,153.96404386249478,12.333333333333332,3.157938105263157,1.28722189473684,97.4385964912281,36.11861247091414,1.530577563244936,5.128347183748847,0.1932613917508779,0.3680950666186531,1.2820626733591425,15.997925716951986,3.783471756631743,2.8638176688973385,3.76923076923077,0.6350370104336305,0.7223451305510139,1.810910000000001,3.4531481481481494,-0.3213888888888878,0.0,-0.4762962962962958,1.1324074074074073,-0.4762962962962958,1.463425925925926,0.6225000000000003,0.0,3.4615384615384617,10.379537037037036,1.7709055309901738,2.7662962962962965,0.0,1.87101912087884,2.3769083925647454,1.1718243424468624,19.25513355326752,32.603589612462834,23.02648521048375,0.0,-0.2399999999999999,0.0,86.28,2.893,0
0.5743000000000003,0.3298204900000003,0.0,1507.7819699999984,27.48792386363632,23.143970000000003,238.86789337415613,128.53541122281743,113.66646119673352,7.191578782608698,1.2496330664889144,1.1054529884781148,1.013113284663501,0.9412820522496153,163.3182062580538,146.8166610496131,2.219806763285024,0.4040156521739126,-0.0084535652173883,5.601449275362321,30.996675255198475,1.4129859825897335,0.24354127284184,-0.445132261348298,0.8196393228734752,0.1425001784821944,14.003078569023268,5.223190273717517,2.894680037426742,2.92868248155206,0.3476006996936919,0.3546378474735958,2.1464200000000004,10.919400982615269,2.5090306122448984,0.0,1.2019444444444447,2.096064814814815,1.2019444444444447,2.1091203703703703,1.3070861678004535,0.0,1.9333333333333336,3.234722222222222,5.303383027210884,0.5108522297808012,1.0,1.191603636543317,3.331958319513696,1.7391304347826084,9.57916893293985,24.001837330269595,18.965385299549244,0.0,0.5439999999999999,0.0,12.03,3.113,0
-1.1160000000000003,1.2454560000000012,0.0,2687.8039584326425,27.49650593548384,12.107087999999983,196.2088775516398,113.20958675599957,114.7366163705185,7.464044724137936,1.7350387444444435,0.8763674728916442,1.11354431,0.4446129048490004,173.0491729091408,154.9359960126322,3.555074985940957,1.8873766896551727,-0.469219010701543,38.41076712443954,54.497415552430525,1.311931166236362,1.3245092111875705,-0.8015734965427664,0.786861642623094,1.288986289801974,30.97376219072613,4.56174311644785,3.004286379112377,3.1032842803862613,2.1907706616377607,3.135773676379046,-0.5624999999999999,0.0,0.0,0.0,0.0,0.0,0.0,0.0,0.0,0.0,2.301066217732884,12.213734567901234,4.860222222222223,4.063786008230453,4.0,1.5709702181464678,3.2870107769811048,3.287010776981105,18.68307412748456,35.580547061425804,24.617315060200347,0.0,-0.3739999999999998,0.0,36.60000000000001,-0.5610000000000002,0
0.3238999999999999,0.1049112099999999,0.0,1361.4857209999986,27.6003453947368,17.119110466666672,242.04857065576127,125.02441512983803,100.94652348860444,7.2214434,1.3586686387633795,1.0802459148247117,0.929283572777966,0.7790786074245002,162.98445418983698,147.18718763126503,2.3402777777777777,0.3839541999999999,-0.0131711999999979,5.237500000000002,31.36098732749998,1.4411511058541264,0.2618750000000001,-0.4136532915063323,0.887072796380672,0.1425001784821926,14.009100483461305,5.350460333281504,2.8513894367070503,2.9164494163437875,0.3526709006307397,0.4007834230632086,1.7563199999999997,10.756018518518518,2.469305555555556,0.0,1.175925925925926,2.042824074074074,1.175925925925926,2.111111111111111,1.2933796296296298,0.0,1.9814814814814816,3.0677777777777777,4.703708287037037,0.4907407407407406,1.0,1.219240704636849,3.1026873902505137,1.5754887502163473,9.849353848555811,23.04442035268818,15.429053319411672,0.0,0.5439999999999999,0.0,12.03,2.69,0
3.112400000000001,9.687033760000006,0.0,1168.3378639999985,16.025036240000013,26.23336814285715,217.66337816345563,89.2473160370705,122.99685487909672,7.017392,1.3276511723569178,0.8462139221094008,1.0661959492209996,1.1135443100000006,163.78190804815847,144.34648383860005,1.97979797979798,0.1207359999999998,-0.0096039999999984,4.4444444444444455,28.015274809917354,1.2650707047650558,0.202020202020202,0.1100411136009366,0.5541666666666667,8.881784197001252e-15,12.110114161591722,5.973170218785854,2.467101527914344,2.536263178843988,0.3333333333333333,0.1666666666666666,2.771180000000001,6.946666666666667,0.0,0.0,1.3529629629629631,0.0,0.0,2.1203703703703702,0.0,0.0,1.9166666666666667,2.1203703703703702,4.428911851851852,0.3137037037037036,0.0,0.9456603046006402,3.5137713140366573,2.591797727666085,6.78663383797895,24.632701479011104,20.858776076861325,0.0,0.121,0.0,0.0,3.128,0
0.6420000000000001,0.4121640000000001,0.0,2176.154582999998,50.30142367187507,35.53921877419355,295.7457491787872,198.56330684801705,158.30966413294897,7.175159555555558,1.7343689627720305,1.5482032112358417,1.308336107067547,1.0593083394312464,152.62693206077736,137.6887802098207,2.440329218106996,0.1581066666666664,0.0093692839506189,5.637860082304528,29.89284172839505,1.3498549848022208,0.2088096326779454,-0.2108392409558941,0.8433394160583936,1.4210854715202004e-14,12.110264591747008,7.075360465920796,3.1629767626329937,3.178632907672722,1.0949606746400582,1.6270742555635458,4.021020000000003,26.134259259259267,1.3784259259259262,0.0,1.3275,2.093796296296296,1.3784259259259262,2.261574074074074,1.3784259259259262,0.0,1.888888888888889,2.261574074074074,8.815635833333335,0.3391666666666665,0.0,0.991076059838222,3.763811442325247,2.5856865751157447,6.177348133484644,46.24929307983449,26.653858811120063,0.0,0.253,1.0,0.0,8.137000000000002,0
0.2956,0.0873793599999999,1.0,2529.631795999999,61.094230730769205,59.26700568750001,281.2360656893139,143.14788800074967,113.72265875380208,7.827512562499998,1.509773791646534,1.1782000944593465,0.9858800175153126,0.7392932917578333,158.47467315119647,143.17767425672193,4.28852547248895,1.5023869375000003,-0.1715552499999996,22.44773805441245,78.68938285937502,1.2906549210083076,1.4029836284007782,-0.4567222790796015,1.0327045654550568,0.9104503463765604,34.96937978529584,4.3958408776218105,2.744208429071986,2.7589772735836022,0.3832716378826321,0.4698400815262218,1.4928,10.434633058984913,2.3818364197530864,0.8974382716049383,1.0223765432098766,1.935895061728395,1.0223765432098766,2.085757887517147,1.35945987654321,0.8974382716049383,2.242112482853224,8.680212620027435,3.240030114883402,1.3332716049382718,1.0,1.543564443199596,2.456435556800404,1.125,19.528193668378425,25.75,22.40075156006609,0.0,0.5529999999999999,0.0,20.23,1.872,0
0.6420000000000001,0.4121640000000001,0.0,2176.154582999998,52.01978281250007,39.07745821666667,295.7457491787873,200.7738465589488,169.09108074498954,7.175159555555558,1.7343689627720305,1.5534765374811226,1.376198332060682,1.0670218293516815,152.62693206077736,137.6887802098207,2.440329218106996,0.1581066666666664,0.0093692839506189,5.637860082304528,29.89284172839505,1.3498549848022208,0.2088096326779454,-0.2018095741375817,0.8433394160583937,3.552713678800501e-15,12.110264591747018,6.747118873294919,3.275110911302,3.2961301430228103,1.0404022964417872,1.5651217439308125,4.021020000000003,26.15796296296296,1.351203703703704,0.0,1.3275,2.093796296296296,1.351203703703704,2.261574074074074,1.351203703703704,0.0,1.888888888888889,2.261574074074074,8.815725925925925,0.3391666666666665,0.0,0.991076059838222,3.763811442325247,2.5856865751157447,6.177348133484644,46.24929307983449,21.144083806793123,0.0,0.253,1.0,0.0,8.137000000000002,0
1.6855000000000002,2.8409102500000007,6.0,2856.4284368986205,224.22375066010213,0.0,271.770408000141,135.89980058764235,0.0,12.117516,0.6267403681356667,0.3347108804000001,0.0,0.0,229.7494514300832,174.7595085494591,35.57523148148148,4.807043999999999,-1.2128770000000022,128.56712962962962,41.94604802464256,6.912636983496384,10.713927469135802,-0.5176988444747412,0.7588306030916945,2.455999416603511,19.003810750235303,2.867836503791085,1.8519602670685125,6.2608695652173925,0.380759592803126,0.2528038514865611,1.4718999999999998,0.0,0.0,0.0,0.0,0.0,0.0,0.0,0.0,0.0,5.783333333333333,10.97511574074074,4.464097222222224,6.876736111111111,1.0,1.7295739585136225,1.8553885422075345,1.459147917027245,20.711830688746065,36.94987500240386,-0.0,2.0,0.227,0.0,20.23,2.388,0
0.5575000000000015,0.3108062500000017,0.0,3178.177772999999,82.59027150000001,66.33123179999997,232.0041889508701,179.3402441163548,182.5952110266436,7.615624724137936,1.2233697743766168,1.333763754980305,1.4420705897777784,1.358847867337213,170.74654311495982,155.49520678504487,2.7501182536303865,1.4030954482758606,-0.1542573448275853,14.058228087602275,55.49225399286564,1.666242888921746,0.4847664857793888,-0.9712856539742124,0.5891693323752007,1.3378595948438274,31.972071679792133,5.278299369048085,3.213402551995076,3.2772968361743646,0.4156596523969726,0.5664825676009294,2.672670000000001,2.428240740740741,2.428240740740741,0.0,0.7016666666666667,0.0,0.7016666666666667,1.0249074074074076,1.0249074074074076,0.0,2.0462962962962963,4.345197257915512,3.4957001418283364,1.5872661039724532,5.0,1.6092568775908622,3.2487241175367103,2.167607028896472,18.125053850343463,32.38200456259169,28.837805322642563,0.0,1.591,0.0,88.03,1.346,0
-0.899,0.8082010000000001,0.0,4895.962084432656,63.49526907190169,66.43682287643705,254.5344199688953,153.9388414764976,164.42495018451066,7.537325711538456,1.3218935764864983,1.283446324456683,1.299934183841751,1.3321438930375702,161.16229878501582,142.9182002683265,3.450586690877329,3.980528826923076,-0.8092134005177544,53.324729718441006,45.58139499249141,1.3718659274832077,1.025475571508481,-0.9690668427079876,0.4930585996547446,1.6092824916514132,30.97376295341511,4.0611513859497474,3.671084989385888,3.8630512817599474,0.9141348452258606,1.131356173627615,6.5070800000000055,19.212217767646457,1.0326488445172308,0.0,0.5163244222586154,1.7657350718065004,0.5163244222586154,1.883320200316804,0.5163244222586154,0.0,2.159135802469136,13.302962254346184,9.947268818200296,5.57182910175387,2.0,1.4154296324456903,4.2850100856954025,2.8831813499808283,14.805565426578076,59.75970676869112,36.08614868590624,0.0,1.962,2.0,54.57000000000001,7.75,0
-1.405200000000003,1.974587040000008,0.0,2005.4266049999976,32.507544620253164,30.04339697058819,246.05338498395125,133.89130803347695,129.10180315256306,7.250653548387101,1.1612379587390087,1.1016643726629851,1.0694729990144107,0.9319214438154934,162.43552565545104,142.43361926303754,3.083333333333333,1.1392714838709674,0.0036155005202932,34.54301075268816,31.619405962539,1.298197587174884,1.1142906694415535,-0.3193103806985796,0.4790439132851585,0.2492655790986901,15.994917644902657,5.10033948014493,2.9875430766493243,3.446759408493731,0.7518958992096243,1.1921918884409055,3.5502800000000025,3.1991203703703714,0.0,0.0,0.4612500000000004,0.0,0.0,1.5101388888888891,0.0,0.0,1.9615384615384608,11.635670823885109,4.689554672146636,1.2054166666666664,1.0,1.1452221157218592,3.8089741946650166,3.0538158225934984,9.375450458510574,34.23729310613433,20.672729820011373,0.0,0.405,0.0,17.07,2.775,0
2.0586,4.237833959999997,0.0,3296.863985432644,69.83798263766666,73.16233151371432,235.9916121129976,152.83810153023654,195.1862113304696,7.874954931034487,1.439235876587249,1.1858930054108887,1.4639441698571427,1.0544750208103164,164.36861363930467,146.03097901773216,5.055074985940957,3.665912827586203,-0.9168149369797858,52.23452191371167,57.078144725866906,1.3412993530796542,1.8011904108176438,-0.9593908845137652,0.6952845637212369,1.6092824916515056,30.9737623730653,3.459993863843337,3.328703346012309,3.413679552270626,0.2906190968595482,0.3443364197143246,1.50087,14.81073365457294,0.0,0.0,1.4903780864197531,0.0,0.0,3.446533131771227,0.0,0.0,2.6651234567901234,11.803317901234568,4.767816059250861,5.098505658436214,4.0,1.577543617641069,3.2804373774865034,2.174436207791781,18.27622866757604,37.79934799538526,36.92187546986053,0.0,1.917,0.0,54.57000000000001,1.1549999999999998,0
1.3717999999999997,1.8818352399999985,0.0,2984.3805579999994,41.90087479069762,11.44953600000002,246.02212978290584,113.86684827614232,66.12204487761626,7.331316736842104,1.41826148945779,1.164896078886769,0.9409751698993326,0.0,162.84029631194417,145.76606126936844,1.5851563064038698,0.5148864210526314,0.10168057894737,3.1653310230308302,95.35096316343495,1.7661334135756,0.1665963696332016,0.0491401555505549,0.9926213990830912,1.393217583348065,31.973071613124898,6.2905000000000015,2.5107970772097565,2.657839583124694,0.8970375371692585,1.3696037194752582,1.3116,0.0,0.0,0.0,0.0,0.0,0.0,0.0,0.0,0.0,1.4537037037037035,2.4467592592592595,4.151025504115227,0.576383744855967,1.0,1.5288018145253184,2.719125698918267,2.318618305526856,20.60375112950888,27.07362855010574,27.319602492999824,0.0,1.085,0.0,53.84,1.116,0
-2.5433000000000017,6.468374890000009,0.0,3823.868207999999,47.86697687826096,44.28144309259269,255.98435264564017,155.3289992117821,155.2799737060874,7.461720959999996,1.22028848733096,1.176502603714504,1.1888720773099049,1.1817686076982794,160.53788575855947,142.92750511899317,3.777777777777777,3.057239999999999,-0.0926870400000017,63.01333333333341,33.85317932160003,1.3340721490870695,1.2602666666666682,-0.3626411683001485,0.593281983798288,0.7477967372959284,15.998711393840724,5.124304081852703,3.537376947657891,3.834337586428088,0.6902060825635858,0.8620752371052922,5.3308900000000055,15.087335404318337,1.427437001409974,0.0,-0.1846535657599242,1.521087569286974,-0.0376862443145809,1.8569744894083728,0.6024721014949193,0.0,2.2222222222222223,12.363133010194591,9.20791240984081,1.851320232426591,1.0,1.259756468731008,4.384099721043716,2.739932866111654,10.697470208714796,55.2111440169539,26.97715282388909,0.0,0.596,1.0,46.53,7.692000000000001,0
3.0466,9.28177156,4.0,6573.315066,470.83922354999993,419.370112,419.8671148354291,411.9592407728106,379.1507144780401,9.216421428571428,3.202492,3.0703750000000007,2.6864000000000003,2.002,150.67662040054287,137.55350839542862,7.743576763124088,1.4892188571428573,-3.05311331771918e-16,33.507196202669455,108.78845571428576,1.4509903696530608,2.393371157333533,0.0245140244874229,0.3992043752457134,2.9297394260758054,34.972007557257626,4.901781249999993,3.046897193912547,3.592596566498932,1.9576522613223195,2.627535080386589,4.109769999999999,11.338401920438958,6.775754458161867,2.926262282690854,0.8556670096021948,0.0,0.8556670096021948,2.2813237311385457,1.3802503429355282,0.7902194787379972,2.3130511463844803,9.059025923126452,2.823844345203102,0.810999657064472,2.0,1.3787834934861756,2.428571428571428,1.5714285714285712,29.20955585663033,62.74754181382688,46.19813952288053,0.0,0.244,0.0,47.58,1.876,0
0.6562999999999986,0.4307296899999981,0.0,1718.9304909999978,21.81244337142856,11.81484422093024,219.35186649143347,101.64832306473608,80.46879534119464,7.1976179354838745,1.128162276270842,0.9027763763528928,0.7712699901123033,0.6845327360209619,166.18541571572518,145.67095395342744,2.6406810035842296,1.1466038709677404,-0.076213419354837,25.40860215053761,30.03834012486993,1.195608821023704,0.8196323274366971,-0.47078941776169,0.7355195881867324,0.2492655790986973,15.994917142939308,5.452305922508825,2.871142464167261,3.41439455313436,1.5206685638148218,1.8805621042767544,2.439500000000002,0.0,0.0,0.0,0.0,0.0,0.0,0.0,0.0,0.0,1.9848484848484849,9.70976851851852,5.401167361111111,1.362268518518519,1.0,1.0942658959797504,3.859930414407125,3.063718879416727,9.285756372440844,28.22876959736056,19.00267800425925,0.0,0.443,0.0,20.23,3.211,0
0.9549999999999984,0.9120249999999968,0.0,1863.1946119999973,15.959247385714264,3.75772723200002,231.725504991912,101.27356254964512,47.72771665771467,7.208333500000005,1.3609140878665846,0.9479114728590128,0.5574118548668248,0.4446129048490003,164.9544451024213,144.52691771928033,2.662977430555556,1.1513594999999988,-0.0735944843749972,25.855685763888854,30.570380062499986,1.2342551912453703,0.8079901801215267,-0.532804065137027,0.5950075545741417,0.2492655790986901,15.99491739452205,6.141494222209312,2.9477240566460017,3.124420792002103,5.749524285054059,8.306786540677113,2.583600000000002,0.0,0.0,0.0,0.0,0.0,0.0,0.0,0.0,0.0,1.965277777777778,10.27951388888889,5.903101273148148,1.6672453703703702,1.0,1.1096153217888278,3.890384678211172,2.983297195549737,9.281161132163929,29.5284435189976,19.13787578003305,1.8898815748423097,0.5279999999999999,0.0,20.23,3.151,0
-0.5276,0.2783617599999999,0.0,3118.85082,83.06541154166665,74.41844823437503,322.6266698361441,239.2118285221395,218.4413745395042,7.653912000000003,1.7949314221380956,1.6359235204478448,1.5126989402538262,1.4732239733079189,150.07925004891635,136.38162460148482,5.674074074074073,1.8835488000000005,0.00025392,60.65185185185188,29.843369360000008,1.3157504831775542,2.021728395061729,-0.1809004095100392,0.5853756174347284,0.4985311581973377,15.995923706777006,5.653823327214748,3.3827886687651567,3.949896796220619,1.33988568158586,2.024872254198047,3.5288800000000027,22.073067365835225,2.042439058956917,0.0,-0.0685619803476944,1.715969387755102,0.5002602985638702,1.9522619047619048,0.5340740740740746,0.0,2.3666666666666663,12.715281557067271,6.519347388038549,1.7352286470143612,2.0,1.2309595631140104,3.675931032494508,2.864944563402473,10.004632672761996,60.99320307848522,25.79329878786274,0.0,0.887,1.0,34.14,5.950000000000001,0
0.5911999999999998,0.3495174399999998,0.0,2310.2783419999982,49.894737639344285,44.87927896491227,243.28069614908352,161.18240639475417,155.11962995237113,7.607851862068969,1.2956398453591171,1.1859693470850483,1.175729901607737,1.0326598014052977,163.81535626788744,147.2362979621345,4.159003831417624,2.2052990344827577,-0.0661304827586201,40.05555555555556,35.260470156956,1.375808958825551,1.3812260536398469,-0.8915274809374902,0.4182682781850607,0.6410313366795606,15.995921205975623,4.269854000752491,3.1491194109252243,3.272633603574109,0.8019414915330711,0.8866384392480424,2.6269800000000023,8.777801398337113,1.664768518518519,0.0,-0.4323148148148148,1.7962037037037035,0.6267129629629631,1.96125,1.038055555555556,0.0,2.3809523809523805,11.022696523053666,5.2432257643613,2.0989814814814816,2.0,1.4560117972262605,3.4019691979013125,1.7661821016852977,13.463080310080358,28.573161348215848,20.9341309905841,0.0,0.488,0.0,38.33,3.613,0
-4.034100000000001,16.27396281000001,0.0,3663.2082099999966,22.375068857142843,22.408539079710124,215.78533093371084,108.3791598869189,108.15172578566629,7.013592438596488,1.000320211596977,1.0001933615628038,1.0000499658719992,0.9998865614801524,165.20173673230812,144.2602704459774,1.4351718153790207,0.3874679298245607,-0.0214064573715064,3.64425887153488,38.99202466174206,1.2780796280829467,0.0639343661672785,-0.1765588304558764,1.3700262144642914,0.6253587024326634,31.972677688884737,5.126995864612307,3.457020196432183,3.4909856670018886,0.0,0.0,7.177700000000008,0.0,0.0,0.0,0.0,0.0,0.0,0.0,0.0,0.0,1.5129954515919428,2.29753269237134,13.551652196020877,0.1516331464921969,0.0,1.0174532503609195,4.815436763803823,4.504382009267915,9.966535627270504,67.3325902458477,54.93080959218025,0.0,0.078,2.0,38.8,10.198000000000002,0
-0.2382000000000018,0.0567392400000008,0.0,4907.428035000013,60.76115948979572,78.14837040000008,208.5966356667761,143.9164683913194,194.5039904166984,7.999680210526307,1.3527147606451595,0.9882590739098802,1.328277586000001,0.9919403153366332,172.44899989039422,155.94160115468415,3.304093567251462,6.6456063157894665,-0.5847663157894866,39.842105263157926,39.17489181717454,1.265890606591164,0.6989843028624197,-0.4909647836448173,1.5664527262942047,2.350594545485293,16.00081355913195,4.637334545897469,3.238840819742163,3.625178118923402,0.8977620170126733,1.1454492986651452,1.129770000000001,1.1058673469387763,1.1058673469387763,0.0,0.3686224489795919,0.0,0.3686224489795919,0.3686224489795922,0.3686224489795922,0.0,2.2962962962962963,5.22119708994709,4.997205812547242,1.2980442176870748,12.0,1.6779842806377734,4.154905733526968,3.649135182240821,16.829210748604662,69.06200418947067,69.57257873959949,0.0,2.759,2.0,103.77,-0.033,0
0.5336000000000005,0.2847289600000005,2.0,14012.715678999994,216.8537392166665,20.36776000000002,248.5033872832253,111.22271253249004,62.69439452816451,8.016556526315789,1.6506581828427618,1.131731986806266,0.8077647461215558,0.4446129048489999,164.9043480619732,148.62593780919448,4.991061114720959,2.2549521052631567,-0.4005979944598334,43.00483719587034,547.4473972853185,1.1322079812615224,2.263412483993176,-0.4256972463786608,0.9562103971330124,2.197895395281888,78.91943341261386,5.103437500000002,2.7331061089405093,3.388553841301709,2.5574368735134976,3.279328271986349,0.7472000000000001,0.0,0.0,0.0,0.0,0.0,0.0,0.0,0.0,0.0,2.3755144032921813,8.891342592592594,1.98777137345679,1.289351851851852,2.0,1.6779842806377734,2.569943232805812,1.7894736842105257,39.02290222912247,43.836352050127054,33.872048568224514,0.0,0.7,0.0,40.46,1.2019999999999995,0
-2.6742000000000004,7.1513456400000015,0.0,6351.391455000024,42.31384801550384,44.976488881422895,232.5360199480677,140.1694762967126,142.93139897991333,7.438111612903234,1.1435944913125409,1.0657937634636403,1.0772368311389964,1.1675311160087525,164.3276846784349,144.65094854765147,3.543010752688172,6.139002580645167,0.0840046451612573,118.74731182795706,33.72658050572331,1.2536526777607302,1.276852815354377,-0.5181332286959579,0.484035962278742,1.4955934745918853,15.999964605041864,5.003238472750729,3.5844822519525086,4.931159887510169,2.030590073281863,2.202780533388328,8.774590000000003,3.181075201054841,0.4107010506095101,0.0,-0.6120800958634642,1.4262273242630386,0.0550238491733803,1.534904702430406,0.2326385307847247,0.0,2.205128205128205,13.2231457290125,13.846185718046556,2.278746762530131,6.0,1.2408931545490722,5.29826565655896,4.149055026568117,10.904204925427926,83.40355707242583,45.2756233052186,0.0,1.196,2.0,78.90000000000002,11.532000000000004,0
1.6184999999999998,2.6195422499999994,3.0,6020.325402000003,144.44693995,125.76848287500005,325.8724951858377,234.7356149062838,249.9388004832707,8.351906125000001,1.781487454327041,1.7192608987636742,1.789277102517094,1.8111473598696368,153.80569551272683,140.94160134262202,4.222884278311233,3.052778624999998,-0.3463034843749999,25.95757601737541,105.30679575,1.22999221974158,1.081565667390642,-0.4461928847383694,0.666091836218809,2.482085460030916,34.971058404904895,5.427234628587468,2.9132649025308344,3.5538820894451484,1.03440919188732,1.231715968226155,6.0160800000000005,17.523650453436975,5.553020614624451,2.4154821665749058,0.2405675582990398,1.7874440435753634,0.2405675582990398,2.2096046773762086,1.408220427059713,0.8877722196560379,2.09041394335512,9.820750781908558,5.431375469868331,1.4260991083676269,0.0,1.692215752170299,2.892746748550858,1.886842188131012,24.41427642724264,56.87268177134415,35.154637506971184,0.0,0.2599999999999999,0.0,29.46,4.009,0
-0.3940000000000001,0.1552360000000001,2.0,9235.74680199999,86.94854945454546,87.01389870833334,295.0681258665675,210.5311639006081,223.4213007961847,7.8677561470588255,1.609794524516826,1.4857480307115851,1.5794556567214324,1.662895565672409,160.1850731350115,147.60099079225205,4.30897930731506,4.7395930000000055,0.4256592499999936,77.61388821646639,51.747626845155686,1.6709032157255848,1.1413807090656822,-0.2861880261066498,0.6062083040287105,2.9609021206102284,28.29989207783299,5.196673625388709,3.864579168738424,4.008158526508511,1.4613632390286997,1.872443094038566,8.794760000000007,40.17124966674149,7.330175350275973,1.076117630816663,0.2935123135408761,1.860938981560032,0.7441069236169283,2.1243626751579794,1.0953311657728595,0.5380588154083316,2.205106621773289,12.974905891722678,12.350508430787526,1.905279272409472,10.0,1.704534899819343,4.382927941430997,2.6104378677106914,19.38753264433369,89.93244385470317,56.40236150778413,0.0,1.429,1.0,107.64,11.787999999999998,0
0.9552000000000002,0.9124070400000004,0.0,5496.815306432651,79.59683279646384,65.20849290835828,269.7979618693107,191.25367052282203,164.98483171004713,7.918809593750004,2.064620611756462,1.6309656604839995,1.4029984097901929,1.2636154732757363,159.6294926884386,142.37164026516876,4.345237542390642,3.724462468750001,-0.6023779062500001,49.46807573874024,87.18160888877732,1.6100150803448197,1.5458773668356325,-0.6505802186608102,0.7443266054599554,2.8599998965173583,31.97342741588936,4.796603515624998,3.2648542129854663,3.51898825733222,2.7656924329855173,2.964404456771206,2.157120000000001,8.655073136250385,2.8910676492819354,0.0,0.7936351165980796,1.886195987654321,0.7936351165980796,1.9486959876543208,1.0595821435570114,0.0,2.2670660856935365,11.61687360172121,5.56668812635891,3.713701822807312,3.0,1.8180425036562065,3.1819574963437933,1.7665414066556502,25.63993517220068,34.62227382346002,29.45037578003305,0.0,1.973,0.0,92.65,1.975,0
3.2870000000000004,10.804369000000005,4.0,29323.80844699999,252.53945598290605,159.38321613636364,288.58741531939927,231.65385800967863,210.1198201584737,7.925399829787228,1.8217107217564923,1.9263065436644056,1.822096714063458,1.7995654581202385,157.60669002478684,142.9383441853021,3.7834052038642265,4.540003999999997,-0.4658239999999989,55.43496264191701,443.1050306238113,1.281170263518541,1.1794672902535537,-0.3676971425860498,1.019626516677974,4.395790790563623,78.92138775456209,4.065337753295909,3.367603734100604,3.976567689005452,3.925749117341641,6.194327757647556,6.072790000000004,19.90019786672615,10.513412411854471,0.0,1.0815696715027323,2.3466963637179186,1.0815696715027323,2.3466963637179186,1.3935700545012415,0.0,2.068244170096022,9.070388850930314,7.806674652886393,1.4257518821803237,2.0,1.657797688844119,3.896791162833519,2.240488700187372,35.5803246428096,86.9062253276583,81.70569930217033,3.265986323710904,1.2119999999999995,1.0,58.92,5.873000000000001,0
5.2586,27.65287396,0.0,2342.7721119999965,18.83669599537034,20.89305990972231,209.2611935272976,92.2346991314048,128.4483130107543,6.981520639999999,1.2774196522514312,0.8490813004324442,1.162551800989119,0.7356866309241203,166.31819732528933,145.06289721609394,1.6643055555555557,0.2580300799999996,-0.0109662784,7.365138888888881,26.343963558399945,1.1896002010065032,0.1473027777777776,-0.2578478695467517,0.2526624582775465,4.263256414560601e-14,12.110287805853512,6.629105468749993,3.356794630397547,3.376175040532008,2.3509536313039,6.29313105548891,5.911200000000006,0.0,0.0,0.0,0.0,0.0,0.0,0.0,0.0,0.0,1.7239583333333333,2.427986111111111,11.849346935232424,0.8006423611111111,0.0,0.904381457724494,4.739474732050231,4.220256732396385,6.693715826846142,46.35489847960351,37.18571170398646,1.1905507889761495,0.256,1.0,0.0,9.311000000000003,0
-2.0645000000000016,4.262160250000006,0.0,1782.1055939999983,30.21480136363632,29.320570235294124,223.1117382470136,100.11081782770025,90.34560695709,7.862334909090911,0.9805787379177062,0.7955944245059831,0.6760490287025289,0.6362063175282858,171.50730263890858,154.59313764218413,5.592171717171717,2.3009963636363624,0.7859978181818187,54.4810606060606,38.05822477685949,1.2671806713939655,2.476411845730027,-0.3945337682182124,0.3105054578321631,0.7835315151617799,15.995919666605158,3.153215733610206,2.824624263979151,3.665092331941551,0.3921557650747918,0.461972727184897,1.1776000000000004,0.0,0.0,0.0,0.0,0.0,0.0,0.0,0.0,0.0,2.683333333333333,9.83002267573696,2.4887195795540435,1.4452777777777777,0.0,1.6171895725927152,2.842242046044582,2.257426739974868,16.049522706637454,27.573840838730465,22.738437772451217,0.0,0.923,0.0,52.900000000000006,1.0629999999999995,0
1.1812,1.3952334400000002,0.0,4955.194516000007,79.32528821052634,84.609865483871,321.17787709172313,211.2726308528335,207.0604939927992,7.287680944444448,1.9734049036887928,1.8355568737959227,1.820891014643321,1.989596049974832,148.31649623721353,135.22653718888975,2.4307460752934005,0.3375449999999997,0.0718074166666662,8.604214296601127,59.39454187654327,1.4327198984594207,0.2390059526833646,-0.1539388606380151,1.0660154692539898,1.2507174048657816,31.973073006111385,7.066117065429681,3.523622737199592,3.3786021376515234,1.512103483048984,2.0287710363591813,6.225490000000002,40.83960952590913,3.4334830351893846,0.0,1.3743617573036766,2.1250259902068165,1.7167415175946923,2.463744593516419,1.7167415175946923,0.0,1.7861952861952863,2.463744593516419,11.200883920625898,1.4198047629545647,0.0,1.2326602568158207,3.937264744626492,3.2946093838225807,13.594077368577205,70.57534303281126,39.42038612505348,0.0,0.637,1.0,50.6,9.444,0
0.3068999999999999,0.0941876099999999,0.0,2033.922589999998,39.81624643103448,32.505849781818135,274.4505570836968,169.52308172446112,143.5011828955279,7.129490000000003,1.4763184994784897,1.3737220672153438,1.1992314301324007,1.172605563947151,155.85600405712452,139.50451756312415,2.3065476190476195,0.1660119999999998,0.005929000000001,6.002976190476191,30.266502249999995,1.366728172112248,0.2143920068027211,-0.1528167120249763,0.9383366385721368,-1.4210854715202004e-14,12.110241833500584,5.5390342415248055,3.1633402958467705,3.142892678909726,0.6388340731454627,0.7359648221747642,3.964400000000003,23.215681059460827,3.974661281179139,0.0,1.2871787603930462,2.045547839506173,1.2871787603930462,2.196759259259259,1.3932232615268332,0.0,1.892857142857143,2.196759259259259,8.0221339484127,0.393780076845553,0.0,1.0,3.807354922057604,2.523867517871372,6.503912516,41.730976514090926,27.463147506796343,0.0,0.2149999999999999,1.0,0.0,8.184000000000001,0
1.009,1.0180809999999998,2.0,5274.542840000003,159.58303924999998,130.76281423999998,330.54413093984834,280.7521064042832,235.720903775437,8.681462083333336,2.019740619633959,1.9146094185384608,1.5636172838739606,1.1082854345849005,154.54842433622062,141.463899810076,9.076830259614894,3.7798858333333327,-0.5647601597222213,87.06200782401054,78.68177497222224,1.282251927763075,3.627583659333773,-0.6138906148886905,0.3659740168278458,2.31943185095048,34.9701561825468,4.59475,3.203522745855299,3.957377944818063,1.4393776788291153,2.1881869389359214,3.5113900000000005,7.988380084544106,2.30493827160494,1.134849948209736,-1.0811488340192044,1.5093484224965703,0.077067901234568,1.797701702080009,1.0754012345679014,0.5674249741048681,2.7791495198902605,11.2461079617032,3.5032540375409424,2.747815500685871,4.0,1.7295739585136225,2.8553885422075345,1.500000000000001,23.841790394409635,49.88772084511221,41.727068758293306,0.0,0.7839999999999998,0.0,74.6,2.4940000000000007,0
0.1058999999999996,0.0112148099999999,0.0,3148.535608432644,69.1063869059535,71.31516192864707,256.2007780700773,162.92606245452097,185.25535181616456,8.081638375000002,1.677100585036737,1.2267146527766508,1.414405606226412,1.092843887426693,162.50936797303498,144.8490509018709,5.317706348752731,3.490682624999999,-0.9834468749999992,45.19463456726612,60.2464331733035,1.4054084531554965,1.8831097736360884,-0.9855150449065184,0.6224196660518901,1.609282491651495,30.973762319885665,3.1640407295747446,2.730940908725639,3.1237754728205784,0.4667316957139322,0.4850721532621417,1.98709,9.334164392094287,0.5081412894375859,0.0,0.5081412894375859,1.7021836419753087,0.5081412894375859,1.844464460681392,0.5081412894375859,0.0,2.575261158594492,11.576886495338876,3.886203239655945,4.981983882030178,3.0,1.6660563421790615,2.9189061585420952,1.7803773313833573,19.668028074941155,34.93468889949922,28.135589588020856,0.0,1.896,0.0,54.57000000000001,1.853,0
0.4900000000000012,0.2401000000000012,0.0,1623.5501059999983,20.089074374999942,21.444906132075424,208.76285683678785,97.7768342509911,108.78587329388974,7.336717333333336,1.058231179417939,0.8808642513807374,0.9699789835656616,0.7437940298386672,168.69060302758274,149.4339528551593,2.0102880658436213,1.3693531851851846,0.0843202962962983,8.039094650205765,31.990425187928697,1.2200857873871451,0.2977442463039172,-0.1572149878155346,1.4175518300486307,0.3917657575808704,15.994917144230568,5.65223571626622,2.8246242639791577,2.9627208353950985,0.497468076502562,0.7402165548775341,0.9746,0.0,0.0,0.0,0.0,0.0,0.0,0.0,0.0,0.0,1.8333333333333333,5.239604119425548,4.8513922241118665,0.5766666666666665,2.0,1.2924108984132547,3.4624766037502144,2.8978428075340465,11.94597278337382,23.85736721226143,21.65859260541315,0.0,1.08,0.0,12.47,0.741,0
-3.3010000000000024,10.896601000000016,0.0,4983.644308000017,29.73238450000015,30.214253421768863,222.9284898088002,117.0329591744228,117.34927405615568,7.0386485312499945,1.0885183599320998,1.1099975791649537,1.1165856700022898,1.1240330770358005,164.32950189404156,143.71569622171268,1.427190500685871,0.5139559375000006,0.0754624677734173,5.091135116598098,48.52758465234372,1.3441340816606973,0.0795489861968452,0.0083239587437788,1.2880487129533906,1.25071740486581,31.973073005704283,5.12252040113635,3.504767803052548,3.4565230613827347,0.0,0.0,8.649200000000008,0.0,0.0,0.0,0.0,0.0,0.0,0.0,0.0,0.0,1.468013468013468,2.312171144613856,15.319303081979148,0.7512786441878954,0.0,1.079439161649138,4.920560838350863,4.632458308698562,11.690317986969596,73.49925103466042,54.46497555119859,0.0,0.421,2.0,50.6,10.964,0
-0.5579000000000003,0.3112524100000003,0.0,1871.3895949999987,46.7895643333333,29.24867354838709,259.211709939039,152.61277887165272,106.8757587994118,7.884768600000001,1.3674363802768927,1.138592381761001,0.8718707810383223,0.8548702992995002,163.03781756766207,148.81235215063754,6.429166666666665,2.0245317999999988,-0.2880195999999992,50.57083333333336,36.4423366875,1.4446697682706264,2.528541666666668,-0.6167297212266583,0.3873253474446306,0.6410313366795499,15.995919696056738,4.096048931537376,2.757286544270055,3.5835856398045345,0.3997765412296667,0.360751534615053,1.3948899999999995,6.904215797430083,1.2212962962962968,0.0,-0.8956916099773247,1.5636574074074074,0.3092592592592595,1.725648148148148,0.9120370370370372,0.0,2.772727272727273,10.380146919879063,3.1097452739984885,2.5623582766439914,3.0,1.5954618442383215,2.726466250649041,1.037744375108174,15.207122326910852,24.82315568121806,21.12175701553345,0.0,0.8699999999999999,0.0,49.33,1.3929999999999998,0
1.1764999999999994,1.3841522499999988,0.0,4359.299954432651,79.91708577967746,66.37749280958623,258.94600208157954,179.4023861528022,174.47230023304854,7.644963212121217,1.643492934818791,1.6362060031095471,1.5144002188119647,1.2549722771128835,160.96946464139194,142.5649397846273,3.895304496727679,2.97422187878788,-0.6814614848484852,46.2063663613732,69.88721712516859,1.4926099441855174,1.400192920041612,-0.8634251776227673,0.8027030128544843,1.985375614985735,31.97207274297247,4.66625915390981,3.1117069900946337,3.311038256147261,1.0231135783153174,1.4627503606209793,2.781400000000001,11.50187776448028,1.280265442596792,0.0,1.280265442596792,2.000184975224658,1.280265442596792,2.0890964348702443,1.280265442596792,0.0,2.195408950617284,12.360174739648947,5.114861373736737,4.305425887433164,3.0,1.6415000706181653,3.402894048740288,2.189055483561439,21.48890018803821,38.40622233339906,30.18302666101976,0.0,2.2470000000000003,0.0,70.64,3.73,0
8.888,78.996544,10.0,65577.661612,1840.8456926500005,2044.305637882353,476.6865461483196,546.7548141100615,554.115600748111,8.822991,5.124100000000003,5.359150000000002,5.54159411764706,5.966842857142859,132.5995898854546,129.50417176391306,2.03052905599202,1.2203399999999995,0.0462250000000018,1.9757762813318367,1142.8411857024792,0.075957582644628,0.0898080127878107,-0.0442678115078223,1.0694444444444444,8.496821185422505,78.92736024590688,9.732281249999998,3.214900282766737,2.977624862318441,11.401217485502588,19.174092515435543,11.026999999999996,24.862026597333035,24.862026597333035,0.0,2.039814814814815,0.0,2.039814814814815,2.079969831296716,2.079969831296716,0.0,1.3930976430976436,2.079969831296716,9.34092709033202,0.5149961682203746,0.0,0.9940302114769564,3.465401407160341,3.110843722624875,46.52829174442167,215.76321846463767,180.13186196315257,0.0,-0.309,1.0,0.0,9.099999999999998,0
-1.1253999999999995,1.2665251599999994,0.0,1655.094282999998,19.88757458333327,33.21544464285711,225.3498406926601,91.93740722095626,150.48655357187766,7.151934074074076,1.3067829017364436,0.8392692232975838,1.256445676168906,0.9316144549370848,164.36540948511052,147.85757633171858,2.0473251028806585,0.4296319999999999,0.1003520000000023,5.483539094650205,30.33468534430726,1.366105567761623,0.2030940405426002,0.1251981733943721,0.6928353658536587,0.1425001784821766,14.00910159590115,6.565952206804031,2.78025107209123,2.7691778776772185,0.9694160968212876,1.5801015788471344,1.5533,11.974351851851852,1.402777777777778,0.0,1.402777777777778,2.0547222222222223,1.402777777777778,2.170138888888889,1.402777777777778,0.0,1.878787878787879,2.201388888888889,6.823718981481481,0.5099074074074075,0.0,1.154173392945927,3.600714109217542,2.4454783798536064,9.285588250518211,31.26062484440652,25.24210695734513,0.0,0.147,0.0,0.0,2.78,0
1.0398999999999998,1.0813920099999996,2.0,3785.318232,158.45381657692317,26.99700431250001,302.93977140736365,198.52155427861257,104.08870494562606,8.162335124999998,1.8467145503132008,1.631275105955731,0.97309275633725,0.5711273192326666,157.42728413823716,142.73372778022818,4.2628148338667895,1.8996817499999992,-0.2216655000000003,21.99441539018441,114.17029350000004,1.2302983906565608,1.374650961886526,-0.406282202982559,1.0416447847192092,1.5716351136544071,34.970155438534825,4.7625905694380535,2.838825737686164,2.776280433492353,0.9261371539271346,1.173852222260552,2.1462000000000003,10.25843278463649,3.9501886145404654,1.7482338820301782,1.203275034293553,2.0855864197530862,1.203275034293553,2.111328875171468,1.373456790123457,0.8741169410150891,2.119135802469136,8.951604938271606,3.325258185871056,1.266913580246914,1.0,1.6774212838293645,2.322578716170636,0.9693609377704338,23.908226399069537,32.75921015341044,31.75,0.0,0.5069999999999999,0.0,20.23,1.968,0
2.443,5.968249,2.0,5855.952068000008,81.08200604807672,108.09378402702694,263.2060136189483,164.67504967871005,215.669511879046,7.966244049999998,1.455068260126067,1.2152820089861902,1.5137545162391617,1.4000539063992383,163.63964791119454,147.28557618695615,3.903216211324492,4.231629100000002,0.0218535224999999,46.32028058794388,71.91327144999995,1.37403368762014,1.158007014698597,-0.6449001905535755,0.4383594558342433,2.3551666288160646,28.29989207783299,5.196673625388709,3.318959901766115,3.7111766757598432,1.4613632390286997,1.872443094038566,4.811890000000004,8.538680533684667,4.023657175575992,1.3375851321895924,0.4485872630945382,1.9300308641975308,0.7845233196159122,2.1364052308166066,1.2346037651171582,0.7088039005611388,2.1943041526374856,12.17916528442653,6.623448103774545,2.106422745023936,4.0,1.7615056833310407,3.560422411556322,2.0902410118609214,21.95571735648196,42.52169106748281,32.42064302827746,1.6989117568077206,1.6509999999999998,0.0,41.900000000000006,4.752000000000001,0
-1.0602000000000025,1.1240240400000048,0.0,1720.9626189999976,17.8445026071428,19.59146839393934,206.43325600706703,93.43720433726352,99.42686544691884,7.168578303030308,0.9713069897245936,0.8637641189310118,0.9020172876843652,0.886168633820563,167.32070276472663,146.72657224662655,2.531144781144781,1.159840242424241,-0.0772421744719908,25.304713804713803,29.14382479522496,1.1554812668885732,0.7668095092337516,-0.4255325684127153,0.8309646402898493,0.2492655790987186,15.994917142939308,3.9529962385321378,3.110875807443052,3.403334038323649,0.2886751345948129,0.2041241452319315,2.975300000000003,0.0,0.0,0.0,0.0,0.0,0.0,0.0,0.0,0.0,1.9848484848484849,8.511012403418157,6.14549809510687,1.134741512345679,1.0,1.064794829694994,3.9795992896634593,3.325710329778209,9.101528875984172,30.96366024813429,35.84297630471646,0.0,0.403,0.0,20.23,4.204,0
-2.2416000000000027,5.024770560000012,0.0,3086.218197,31.584706069444444,31.29211169696965,236.9755375994129,123.87507930126476,120.52316230051774,7.360414939393945,1.102845962703985,1.0879584510288038,1.069017624970818,1.0795374454154048,164.00589276555553,145.40508588406365,3.119632539385626,1.464326909090907,0.140116272727275,36.53493785592551,51.72788942148754,1.446578704491084,1.1071193289674397,-0.4991711194750804,0.484944608218486,1.0171244600138252,28.29989207783299,5.196673625388709,3.2820949138128026,3.426151880562128,1.4613632390286997,1.872443094038566,2.0226900000000017,3.92914015915008,0.0,0.0,1.772311849122365,0.0,0.0,2.1568283100277146,0.0,0.0,1.986772486772487,11.232868909539633,6.378931024638222,1.5966488491830202,2.0,1.4454737993451687,3.598920320013285,2.636261918350991,16.274779851147937,34.29321171991518,23.81539497361696,0.0,0.2029999999999999,0.0,20.31,3.634,0
-1.9242000000000008,3.702545640000003,0.0,2159.851365999997,18.821697351351297,20.250613989247256,208.8984047731036,97.92000179455464,103.03836725120486,7.13084323809524,0.9788682316671504,0.8974844375530875,0.9311583609178044,0.9235261750709514,166.93981361074935,146.20411381559637,2.2923280423280423,1.212625904761902,-0.0728094784580468,25.989417989417984,28.66622642630384,1.1690667735671816,0.6187956664147138,-0.4019268102083269,0.8303850296870495,0.2492655790986049,15.994917898066426,3.952995434879675,3.306956571784033,3.5081428494138667,0.2886751345948129,0.2041241452319315,4.145600000000004,0.0,0.0,0.0,0.0,0.0,0.0,0.0,0.0,0.0,1.880952380952381,8.590889558407978,8.271957792896634,1.1305670339761251,1.0,1.0420399429347813,4.35027747984398,3.7836020850332015,8.730707012690186,41.98627173626441,37.76712994946942,0.0,0.403,1.0,20.23,5.911000000000001,0
-3.883800000000002,15.083902440000015,0.0,4715.576199000016,31.91801148684226,28.13759364788736,239.99081447534897,125.38443433568264,118.50759936720996,7.379949879310338,1.137518447735585,1.0648430930101604,1.0238717654031135,1.0716212951757762,163.56501646951835,143.3452016580406,3.843285854500733,3.2329707758620723,0.4960671896551626,91.93793014758047,43.9353228718787,1.3245264868794724,1.585136726682422,-0.6041236146416814,0.3025402518177621,1.373155439728862,31.97207219107096,5.117552880790584,3.5697525897642635,4.000284085813352,0.6539975881776939,0.6390249644453877,6.690790000000006,8.025801238669185,1.2787253271290062,0.0,0.1212445391474341,1.5432020733068557,0.1212445391474341,1.830335882463234,1.157480787981572,0.0,2.214891975308642,11.120842285966074,11.491408401390464,5.8825317368111065,3.0,1.3033743399133952,4.554606655214177,3.4810517046095417,13.575634357562812,63.43928122804767,37.4107284820265,0.0,1.097,2.0,62.75,8.946,0
-2.5803,6.657948089999999,0.0,15061.765797999982,100.5691974176709,101.97186778346467,297.85846179003937,220.6668739492561,213.0242547570987,8.33071964000002,1.6816393181519569,1.549010827690685,1.4699466790544466,1.4414867778157443,161.84766628667367,146.6547524231892,8.174478737997255,12.295303360000023,0.3455874783999997,331.40869341563865,54.77394957960006,1.7456000426676324,3.3140869341563866,-0.6530663350970988,0.3914757872007516,7.166889122835983,31.975314117578908,4.032542045472244,3.927166685507976,5.039074157366272,4.01861885924285,5.277122147530078,12.512379999999968,22.68936804927281,1.0753058429435929,0.0,-0.4740006359080408,1.0878312966632553,-0.4740006359080408,1.681849772987221,0.5749119440286821,0.0,2.8251964085297416,12.386511476012778,8.082810820734304,6.911577973258433,23.0,1.9595619855462545,4.684294204228471,2.6709358392980094,23.60190798000995,120.6565926680741,60.90498844419481,0.0,7.181999999999999,3.0,395.43,4.4510000000000005,0
-1.0030999999999997,1.0062096099999993,1.0,10502.192456999994,104.92265896590916,101.53961006024102,316.7417644298733,237.45406090555764,224.3565766745112,8.036903921052629,1.7690840212586636,1.577354212730057,1.4872028119065643,1.5041062921259467,153.8818426987102,141.74261466706952,6.366825951194858,3.814327710526312,-0.4556660034626039,86.3255653923904,159.8340745408587,1.4195163625626648,2.271725405062905,-0.3817697695499438,0.6182762469480145,1.989244613419032,78.91833747804962,5.683908858085439,3.675437751919665,4.134408493934807,1.80493358181457,2.3514301305724787,5.144370000000002,16.73821869113929,2.1871324851794647,0.0,-0.4216361000578168,1.2855816562736204,-0.3179315971930609,1.9736636012429665,1.2995292532733569,0.0,2.496082621082621,12.884731074400989,5.315820222877267,2.088302766724484,3.0,1.6306087790646089,3.617318734378976,1.995093092845397,24.67888727992222,60.92913369851125,32.380992983889044,0.0,1.0330000000000004,0.0,89.62,3.981,0
-4.363999999999999,19.04449599999999,0.0,5371.475328432661,47.08846862573517,48.33422950157453,244.7152005460092,137.0780987971521,146.98585451898185,7.325400621212112,1.2017367713327771,1.204364291866534,1.222026876943649,1.2552232744948064,161.78994775319413,143.23960601560893,2.279974399792263,3.2486082575757464,-0.5170417766299531,24.321117297550007,41.55425440461195,1.349061087006265,0.3685017772356062,-0.7758164996206728,0.6907292361300058,1.3600169125526804,30.9737631507266,5.117186768415339,3.586333195878196,3.534426170765362,0.4955458414530505,0.7343967701297144,8.72048,21.45703701598636,1.6897986676272525,0.0,0.8448993338136263,1.967046374643948,0.8448993338136263,1.9897603321923207,0.8448993338136263,0.0,1.870654179083298,6.117589015701598,14.686008064293798,3.689425757745673,1.0,1.2928628045887152,4.751531314769738,3.5890041251692595,12.916639857661847,79.03786638560737,43.138078638960565,0.0,2.004,2.0,41.28,11.266000000000004,0
1.9324,3.73416976,0.0,2551.954975999998,28.385199207207243,30.52848984705887,244.3529158418773,123.97594098024786,125.7690290893809,7.406664888888893,1.3805836202551485,1.0357204504861235,1.0575973736508095,0.9767942329699076,162.34379437083282,143.78667570364584,4.192322530864197,2.0788675555555525,-0.10795111111111,57.21045524691363,33.435958172839484,1.3012365060908015,1.5891793124142677,-0.7003643055417903,0.3236453229999426,0.4985311581973803,15.995921678270353,4.140827475187466,3.3003210385174806,3.730064621951921,1.7830295200426045,1.6649903970932598,3.4811900000000024,9.856890077790377,2.363081538170824,0.0,-0.7362056327160482,2.0278009259259258,1.0860185185185185,2.0872061602418746,1.2770630196523056,0.0,2.380208333333333,10.729837805492568,6.78647460518235,2.402872299382715,2.0,1.2326602568158207,3.937264744626492,2.350093303725772,10.53887811850195,34.87700740850986,31.15713551383456,1.1110476136047165,0.524,1.0,37.3,5.948000000000002,0
-1.0941999999999998,1.1972736399999997,2.0,8238.622395999997,138.85974245238097,131.05708583333325,320.11957698633245,232.6629371280144,207.7979038678344,8.818333764705882,1.9581492172777768,1.747770239591642,1.490260796903404,1.7219353749232662,160.49632658210265,146.3119371990314,10.35452865416857,5.423280235294117,-0.3256281245674751,151.03049212368995,94.58984763321808,1.632685790721937,4.442073297755587,-0.6194048192884708,0.3795091972609052,4.353680770978016,34.97015790269291,6.9059863281250005,3.685079297762729,4.012656639095525,2.146649107523384,2.607246407599189,3.961290000000001,7.427863747865404,1.6085952503429377,0.4822671955727877,-0.2712654320987651,1.2480852999636067,-0.2712654320987651,1.661548948797626,0.6038503086419755,0.2411335977863939,3.028034979423869,11.63810388535844,2.2097363598686504,6.4522978400894,8.0,2.2125038423722683,2.874958998878072,1.4705882352941173,33.41259974520367,58.35087167662312,54.91269758515197,0.0,2.7070000000000003,0.0,177.53999999999996,1.904,0
0.0,0.0,0.0,2610.9790739999985,49.345770647058885,44.28239915384619,296.3720783580547,193.25245443199444,177.4769955133735,7.180868250000004,1.6092425944857724,1.5079237180660272,1.407636726275167,1.281425842099713,152.22329806123398,137.63537617001765,2.5347222222222223,0.1867634999999998,0.0090787812500005,7.097222222222225,29.79358815234375,1.345373044422994,0.2217881944444445,-0.0674997416553902,1.0245705588171334,-9.947598300641405e-14,12.150236622295475,6.6615561523437545,3.5431450598783574,3.5715980754760426,0.7698003589195009,0.9851139337538268,5.117400000000003,34.666666666666664,5.041468148987992,0.0,1.2595195578231295,2.0434902263374486,1.2595195578231295,2.1782407407407405,1.261214516670866,0.0,1.9259259259259265,2.1782407407407405,9.866227986583525,0.4071471088435373,0.0,0.9886994082884974,4.011300591711502,3.581435556800404,6.128871424445239,60.13465771678023,44.0,0.0,0.301,1.0,0.0,10.522,0
-0.5152000000000004,0.2654310400000004,0.0,1813.6497709999987,44.94962804651159,41.48958651612901,244.99887350798733,142.93621646592317,159.79802429103347,7.635555454545456,1.2511311738393964,1.0765163080973963,1.232824723354839,0.9085981911798668,166.19911056405635,147.86776339622278,4.732323232323232,1.486198,-0.0044799999999995,37.31818181818185,35.21111826652894,1.4834441582308429,1.6962809917355386,-0.6961279555209375,0.4080603457486589,0.5342659360630542,28.29989207783299,5.196673625388709,2.902524645035294,3.304848454060681,1.4613632390286997,1.872443094038566,1.55399,2.814814814814815,0.0,0.0,0.6342592592592595,0.0,0.0,1.4363888888888887,0.0,0.0,2.484848484848485,10.864444444444445,2.780178425925926,1.86,3.0,1.547897627500467,2.9115339911368303,1.6917854976760744,14.518413301929463,22.468873608309604,20.179243921443607,0.0,1.4089999999999998,0.0,41.79,0.48,0
0.5755000000000015,0.3312002500000017,0.0,4651.892452432653,76.39695501065127,62.70980919678959,252.5948291710989,164.13475479364996,173.10355259425776,7.544581384615386,1.5727713253035045,1.5465981939078377,1.4810006510933418,1.4106183412320936,161.67311931904948,142.83902348523856,3.579502665322281,3.0621074358974347,-0.6598562820512807,47.9280924773038,64.61724781828308,1.454612132254716,1.2289254481359948,-0.9085847097577336,0.7079948408681577,1.9853756149857416,31.972072843466627,4.980636749367224,3.293036625212521,3.418138303216752,1.2565424245772692,2.299492059756049,3.5584000000000024,11.525668916743651,1.2759192596791804,0.0,1.2759192596791804,2.0043002015621063,1.2759192596791804,2.09589915595868,1.2759192596791804,0.0,2.155178326474623,12.78100807298228,6.2833667427423645,4.479422801013411,3.0,1.564908123571181,3.720494095291068,2.544084126894196,19.90806110473404,42.88737410649684,35.4118853174506,0.0,2.283,0.0,70.64,4.65,0
1.0326,1.06626276,3.0,5543.068518000002,243.42730596,225.4831045882353,333.00052251869465,268.9060942168902,217.5983774191278,9.295754187500002,2.2133173902222225,1.9407363524,1.565573415294118,0.9929352548888892,163.33625458052796,153.1348853591094,8.443701417466848,2.4853714375,-0.9023237500000012,49.36534064929126,118.71104681250004,1.4673796979741829,3.085333790580704,-0.5224424266149146,0.4559816940421066,2.767085816995319,34.97105790897557,4.454963010739468,2.8000889253891463,3.9601408564340232,1.3804526538522996,1.531798684246502,2.29059,2.7615946502057627,3.711258573388204,1.719743008314437,-0.9496639231824416,0.0,0.1819924554183816,1.1267146776406038,1.1267146776406038,0.6726133786848072,2.618233618233618,10.777150135774477,1.404115431398897,2.6163305898491083,4.0,2.186278124459133,1.813721875540867,0.5471804688852169,33.9078568118703,42.09379608685394,30.25,0.0,1.0,0.0,76.21,-1.4979999999999998,0
3.3816,11.435218559999996,4.0,8214.571436999997,116.0561121964286,151.9732392592592,312.7890621106579,214.18889264887707,216.63402818672387,8.511953814814817,2.034639032486982,1.6004843936320712,1.6757302523479989,1.7056390636730918,159.048614148183,145.31024142080716,4.430181219552123,3.639286,-0.5967115555555552,43.675757280676514,137.1188211111111,1.4162023076616153,1.617620640025056,-0.5538704944923588,0.5219859495492738,3.9111291082239177,34.97185637137298,6.450374999999998,3.245975046776952,3.729981724293536,5.761534234422168,4.743742932216459,4.65287,7.042994064338129,2.8402754332185567,4.427363358466386,0.419990569272977,0.0,0.419990569272977,2.101359315559786,1.0001471473363013,1.134934198759522,2.0156035665294927,10.385953080820803,3.746758415217939,1.97264060356653,1.0,2.09753172579849,2.65735577636498,1.244801499053215,33.71841800196253,55.08293143112294,45.79939076670236,1.8505358624357668,1.316,0.0,70.69,3.371,0
-0.2319,0.0537776099999999,1.0,4553.119625000004,146.7552996,142.1728028064516,316.31845837928864,247.2730742901287,221.2477543963504,8.535794571428573,1.8562876568975704,1.8910608476636743,1.497674751806452,1.125192974881636,156.84467962809498,144.031614414575,8.303325567385922,2.9083852380952377,-0.4226820589569161,74.36371125191425,82.18782132426308,1.6058384059509516,3.541129107234012,-0.6586865687788207,0.5037984681980069,2.1768403854889904,28.29989207783299,5.196673625388709,3.165505459807216,3.8403379831012345,1.4613632390286997,1.872443094038566,1.68908,8.2808037813891,3.268355624142662,0.661567425324039,-0.934367878838778,1.974804264298312,0.9357784636488344,1.9880103440553176,1.1716820987654324,0.661567425324039,2.6551440329218106,11.694353566529491,2.68280918393592,2.6010345455054447,4.0,2.068794207565845,2.323523215212916,0.6433226192536647,30.15187165883604,32.01589372599328,26.16342834619636,0.0,0.888,0.0,57.61,1.234,0
-0.9399000000000002,0.8834120100000004,0.0,5725.866754000009,108.64215110638298,95.26930273958332,265.33057139327275,209.68144404197383,199.7657269036072,8.345089840909084,1.5911765411568377,1.3846743804223196,1.3399278501067189,1.231170144547929,166.40348322334847,150.3999219028378,7.415897010225714,5.764156977272721,-0.2472094767561983,127.65131835328606,49.38268857231408,1.6214254355285975,2.901166326211047,-0.7427753728213153,0.5671371731901764,2.833453069435876,31.972072407354084,4.76410945904584,3.545737080239718,4.560104684798988,1.4043232038643654,1.709012895584389,1.5420900000000013,3.4882355021388225,-0.2211015396873967,0.0,-0.9736731019568324,1.2443953136810275,-0.2518446082136558,1.495015552262125,0.2856067069721473,0.0,2.8329903978052124,12.71351599899219,4.160544409707133,6.487733582544816,10.0,1.9319397387703137,3.527491879866984,1.6312372161549389,22.11471578157877,43.19670296628784,28.499125639973045,0.0,1.505,0.0,149.05999999999997,1.3239999999999998,0
2.0182,4.07313124,2.0,4817.586958000004,94.55030353846156,85.56249964864867,291.62849223275776,195.47986918556737,179.6356222021518,8.178726800000003,1.5966364102853172,1.3837831324678216,1.2634675666160005,1.5834572790739605,159.09833101028167,145.7262465121,4.858201493674744,2.9076821599999985,-0.2375577599999998,37.94702941624756,86.1201541536,1.390197948147225,1.5178811766499023,-0.7681053381002998,0.5501140731561234,1.963400871235244,34.9701559820394,4.4471806728833485,3.0770752658772973,3.627802544945072,0.3853420350188779,0.4749137716026508,3.40837,15.029492117212913,2.0346511054039382,1.6870592695561295,-0.4443940189244422,1.844205640589569,0.7790200510359608,2.9008382499090173,1.2556310543679774,0.8980913996559372,2.2932098765432096,11.309371378180902,4.548980718630314,2.111060685591109,3.0,1.8205332770550813,2.823322912719643,1.04,24.246030633800945,33.38101942183736,26.21162864346637,0.0,0.3230000000000001,0.0,38.33,3.202,0
0.1203999999999997,0.0144961599999999,0.0,2992.006337432644,22.58692073913044,4.713072,240.31188749750416,110.91213172075275,58.96803507745969,8.053525733333332,1.836902382444444,0.9677357397391304,0.6675900398993336,0.444612904849,168.82486914301282,152.19221771520714,6.251151374282375,2.068965733333332,-0.8034516844444434,43.49761596301379,110.95065160859114,1.682990519004194,2.89984106420092,-0.988150220682206,0.7485502100612528,1.878610214369236,31.97267807371132,3.952744741969609,2.6510351606548754,2.927561224380057,0.919818527419036,0.4889382199529131,-0.2791999999999999,0.0,0.0,0.0,0.0,0.0,0.0,0.0,0.0,0.0,2.7799823633156966,10.72505144032922,0.883241898148148,3.850480109739369,3.0,2.040223928941852,1.8666666666666667,1.1673183336217958,31.379944271393672,21.13811687390276,8.21250949233407,0.0,1.313,0.0,87.42999999999999,-0.5450000000000004,0
0.4084,0.1667905599999999,0.0,692.8246200000001,8.571528,0.0,229.81568157950792,56.548687528198535,0.0,7.855889999999999,0.8185724538183752,0.4896904454244999,0.0,0.0,163.18812027118702,145.63174734951428,8.75,0.90867,-0.00133225,29.5,37.4910135,1.2856475810419363,3.6875,-0.3280503930320357,0.9227871939736346,0.2492655790986924,15.994915398996234,3.244498207041188,1.1872217397849452,1.4807605965035804,0.0,0.0,0.53138,4.944444444444445,0.0,0.0,0.6388888888888888,0.0,0.0,3.111111111111111,0.0,0.0,3.5,9.055555555555555,1.5026666666666668,1.3611111111111112,1.0,1.4056390622295665,1.5943609377704335,1.0,12.869674245254796,11.75,-0.0,0.0,0.446,0.0,17.07,0.293,0
-4.993200000000002,24.932046240000016,0.0,4011.785144999998,25.69854716265078,25.14989148148149,209.1324266734367,112.4189316991092,109.9392780200722,7.312087333333325,0.9856829316804692,0.9729883653306232,0.9550469401835334,0.9522619310479488,171.85761488309407,155.23686073891537,2.6826599326599325,2.224258484848486,-0.3643840229568713,45.06902356902352,31.75946715909089,1.2939107988357688,0.6828639934700532,-0.7232553564518469,0.34305197929906,0.997501249374892,14.011264242234398,4.964567253413658,3.409053359295809,3.672832071390448,0.1037356639774558,0.0733521914493481,1.9087800000000028,0.2795922934255537,0.0,0.0,0.0777042045640163,0.0,0.0,0.2018880888615373,0.0,0.0,2.0933333333333333,7.053163160654842,9.04495076717057,1.5889624621026504,7.0,1.2812158364841155,4.763178282874337,3.61408068201486,11.372207714269257,64.2973101937475,34.37484622347376,0.0,2.9960000000000004,2.0,138.33,3.5169999999999986,0
1.2515000000000005,1.566252250000001,0.0,2621.494672999999,63.6244315192308,60.603592510204095,273.2926025526172,190.32963492842848,193.98269020581188,7.450405466666671,1.4935257133221471,1.393935299300788,1.407275758150939,1.4566581772083398,160.4256883335079,146.4062559168097,3.0953703703703703,0.8959878666666661,-0.0292063955555548,12.2824074074074,31.9903648322222,1.6436300073578098,0.4094135802469134,-0.8260824320072742,0.5882674215558825,0.4275005354465335,14.005095326699871,5.099854909728508,3.274423975854053,3.4631039930060723,0.4388157400603703,0.6139752512169712,4.164390000000003,20.64633645124717,3.177842498110356,0.0,0.5777314814814816,1.8677314814814807,0.5777314814814816,2.9334097064751825,0.9662107898715044,0.0,2.1274509803921573,4.322769274376417,6.463263219954648,1.0889351851851852,3.0,1.3681048373817144,3.5387857582268043,1.6176441670993604,11.336006536239475,35.096470045289195,23.025312969772173,0.0,1.469,0.0,37.81,4.474,0
-0.0702,0.00492804,0.0,3940.798958432644,67.07285119481818,69.39236752794294,239.1469389441273,153.0322202181634,150.12573131096272,8.208405083333338,1.85266038919256,1.258067112856772,1.2834873165455438,0.8813629147457247,167.6387202132162,149.9936517033305,6.595627016333892,3.6771613333333306,-0.9610033611111106,71.55415483856629,85.29540474967855,1.5125968444907203,2.981423118273596,-0.7753303254123889,0.773520946322632,2.377141372566616,31.9720725601342,4.242096216879305,2.787805764841809,3.217592687360588,1.0905056232329595,1.0145855337677765,0.1203900000000001,-0.0510365226337443,0.0,0.0,-0.0510365226337443,0.0,0.0,0.0,0.0,0.0,2.8022119341563787,11.564731145544638,1.1653161427976535,4.344152091906722,5.0,1.9754128972590443,2.6095496034621126,1.7522394918754285,27.75286808682573,27.985391638549007,27.03333385816308,0.0,2.7870000000000004,0.0,99.74,-1.052,0
1.783500000000002,3.180872250000007,0.0,4478.3187800000105,59.6194848971963,83.92625842105251,234.72320240388,141.5295103894773,195.1486604089736,7.800894348837206,1.3776013960128688,1.0551467573136817,1.526247730492052,1.4637198498858188,168.0269509197925,151.08501892418144,4.647528072861836,3.800785162790696,0.0821557906976755,75.69330797205482,50.68568541049215,1.4968056418896254,1.7603094877222052,-0.7146895280015283,0.5165330069116344,1.943156153657739,31.97207206290391,4.778566744222278,3.31095038949895,3.943049751931512,1.708843408368192,1.7248335104711063,1.832670000000001,0.8879432791635189,1.3247564195431265,0.0,-0.2274454889980681,0.0,0.6333878443352652,0.6913685752078612,0.6913685752078612,0.0,2.431657848324515,12.180239906147644,4.441191717030949,2.433425925925925,7.0,1.7293322093993488,3.696932545302749,2.5606394327911755,19.54398274569668,36.15833412818789,30.189293647768988,1.3731780959380786,1.576,0.0,102.62,1.734,0
0.5587999999999999,0.3122574399999998,1.0,4799.778083000007,56.22801245871561,59.13103855357146,283.8418390153508,182.6223698526346,181.68200015128224,7.569899048780485,1.562212559778248,1.4007760224993868,1.360806130500663,1.393863194180207,160.14176900436908,144.75793360507683,3.5050411057951454,1.7371995121951225,0.2049548042831652,32.263372626867564,49.578327230220125,1.6132412247890118,0.7869115274845747,-0.3086926031621872,0.563235632437088,1.231185481206495,34.96938045296725,5.294641737230703,3.560824162394647,3.83032255248714,1.6918858654739164,2.1593286500623963,4.092090000000002,28.207502133385653,3.7124880022532807,0.8826939235750813,1.0313295905925242,1.5115877378482596,1.0313295905925242,2.5712446878042483,1.4098499901440018,0.8826939235750813,2.1081532921810697,10.04594440245234,8.759464716696248,1.864928941484001,4.0,1.4990766129916473,3.858475391626437,2.0510450688370243,15.857719452680795,48.67088041287086,28.07554578290497,1.144714242553332,0.813,1.0,54.5,5.869,0
0.6661999999999995,0.4438224399999992,3.0,4915.897227449318,82.51583703694386,83.26956514475607,273.7476077367128,203.352747070726,198.2221010698076,8.448409809523802,1.5122664468862976,1.3220081398178865,1.29335856503068,1.210882801178751,169.1592363701901,147.46869582886978,8.64831349206349,7.906923904761911,-0.3897708548752838,156.1919642857144,40.5559005638358,2.911866845136041,3.7188562925170094,-0.4907863882413538,0.4687715754740647,2.242929413629213,19.001260414020024,3.46926346418111,3.3658420061800705,4.396946564885499,1.0219189391952566,1.260020066909524,4.170970000000002,10.724516165702587,-0.1839178655022351,0.0,-1.043690963784759,0.8586216893909895,-1.043690963784759,1.7117663454270595,0.5559367913832203,0.0,2.9711538461538463,12.722877319199815,8.599166100777461,5.808994752158082,4.0,1.7777093863948297,3.614608036383931,1.884791891874528,18.953273398281823,50.6239625885938,29.29301446441728,1.313814579000539,1.142,1.0,57.650000000000006,5.878,0
1.6693000000000005,2.786562490000001,0.0,3555.995926999999,40.86098208870974,36.1841716603774,265.11760046954345,147.94374829416338,140.45731107039202,7.386033688888886,1.4779139845734723,1.1720245660622188,1.1325945581082046,1.164683081973154,160.2668195056884,143.38529313071922,2.671141975308642,1.6918672000000008,0.0659788800000005,17.193827160493818,32.65844021432096,1.4743400846829584,0.3820850480109737,-0.5178298678336503,0.8059584500131644,0.5342659360629511,15.99492067922261,6.690094601554543,3.4401903749502423,3.5113449086035846,1.8608919060008624,1.9827405367292688,5.359180000000005,23.370133269283663,3.279848310459782,0.0,0.654547850004199,1.5513806978255031,0.654547850004199,2.2037883177962545,1.350891499340273,0.0,2.0036231884057973,5.869608253023431,10.37048355020571,1.060610969501853,2.0,1.3463851517126126,4.145467944617062,2.430887307799521,11.495871754023105,48.151949635085096,28.07047646952116,1.0164628412224452,1.021,1.0,35.010000000000005,7.847000000000003,0
2.6106000000000003,6.815232360000001,0.0,5088.9514940000045,80.0812735,102.38919604545454,271.9873845517015,171.1219802613583,165.986311359336,7.738246888888889,1.5879091242058188,1.7618387674676437,1.713442698374773,2.168013929956856,157.68433305413294,149.26984741265065,2.056995038019272,0.7548831111111103,-0.2662524938271597,3.896780639807616,143.52934520987654,2.353831849761728,0.2164878133226453,-0.7235663852840057,1.7094976353193403,2.78643516669613,31.97525095240895,8.004898437499996,3.0527693037982977,2.8355926061246843,0.5809475019311126,0.4107919181288745,0.5949999999999999,3.335182035777274,0.0,0.0,1.667591017888637,0.0,0.0,1.667591017888637,0.0,0.0,1.6419753086419753,3.443998628257888,1.8548681085355951,0.3432253086419754,2.0,1.8365916681089791,2.333333333333333,1.222222222222222,26.65968951487828,39.26349446271374,39.26349446271374,0.0,1.295,0.0,165.84,0.54,0
-6.609200000000001,43.68152464000002,0.0,9864.53355899995,29.918522965517184,31.737663579439204,223.5154783971733,123.72004090424116,125.2601165047352,7.237365053892245,1.0183598870792712,1.0329397662780158,1.037844693794025,1.03260576145503,165.09833426626824,144.7285288593168,2.591982701264138,6.744489772455099,0.1683740944458885,127.4677312042582,30.956652771486883,1.230208010168769,0.7632798275704084,-0.4762878688387231,0.5313590462117604,1.495593474592738,16.000001420408857,4.44113316005468,3.620848497860357,5.095408434367075,0.3975046341691385,0.4491850466091677,18.10955999999998,13.152044241195302,0.0,0.0,-0.3201546036058691,0.0,0.0,2.3476130638342463,0.0,0.0,1.933862433862434,12.813654036977995,29.70338287113504,2.114117407682607,6.0,1.12723581044776,6.256468482026293,5.360928117918611,9.538355188824992,165.1883178469148,82.41948753874458,0.0,1.1860000000000002,2.0,78.9,25.155999999999995,0
-0.5919000000000008,0.3503456100000009,0.0,3084.5469389999994,59.94224664772728,45.455848040404106,268.23052787647424,193.2529127893007,158.96618514800682,7.648853371428576,1.5106330974198654,1.4096140749897026,1.2366573177674722,1.0311089968348843,161.54229917037097,145.18396669769328,3.726388888888888,2.42803474285714,-0.1589480424489792,34.0329365079365,34.50358354285715,1.495302050047261,0.9723696145124714,-0.4105521906810548,0.9337493737507276,0.7835315151617195,15.995924203056504,4.790218821185916,3.525555963334236,3.844954069872212,1.5098242816644618,2.10204259468134,1.557300000000002,14.808255857898716,2.402292086587722,0.0,0.7524692932728646,1.4770233896027547,0.7524692932728646,1.906898148148148,0.8662962962962965,0.0,2.2149122807017547,11.136483371126229,5.743101947436382,2.242528344671202,3.0,1.5120441902556014,3.617238826689365,1.7043281272686643,13.88516916644981,34.4132675100453,27.32674763586549,2.8284271247461903,1.527,0.0,55.24000000000001,2.0490000000000004,0
2.7596000000000003,7.615392160000002,5.0,7189.657721449316,131.38115607046672,127.49261620926822,280.52965116605355,243.37249534915205,211.93632473905245,8.882286102564096,1.5298403428901932,1.6047900567638889,1.3960122299261328,1.2881204941827258,172.23361081151378,151.03865125901748,9.022351384834236,8.249527230769225,-0.5678153136094692,153.9477936837334,72.11290181324027,2.947944195362708,3.9473793252239338,-0.4469750050406974,0.6000296827013455,3.707799126667183,34.969854977551016,3.1444221801757832,3.28910088881105,4.825888127089813,1.496979608488206,1.9766639508222847,5.264570000000002,3.3735156290387853,1.1591434403617262,0.3965022209800677,-0.5340601904341982,1.3107028866073178,-0.5340601904341982,1.4335163139329803,0.6428471959771564,0.2885039138020837,2.8791547958214627,14.478196505730477,6.721693753321334,4.325351463965974,4.0,2.119659583679545,3.165742635182704,1.3540675719788149,28.45468953024418,42.7841247103981,31.207918368959188,0.0,0.978,0.0,62.58,3.149,0
1.3459,1.8114468100000003,2.0,3363.47258429954,104.35158536312898,99.47567295249776,309.2668451091918,246.78364195253303,220.74399499814768,8.745986666666669,1.613328601178637,1.5587852910599556,1.3544026043299784,1.1498311888565,167.98036675543727,148.25815338426153,10.102141203703702,4.5686800000000005,-0.4903579999999993,94.52748842592597,33.20426805717411,3.431165746671684,3.938645351080248,-0.712543138595947,0.3706457338588399,1.5191094609966314,18.99940880768777,3.526218750000001,3.0021557666128262,4.347169811320753,0.8626088428097879,1.238096000379752,2.507590000000001,10.690312263794407,1.1403065948601678,0.0,-0.0568518518518514,1.3873464663643236,-0.0568518518518514,1.9708385298563869,0.4959722222222225,0.0,2.976851851851852,13.023776297556058,5.411145304902053,4.915128613945579,2.0,1.896240625180289,2.688721875540868,1.098521999025012,21.14143146742,36.3239321987752,26.00977500432695,1.670812654895672,1.0389999999999997,0.0,58.040000000000006,1.881,0
1.0057000000000014,1.011432490000003,1.0,5154.0589124326525,84.7051280831646,75.57851554790588,232.5264237841104,179.8273434954788,157.4154028256482,8.065325459459459,1.5160380240951987,1.3893852206505817,1.2069848370139755,1.2120532719395103,167.5136631393576,149.0250266236695,5.20246918729429,5.181305675675668,-1.0462959006574144,77.74844803651378,73.69424767526601,1.276487309514227,2.1013094063922644,-0.8254578806862405,0.5591627004479189,2.662233016510214,34.968853678208234,3.3543436670261606,3.2720563578142285,3.4609686877448884,1.3628852322606988,1.4791090323495175,1.92268,0.8757815605666146,0.0,0.3134764914196126,-0.0637889126844144,0.0,0.0,0.5768750000000002,0.0,0.3134764914196126,2.564300411522633,12.08060234175975,4.061539275128776,5.208689067705271,6.0,1.816492712149529,3.3929606534794208,2.3975843987953547,24.11667337833153,33.46260609389314,31.45785423628984,0.0,2.5620000000000007,0.0,74.88,1.077,0
2.220100000000001,4.928844010000004,0.0,5895.664658432653,109.71996949235006,79.72979558573341,254.3549834204424,222.219912154596,187.83858746447032,8.00838786363636,1.543010687798578,1.706472986900001,1.4004263177044007,1.4002583196970215,164.81252539872,148.67241873440892,4.236737444749275,5.120482727272718,-0.7726208347107425,57.066481646021245,61.98798873772917,1.581523519414162,1.2969654919550282,-0.6387133107735943,0.6337235812357878,2.911407308629577,31.97207318682597,4.764801728913008,3.369599649032614,3.673119819508887,2.023960225368538,3.0095505669052,3.114400000000003,4.95282862699051,1.4108039301111397,0.0,-0.411059824480614,1.6110749104168416,0.3879012870580332,1.737806043713782,0.5901235092802557,0.0,2.31005658436214,11.95919108792143,5.572578881851192,4.030443436931149,7.0,1.9115666462928889,3.5478649723444087,2.0129187506883754,24.0411223334059,38.03981517472921,30.831046763707928,0.0,3.1700000000000004,0.0,126.08,3.322,0
0.3921000000000014,0.1537424100000011,0.0,3785.500070999999,44.68996537500007,45.95318976000007,235.38818499031748,141.43830804436666,142.7054647665654,7.535386274509798,1.23578562353373,1.0712929829787594,1.0573983125421758,1.1700606806378218,165.46718920247983,147.96844041721576,4.097494553376905,3.5294585098039164,-0.101348705882356,75.51633986928114,34.74940258823531,1.3438836537925234,1.480712546456493,-0.8057836056881704,0.4520162847365545,1.0327970942603173,15.996931268666524,4.621666284419149,3.342432587503312,3.8920632551249614,1.5675560595827285,1.6115711820524894,2.3079100000000023,9.412057503551392,2.195966762081863,0.0,-0.5723713280333038,1.9911868543713784,1.0242713582346523,2.01008995702403,1.1716954038472105,0.0,2.369565217391304,12.47525258251449,7.364827062125695,2.2390379946999706,5.0,1.4289062175452605,4.243519124426236,2.6611203153815164,13.2538054144484,43.91841154417459,26.89678680083533,0.0,1.1300000000000003,0.0,67.42999999999999,4.808,0
2.4161,5.837539209999998,0.0,3127.0660809999995,58.238990404494494,67.37027055882365,256.6161180793524,147.79867054424375,157.87820809409334,8.38581310344828,1.4640900537499986,1.0320417706041778,1.0534206063138087,0.8716810255940178,166.78248068356856,152.06345673562245,9.81633141762452,4.364397793103445,1.1532488275862058,125.61590038314168,39.21720585493461,1.4004275186092692,4.331582771832472,-0.2796200996415934,0.3537332748003545,1.5313282524578256,16.017071355327605,3.880043095460775,3.0014783834590903,4.161225726758142,1.616327678984693,1.927673112900937,3.156580000000003,0.5161574074074089,-1.393472222222221,0.0,-0.6489583333333331,0.754537037037037,-0.6489583333333331,1.1550925925925926,0.1790740740740746,0.0,3.28921568627451,10.698715041572184,2.347590060941044,2.8357407407407407,0.0,1.7597578423012163,3.0982231528263564,1.5615245694877338,17.606518678400818,34.489320150112675,28.576256022262523,1.9419670868292933,-0.0999999999999999,0.0,106.51000000000002,4.259999999999999,0
1.229899999999999,1.5126540099999983,4.0,5605.031571599086,83.69333342574011,74.71923572634283,278.5284844169706,196.534337604849,177.5659775943233,8.728633648648644,1.3748955566593506,1.346944778891737,1.2665474797987364,1.0805214340607765,175.81672616676587,151.7409426562816,10.706736829422011,7.792089081081081,-0.2718606238130041,184.1566566566565,55.05992253582355,3.771977988885829,4.977206936666392,-0.5199856500880637,0.4599229263771309,3.022546287746806,31.97319878124886,3.823201171875001,3.406391476898041,4.749368105112837,1.517895672304682,1.8237474194781047,4.896970000000001,4.02859512398256,-0.861529245721337,0.0,-0.8525932749643064,1.2221753226027117,-0.8525932749643064,1.449013326723915,0.4762655370790296,0.0,3.148533950617284,12.996275130373846,6.32761748256936,5.728069576241162,4.0,2.069897345445055,3.1395560201838952,1.4401138517606564,25.748646654609804,41.5471198005453,35.67321182410425,1.2426354041311831,1.113,0.0,83.56,4.3,0
0.2883,0.08311689,2.0,4287.382082000002,175.26383260000003,201.1488185882353,311.2968168006449,232.3371392130197,197.171360272728,8.960931625,1.874246932814815,1.6269828075879205,1.4169230805882354,0.7232481406666667,164.38364359348728,153.57883183560315,8.46941205608901,2.41864975,-0.7780415000000009,49.83385726261243,100.56630160937505,1.5100032321691863,3.114616078913277,-0.582590313503443,0.4444760745809027,2.1059010497174526,34.97015564548604,4.393837973572819,2.798350685061932,3.8585035563938592,0.8324720175228738,0.9256422294977354,1.63719,3.051995884773664,2.255775034293554,0.9892592592592592,-0.9719135802469132,1.7681344307270233,0.1483196159122088,1.7681344307270233,0.8105864197530867,0.5505898491083676,2.752057613168725,10.652496570644718,1.4205696090534985,2.63858024691358,4.0,2.1556390622295662,1.8443609377704333,0.25,31.234146750254794,30.5,26.25,0.0,0.984,0.0,76.21,-1.594,0
0.3211999999999998,0.1031694399999998,1.0,3214.6163919999995,47.08877459183671,64.1905883333333,256.0504610290498,137.02330438332615,163.53536192968974,7.816598375000002,1.4546293999044,1.0588754012048376,1.20302086092394,1.4206906525714291,164.63892567983916,150.3036294887209,4.3497577224000405,1.988858958333333,-0.1316373333333329,34.87878975511865,65.43224115972222,1.4601739406391083,1.4532829064632773,-0.8061710484741057,0.5088541504813534,1.1954507033409136,34.96885322065507,4.767353795862011,2.872633525624527,3.197953445834431,0.6733089597070235,0.4596476515750705,2.63158,10.02780608745556,2.1963753464348708,0.872053960244363,-0.0941899722852099,1.9265432098765432,0.849598765432099,2.036267146776406,1.3467765810027716,0.872053960244363,2.295821462488129,11.222192302847066,4.576036438320984,1.7608566389518767,3.0,1.727334466638195,2.8576280340829623,1.39624062518029,20.80707176781357,29.72844688082935,26.03020104581332,0.0,0.835,0.0,32.34,1.92,0
1.6924000000000006,2.864217760000002,3.0,6514.194269000008,85.92434627835043,69.59706865591406,276.31118425537187,177.90224183718777,149.1193644598536,7.94984975,1.6169924247136744,1.387659554187505,1.169053608421159,1.4941874801515649,161.678453764269,144.85743046741115,4.678103407763044,3.713739638888889,-0.1184462222222222,65.77105957552207,93.50812030478396,1.3097343827143046,1.826973877097836,-0.4556557575608029,0.5299266051134127,2.6245856385130537,34.9710588080679,5.4439714726559005,3.1476449632089607,3.828311405034456,2.639239106650124,3.027052343429096,3.69621,8.701422067512418,4.675860283127884,2.16430654282633,-0.107858367626886,1.9882344244282075,0.7147529289493578,1.9882344244282075,1.3505014294812576,0.7524171676558139,2.239351851851852,12.44167980669634,5.76762650390237,1.961635133219955,3.0,1.7238734344709254,3.446051566971387,1.6696032315509508,23.04592100920585,37.76817606214005,34.81211494063171,1.93097876921126,1.0380000000000005,0.0,46.17,3.0050000000000003,0
0.7794999999999986,0.6076202499999979,0.0,2710.510463999999,47.63009033333336,65.66077074000005,252.62862794451232,148.25828017042178,190.76113644740423,7.79096567741936,1.317987142209484,1.0937802762716784,1.3558401957939603,1.091514614239317,163.31906366649147,146.9791766819344,4.312051971326164,3.005866838709675,-0.1436298980228924,43.345430107526894,36.49490827055148,1.3823595173082828,1.3982396808879642,-0.7320537782207176,0.4355755217216038,0.8902969157782721,15.99692525157502,4.247869381288801,3.146157215539658,3.458244893321188,1.0910295324865844,1.634532801942144,2.217080000000002,7.323735827664399,2.226785241874528,0.0,-0.4845313681027965,1.7316203703703703,0.4744675925925927,1.9868986205593349,1.0753732048374909,0.0,2.369791666666667,11.153530801209373,4.919793982780613,2.151198034769464,2.0,1.522654489582194,3.4315418208046817,1.6633394454624917,14.324128426795276,28.71257586623211,22.48327960040461,1.437216447852337,0.6490000000000001,0.0,47.56,2.483,0
-0.7881999999999998,0.6212592399999997,0.0,2698.8946719999985,50.496807315789454,57.27659503508773,218.11672144484484,133.75606213032952,175.2125124253377,7.64045348571429,1.129426399684085,1.0025765671772355,1.238440060912282,1.1974337196076106,172.08658712037803,155.68036901205429,2.9325396825396823,2.2771798857142858,-0.1636345142857128,18.8095238095238,35.675939513469395,1.4020920471461202,0.5374149659863943,-0.9069848949878876,0.4819430033893617,0.96176647150957,15.997946219033778,4.757168313935388,3.2584719270533355,3.45555996386256,0.528059819606548,0.6362386139919196,2.3311800000000025,1.3437962962962964,1.3437962962962964,0.0,0.3067592592592592,0.0,0.3067592592592592,0.5185185185185186,0.5185185185185186,0.0,2.1979166666666665,5.016430461073318,4.645521780045351,1.3599074074074076,5.0,1.542438897552436,3.5868441193925302,2.5783358800976925,14.638851965309172,35.9347912748303,33.018929941837435,0.0,1.67,0.0,71.96000000000001,1.5300000000000002,0
1.6381999999999974,2.683699239999992,0.0,4362.556555000012,51.30684998742143,55.0600354275862,251.2938603002208,158.1418679325005,168.530518039239,7.535759345454538,1.4849223338279496,1.166054657336525,1.2335807374905612,1.1843333675004266,162.6546195215722,146.1325963502608,4.07790404040404,3.530141381818184,0.1658412112396652,75.09671717171709,34.434813552396655,1.4083258039307922,1.3653948576675834,-0.4477448174126511,0.5356751928532865,1.032797094260502,15.996934306664892,5.006719724978354,3.514248461601238,3.8279932564275945,2.236022593192088,2.886515795763408,3.388060000000004,14.7281914719196,4.376913038861092,0.0,-0.3481018518518517,1.7175756907701352,0.4692803602922653,2.0103131374731302,1.0020147187535358,0.0,2.317901234567901,13.157327254976066,9.668516504557726,2.0147685185185185,4.0,1.4273902420738067,4.353969471450853,2.609506879881787,12.94081944915024,49.407647666474105,30.75754498592376,2.048994379047012,0.5280000000000001,1.0,58.64,5.955,0
0.2552999999999993,0.0651780899999996,0.0,3468.181445,41.0004193188406,47.27852995555551,235.9714616308985,112.73657091381912,112.9531840807134,8.192717607142862,1.300340257693808,0.838220763228044,0.8519974514184225,1.37691457091396,169.57223917855666,151.099443130963,7.605189349402312,3.837527249999996,0.4463166874999998,95.92735890652548,60.854614003826576,1.4062607921957428,3.425977103804481,-0.6485073581855054,0.5384256317146808,1.907421375792076,31.972071713229496,4.013846895931319,3.105146003963139,3.793548387096774,2.320459563602437,1.0426816254816005,0.97988,0.4044813974972705,0.0,0.0,-0.7283992609389436,0.0,0.0,1.132880658436214,0.0,0.0,3.088624338624338,11.299032580624845,2.619439368911145,5.085480927710591,4.0,1.844695873371544,2.96265904868606,1.6792696431662093,22.21619992568898,27.29321672243455,25.935526796710253,0.25,1.3560000000000003,0.0,93.21,0.4629999999999998,0
1.0381999999999998,1.0778592399999996,2.0,4090.169969,203.5673884117647,261.78803872727275,328.610211017681,261.72679900123626,218.481519031649,9.032486142857142,1.890014256993435,1.7811514711764702,1.5265070583636364,0.8162603853697998,159.57004161868196,146.53166214571075,8.552343937117598,2.224547714285714,-0.4555862857142869,44.94411783917958,104.08316092346938,1.4168005708098814,3.21029413136997,-0.5845820265580544,0.4348883086657766,1.963400871235299,34.970155551075635,4.325713279398839,2.7449230003065725,3.7504408834705214,0.6218915045296739,0.6703576696455827,2.05499,4.940514403292182,2.063566529492456,1.2034567901234563,-0.8994135802469134,1.869338134430727,0.2571159122085051,1.9070233196159123,0.9193827160493828,0.6359293552812071,2.6689113355780028,10.555829903978053,2.038123930041152,2.56608024691358,3.0,2.074164743022576,1.733190179035028,0.428571428571427,31.013788653286984,32.30422205544964,26.107576608395,0.0,0.7239999999999999,0.0,50.19,1.602,0
2.524,6.370576,4.0,7910.96837644932,102.8914189539324,93.2067590482706,284.5211994010773,221.26194960239584,207.22606403447944,8.759392169811317,1.583765373915599,1.389358786909578,1.3151418254385374,1.25460123614024,168.75049839201196,149.5202011788089,9.291242490646558,10.296420452830173,-0.7620385350658528,207.6988547966402,50.07803635226029,2.6495599703438284,3.91884631691774,-0.6736620340740297,0.3856488369387363,3.9369112751674606,34.968854340925944,2.929184448242184,3.47207696451832,4.754130914600986,2.2926763591742847,3.315640523439239,4.6183700000000005,8.776534255820991,1.846491731319422,0.5795993202991377,-1.1224245405551785,0.9368763582607724,-0.5468640376288632,1.935510370766272,1.1040998257978327,0.5795993202991377,2.9401577503429355,13.354275688670532,8.146368610094013,6.161268203158332,9.0,2.0155502022989262,3.7123702522642734,1.6752247615881233,24.53691383714635,56.57077321710976,35.60308376807288,3.70685502244726,1.461,1.0,106.97,5.295000000000002,0
0.5213999999999995,0.2718579599999995,0.0,7805.26985400001,87.64463117741924,89.64240644444432,290.4930867991614,173.5879408807297,174.85212736850767,7.826817276595739,1.8034882827273344,1.5419727302171229,1.561869545442336,1.6294230583603522,157.8965783161623,140.1518520719813,5.997522838046872,4.113911914893614,0.7637728954277943,129.5635707614628,81.74325465550015,1.6791601281043511,2.756671718328996,-0.3496581921541429,0.6848959227892105,3.6409973046086463,31.97507563618378,7.0081992187500015,3.619844697678557,3.7650466968874494,4.144932485193426,5.107903664625313,4.188580000000004,18.839521847795503,1.1396498866994,0.0,0.5698249433497,1.722907128043261,0.5698249433497,1.834677137103184,0.5698249433497,0.0,2.4465811965811963,12.71454068976458,5.717416813455101,5.131856385946067,5.0,1.7731945074306217,3.781394344247016,2.60621935537782,23.05713543044673,69.24449688027974,53.85544145016579,0.0,2.531,0.0,138.88,4.366,0
-1.1224999999999994,1.2600062499999989,0.0,3590.6750449999995,70.99629987654325,69.81746234666672,248.03454414913244,175.42803532676865,180.2988382683185,7.881058153846154,1.2376696875625717,1.203162548245505,1.2150395237625062,1.2469323998370674,166.79366231651235,151.81726196897506,5.086894586894586,3.625107897435895,-0.3168236896778429,71.54843304843298,36.65278266009206,1.5019444516785785,1.8345752063700764,-0.908131802259021,0.4752425459004361,1.3177974512248198,15.996931274916903,4.277814263705223,3.295059867651387,4.068756967122664,0.7079984003553121,1.0048988405027417,3.1756700000000024,7.5387379272696755,0.1361559901738476,0.0,-0.6732274869824468,1.7680487055933485,0.1361559901738476,1.8160547367094984,0.1361559901738476,0.0,2.492063492063492,12.304977796674224,5.326643678760696,2.3398941536491136,7.0,1.6670302589409267,3.6183719599213218,1.6671679489398437,16.157313461324808,33.69041762669367,22.270765554649387,0.0,1.317,0.0,85.25,3.052,0
-0.0517999999999998,0.0026832399999999,1.0,19046.04338798089,106.92149746800004,146.45537751681815,264.63764205681207,191.80569273656351,210.68357136842147,7.627919444444448,1.4956499765904796,1.4509658910804932,1.5721933831946815,1.451779434334586,161.70368340235646,145.7791126346568,3.7552579478737993,2.454091000000003,-0.0078697499999996,42.2011228257888,422.1604210319845,1.55937516734823,1.1722534118274668,-0.7605718615670702,0.5926854547583197,1.6888855188464549,28.29989207783299,5.196673625388709,3.309067557170575,3.461084043161288,1.4613632390286997,1.872443094038566,1.80669,1.9220784240362816,0.0,0.0,0.4551345427059716,0.0,0.0,0.7418341874527591,0.0,0.0,2.150432748538012,12.524632243638196,3.201507029590728,1.6400204988662128,4.0,1.647985078940584,3.521939922501728,1.8559095531425949,32.0478599559504,37.20314995428765,28.05931598003474,0.0,1.028,0.0,38.66,2.7300000000000004,0
-1.153100000000001,1.3296396100000016,0.0,2688.3790729999982,34.287753130000034,38.3895775609756,245.5705840477871,123.86459847764408,124.0213066394923,7.397067351351354,1.1648443872042904,1.005337421257148,0.9605946560386326,1.0965781315314336,164.36230911263462,147.5734574249948,3.3408408408408405,1.6561872432432443,-0.0749948984660335,38.85435435435436,33.2316952315559,1.421010188985141,1.050117685252821,-0.8605332558185281,0.4201868034564858,0.5342659360630577,15.994919161734437,4.993728064326927,3.1288181379726314,3.614801809280937,0.98749783772943,1.2030276469819592,3.584880000000004,10.30647935389593,0.8411689814814816,0.0,-0.0880092592592594,1.8927369929453264,0.8411689814814816,1.9367998848861043,0.8411689814814816,0.0,2.117647058823529,11.804007936507936,6.712252106641555,1.754675925925926,3.0,1.378601181668039,3.830852183960911,2.197972899586698,12.28803453958687,36.653436226508816,21.936578471379114,0.0,0.7950000000000002,0.0,41.13,4.018000000000001,0
0.2693999999999994,0.0725763599999996,1.0,3616.880641999999,63.80352674576273,55.84014602083332,249.2908321996384,157.37818847667378,158.7814010357738,7.925982892857148,1.504265072936979,1.185758348240474,1.2525178163612305,1.244280726081422,165.4791129377549,150.72210214232504,4.336498682692098,2.8161306785714286,-0.2077527142857139,39.09391534391532,62.47441964285715,1.406171685603462,1.39621126228269,-0.6054504172109701,0.6181022935213727,1.4447162824395932,34.96885331700484,4.815085812189391,2.9198565607476445,3.2533666260199485,0.885565608595101,0.8419023009862778,2.6401800000000004,8.40005401234568,2.8595000139973688,0.7048324514991179,-0.1211143829959962,1.8389043209876543,0.8112654320987654,1.9479338134430728,1.1580766565885616,0.7048324514991179,2.334156378600824,11.374912997606453,4.689412260522521,1.787781049662663,3.0,1.760033590460896,3.047321331596708,1.429967857760991,21.0459779864005,28.64259814871109,25.35716333706846,0.0,1.0379999999999998,0.0,41.57,1.4760000000000002,0
3.3824,11.440629759999997,3.0,12815.417231432635,228.55565887813933,253.939391481706,312.9928527792459,241.54008368829045,262.0281568820404,8.487886375000004,2.719316128842104,2.179109892046513,2.2477211437308524,1.7805915937343837,155.96813011464553,141.9962193056917,3.266425182898949,3.565095958333332,-0.9659638749999996,16.534725397551192,301.4300409637826,1.4633813462751586,0.688946891564633,-0.6157549229766734,1.243667694602718,4.157427268083719,78.91833735513802,4.861968750000002,2.9481769059310783,3.1023027719393843,3.1745980540327894,3.110440012348926,4.823390000000001,10.301065934604294,5.673037813890989,1.7921949798437893,1.085627572016461,2.2597856652949244,1.085627572016461,2.368242455418381,1.6391021038044848,0.935999009686179,1.908179012345679,6.128256172839507,5.096716274374376,3.598080015957001,2.0,2.3035088547976783,2.2814536459234787,1.1462406251802897,50.41897917597384,45.71917396620595,39.25676771440307,0.0,1.883,0.0,69.59,4.218999999999999,0
-1.5958,2.54657764,0.0,5221.770776000008,92.84204309278346,81.54315999999987,278.2086202004093,225.04905123415608,202.71311195295385,8.118320976190473,1.5811706755724613,1.5854010998819268,1.45687941702423,1.1856649372561257,162.87181444035318,146.8643691390841,7.03160110065974,4.884279071428566,0.6223661632653058,124.68732649095315,49.4691236099773,1.587323169506295,2.968745868832218,-0.2020768419523118,0.5683427126126769,2.299187133372854,28.29989207783299,5.196673625388709,3.630711894640512,4.663944916910697,1.4613632390286997,1.872443094038566,1.3900099999999993,5.7823884453472765,1.4553888731418505,0.0,-0.4556073108255642,1.4436913160325855,0.2386769599815237,1.4679483182161752,0.495766723356009,0.0,2.706296296296296,12.787574640967495,3.8541649732098606,5.4910862220402565,6.0,1.8244270352107592,3.567890387568001,1.4490619961428015,20.656707177335583,34.48634603860474,27.30129487795444,0.0,2.3880000000000003,0.0,110.28,1.986,0
0.8129999999999984,0.6609689999999974,0.0,3236.933661,54.48026150649364,44.23520321568628,240.97254036355585,129.8103311322345,142.45030472896815,7.76016903571429,1.4934854739285706,1.0006405235444538,1.0691557224313732,1.2058732416773503,169.31940433221737,154.6605362135143,4.546997476974329,1.9834669642857137,0.185254535714287,45.37905092592589,57.03472466709187,1.639971188972657,1.620680390211639,-0.5208569326549765,0.5252688686263263,1.4446249954603625,28.29989207783299,5.196673625388709,3.0572685712222434,3.5040471712672066,1.4613632390286997,1.872443094038566,1.99299,1.1500000000000006,0.0,0.0,0.4342592592592598,0.0,0.0,0.7157407407407408,0.0,0.0,2.4212962962962967,11.76465277777778,2.5054196205488366,1.8732870370370367,5.0,1.760820318171659,3.0465346038859447,1.8490870539577624,20.552012223337528,28.52747112965633,26.609823907535315,1.5000000000000004,1.003,0.0,93.11,1.618,0
0.4402999999999997,0.1938640899999997,1.0,3745.464715,73.77742108196733,79.5807285909091,245.6280288684892,153.62857525893202,197.8482145930483,7.878969551724142,1.2993837409964737,1.1321295674964265,1.4285951209090917,1.5304263282106914,171.74753399317711,156.31271388391383,4.162299494400034,1.974930758620688,-0.2909991724137927,32.433487588624494,60.26681772889417,1.5847852112428682,1.1183961237456723,-0.9123251140475808,0.3463248861512558,1.5161858381709337,34.96885335886057,4.5024489264230265,3.1613170140971136,3.3700251612640857,0.7473514787120747,0.8432881669557901,2.742370000000001,3.932354654824893,1.790212585034014,0.5611924883121971,0.4529320987654321,0.0,0.4529320987654321,2.1421420697908795,0.7767189468379946,0.5611924883121971,2.3497299382716053,8.908240347064751,3.386302659609369,1.9289692819000024,6.0,1.6805735346744015,3.1774074604531712,1.84701802790818,19.252735658995743,34.53095385841867,32.711392186946355,0.944940787421155,1.73,0.0,86.52000000000001,0.781,0
0.6396000000000008,0.4090881600000011,0.0,5407.5313054326525,65.71118883694129,59.97256417944939,243.67601816893136,160.94994837262544,141.05333645452876,7.9022912647058865,1.8104259834567225,1.4057268677727517,1.2663672066070424,1.1055966334203036,165.31023743331716,147.13610996484854,5.080674182109973,4.0017627352941165,-0.8565401548442898,76.82155501089328,87.62824127357902,1.5700742667051286,2.2594575003203907,-0.7663882234840662,0.7243545830710176,3.002500074999503,31.973074419566725,4.396990787969776,3.1584638046973312,3.2956811533549053,1.691082668376442,1.689804845351654,1.24209,0.1715998467288151,0.0,0.0,0.1715998467288151,0.0,0.0,0.1715998467288151,0.0,0.0,2.4442515432098766,11.903457472495171,2.73347198600788,4.195257139435564,5.0,1.8798554875455853,3.2076073537047542,2.2202020088604644,26.61068976729375,32.332529329964984,28.35819491422454,0.0,2.9730000000000003,0.0,125.04000000000002,0.2119999999999998,0
1.721200000000003,2.96252944000001,2.0,5453.326948000007,74.21535426582291,47.23491797435904,247.96296297172407,162.61932257210654,139.17480623052785,7.689609343750005,1.5236029729580285,1.395203098807961,1.2458146243613848,0.9690769094589188,164.12136427370731,146.24258723059037,3.2938409731748206,2.53056646875,-0.0142414228515621,36.84230681298583,99.11322010937492,1.3803543420174336,1.1513220879058073,-0.6437838317343465,0.598938197741784,2.339493994569523,34.97015645190916,6.171479213784433,3.178805544111849,3.422735149565414,1.7302748783557644,2.719658132576463,3.63668,4.502350823045268,0.0,1.9858071310371423,0.522311385459534,0.0,0.0,2.361317537302987,0.0,0.9950991791321008,1.989300411522634,12.071414539066655,4.83442438902264,1.894660493827161,2.0,1.7279328359334567,3.272067164066544,2.375,25.20638345638199,37.25,33.430168746754795,0.0,1.0,0.0,45.61,3.4400000000000004,0
2.2792,5.19475264,1.0,7238.242097432651,126.98125338507036,107.56566585432844,282.7801144386668,223.8731413623046,207.5409815968117,8.076672222222221,1.8958761155005304,1.9654296014485788,1.812746993709657,1.480153321051198,159.4758880232482,144.17464524090005,4.072767161594608,4.327141222222219,-0.7458729228395059,49.0430265012955,96.6827053849093,1.6379258809771853,1.3623062917026527,-0.7325056264810867,0.6694243325507354,3.6636848422773696,28.29989207783299,5.196673625388709,3.292945233205981,3.593281358315291,1.4613632390286997,1.872443094038566,4.056790000000001,9.071341913992551,2.949106586734077,0.7838552765108164,0.7353220969457741,1.9990447145936563,0.7353220969457741,2.0968224923714343,1.2708603695229128,0.7838552765108164,2.1080246913580245,12.085076233168165,5.141388495660327,3.207146046890407,4.0,2.0692886419206,3.100636359521713,1.6258145836939124,31.39151593426245,38.682290637039294,33.541688899145335,0.0,3.001000000000001,0.0,105.97,4.74,0
0.315699999999999,0.0996664899999993,0.0,3407.393429,74.27789464583334,84.22642016216216,229.0964115844505,156.9839748139859,182.56822010621585,8.130649962962968,1.3540618066636756,1.1546009159508548,1.362939946648648,1.2862025973888895,169.9590304438088,155.197143976427,6.194571457603007,3.2363059999999964,0.0474042222222221,68.45597723924197,60.25392798628257,1.518703570302931,2.535406564416369,-0.6766456838464596,0.5224644699024051,1.8006559751755589,31.97207170628252,4.109713158660583,3.1089806354094875,3.391132868344461,0.7409635469707582,0.8030325023191004,-0.1452199999999998,-0.4106190686150988,0.0,0.0,-0.6580498866213145,0.0,0.0,0.4200000000000004,0.0,0.0,2.7605820105820102,11.411582105064248,2.167333226568405,2.324716553287981,4.0,1.893147657920344,2.861739844243125,1.843497685585828,22.7668720457558,29.357173166898217,24.546033345512864,0.0,1.5080000000000005,0.0,96.3,0.37,0
-0.1401999999999993,0.0196560399999998,1.0,4443.74227200001,59.74962039090915,55.684472682170615,239.2681746299372,178.2127143962829,165.77121201658562,7.4861601914893585,1.274043903555499,1.3342179799648284,1.2706210789641563,1.168778162691278,164.1205333700505,145.81556582594473,3.062169427986782,2.975941744680849,0.038805191489362,42.58783851709173,50.52307120144863,1.3016041554227586,0.9061242237679092,-0.4069775231134497,0.6903087135165064,1.3022161039573916,34.9693803267931,5.087762410257485,3.330314049554988,3.549076345071936,1.0770297019018282,1.6448365264410856,4.918380000000004,10.088025977366256,3.5591272640743545,0.7027699324471441,0.1996453591724754,2.0873156809019906,1.0871436444948352,2.1209688366087174,1.2359918097897598,0.7027699324471441,2.0482069370958262,12.399289414840007,8.360070850909752,1.4670213074941914,3.0,1.4333484054452086,4.121240446232429,2.644821010548973,15.73180422460568,36.73640697411582,27.100919372990976,0.0,0.704,1.0,29.540000000000003,5.291,0
-2.0801,4.326816009999999,0.0,1222.3019199999983,8.710517950617295,3.656784000000001,200.5789580605765,71.07030726901235,51.001094892737,7.103361333333335,1.092564589820057,0.7408644150321128,0.6038822870278089,0.4446129048490001,169.06179115949936,150.49047886193338,1.5625,0.4108159999999998,0.1128960000000034,2.458333333333332,28.28275197222219,1.2175796016192224,0.1024305555555555,0.1119276078957352,0.7309322033898308,0.1425001784821784,14.008057238920818,6.494125000000001,2.824624263979159,2.8182169294410664,1.7071067811865477,2.0606601717798214,1.2467,0.0,0.0,0.0,0.0,0.0,0.0,0.0,0.0,0.0,1.625,2.318611111111111,5.431638888888889,0.25,0.0,1.0994839817876882,3.4854785189334687,3.0314536459234787,9.289801808695474,21.49680573851165,20.282519274469163,0.0,0.0849999999999999,0.0,0.0,0.7359999999999999,0
-1.5190999999999997,2.307664809999999,0.0,3642.973679,83.66015477464796,48.4968295,272.66581040721894,182.7597546802325,147.4346002132805,8.043892750000003,1.5151725423581968,1.322966974256169,1.080202209803062,1.1391223187198007,163.32568483637814,146.57826821400695,7.266647682735646,3.063474107142858,0.3365137104591834,90.83562059082884,56.46712536096941,1.6120652474891428,3.2441293068153163,-0.8041091240102106,0.472079416046765,1.658155796693407,31.972071800917487,5.988648536648083,3.276675188726436,3.81818181818182,1.3199868976699245,1.966736105708045,1.1278900000000005,7.066746031746032,0.8208667695473255,0.0,-0.4162397119341559,1.6089120370370371,0.4032510288065847,1.7196940875115478,0.4176157407407408,0.0,2.7598379629629632,12.01761574074074,3.5353328138384983,5.707440843621399,5.0,1.8432935484972124,2.964061373560392,1.416124444800115,21.71395802551293,33.16067810697524,26.267666272594205,0.0,0.8349999999999999,0.0,74.86,1.517,0
0.622700000000001,0.3877552900000013,0.0,5395.632936432654,86.93069898105983,79.11314738593764,246.5068736461204,182.55926970148408,195.3667291315876,7.674531521739127,1.463433188251819,1.5480930965007422,1.5481747875681993,1.48896864973943,163.26705805017772,146.04435480636744,3.650357555847133,4.162745652173911,-0.6638784782608677,52.782627954712666,60.91789425680006,1.4685850484303733,1.1474484337981017,-0.6845439164690128,0.5872798768353291,2.377141372566612,32.01444838827876,4.957112152292513,3.335999127652966,3.5799071626921872,2.244640534874592,4.137682158344018,3.166790000000004,7.9341517157274435,1.0451482496290705,0.0,-0.3512593957336023,1.7394062316284538,0.4689051083396323,1.8658357478793983,0.576243141289438,0.0,2.217031425364759,12.218820800439518,7.193015733018859,3.874299440455195,4.0,1.683508500591023,3.84005345546599,2.3547883310840216,20.96025750675317,41.878460463812615,27.654807332898294,0.0,2.1870000000000003,1.0,98.69,5.9090000000000025,0
2.4774000000000003,6.137510760000001,3.0,6172.712124000003,326.3400061111112,146.87617906250003,309.3523180078754,316.2653025357665,201.97793829588147,8.824741882352942,1.6753920836289171,2.8448898294444445,1.5222143262500003,1.7899032041666671,163.42938486144385,148.3618553220883,3.204159270018021,2.2904357647058817,-0.3122649411764717,10.731172167083567,151.11053904498272,1.626697444806366,0.631245421593151,-0.586664498799644,1.0833938531120746,3.143178940329559,34.97105861821536,5.1623244271506215,3.064121334358595,2.906051351737341,1.3037632601153546,1.7220751504890006,2.33989,2.2508822016460903,2.2508822016460903,3.2069689573360205,1.0437268518518517,0.0,1.0437268518518517,1.2071553497942389,1.2071553497942389,1.0689896524453402,1.8557098765432103,5.412788065843621,1.9049767745863773,1.7625848765432102,2.0,2.3242764617775697,1.7631863794727702,0.9626192927411932,38.81698500982188,41.46872905676838,40.92366939622071,1.1547005383792517,0.871,0.0,63.25,2.681,0
0.8004,0.64064016,0.0,4201.406330000009,57.91365540425543,56.4193953103449,258.37894100058224,167.49977305111298,165.08737441128454,7.958418621621623,1.3603523860716,1.251120862332786,1.267087767381469,1.1177527479912897,162.47109734646168,143.62017476425527,5.264287435583731,4.487879243243238,0.3980706691015344,77.37900400400393,53.65981975602628,1.382769303783839,2.0913244325406466,-0.5863677469168554,0.4615887725266794,1.8716865979263984,31.97267775227176,5.05201748966229,3.3550148816204484,3.9422382671480167,1.89261122897309,2.4936148591919824,3.072280000000004,7.039452580414883,1.9731142395229704,0.0,0.3529486856470989,1.6107364890400604,0.3529486856470989,1.7286805555555556,0.905277777777778,0.0,2.521442495126706,11.298998129746236,4.998782755863605,5.328066553696239,3.0,1.566912640325365,3.642540725303585,2.0775140929896807,17.61485598520074,35.609004824812345,26.630529158430885,2.5557724169850897,1.3670000000000002,0.0,70.21000000000001,1.955,0
1.9442999999999988,3.780302489999996,0.0,2310.2783419999982,44.67158753125008,31.54976130303025,243.28069614908352,157.4251466463599,117.69773634146864,7.607851862068969,1.4778869250669238,1.2096099643741087,0.9477317124905468,0.99722560667629,163.81535626788744,147.23629796213453,4.151340996168582,2.2052990344827577,-0.0661304827586201,39.83333333333332,35.260470156956,1.375808958825551,1.3735632183908042,-0.9050010271413876,0.3783622235505082,0.6410313366795535,15.995921205975623,4.210908910872471,3.0309373633066845,3.146872837661653,1.136249909102998,1.1984911054202376,1.58764,7.355986866969011,4.075937736205594,0.0,-0.4373582766439907,1.858703703703704,0.5879166666666669,1.858703703703704,1.2307931783824642,0.0,2.380952380952381,10.95540202191988,5.265501613756614,2.104024943310657,2.0,1.4560117972262605,3.4019691979013125,1.949287069413132,13.463080310080358,29.27101138790851,24.009673381535546,0.0,0.4620000000000002,0.0,38.33,3.393,0
0.6009,0.36108081,4.0,4924.390648449314,103.3828028945049,96.09546306758516,289.153335996357,210.37604577344,199.68172117864592,8.792573000000003,1.5489041842111195,1.3841621930392791,1.3264717054888149,1.3494480956356671,175.30289389198762,153.60057879978334,10.707318651488157,5.89944179310345,-0.247947061831154,139.46928296254256,60.15736022109546,3.6332909452039193,4.809285619398019,-0.4543960524655905,0.4104515543705602,2.4413178005754474,28.29989207783299,5.196673625388709,3.0625679098124494,4.447876447876447,1.4613632390286997,1.872443094038566,2.69408,6.456203979276896,-0.7015623950197363,0.2701455390969829,-0.8069741801041406,0.9138974272836706,-0.8069741801041406,1.4406919249181152,0.1054117850844043,0.2701455390969829,3.07145061728395,12.672424408940229,6.379726679393595,5.698529147770219,4.0,2.0628551321633783,2.7951258629641944,1.0041177751297845,26.56035854489954,37.71887438179135,30.9297002721516,1.3775326285567786,1.491,0.0,41.46,4.12,0
-3.814400000000002,14.54964736000002,0.0,3364.813726999997,21.28054397175143,21.24940210714288,214.6361204636636,110.07331505430548,109.97725249795812,6.992481333333326,0.988667007123881,0.9910428732650884,0.990434879217408,0.9897580556548954,165.54322004616603,144.60460336431467,1.5181159420289856,0.3636453333333321,-0.0105404444444668,6.108695652173904,26.90355755555556,1.2148694863219975,0.0885318210459986,-0.0392482453996295,1.2860455084654392,-1.1368683772161605e-13,12.110464271686672,5.118673378830579,3.505082180543811,3.532796074207953,0.0,0.0,8.920490000000003,4.857039710252748,0.0,0.0,2.426708945577369,0.0,0.0,2.4303307646753787,0.0,0.0,1.5869565217391304,2.4303307646753787,16.382650435970188,0.1903211805555555,0.0,0.9182958340544896,5.19022862272368,4.604374775670969,6.732876570223358,74.6291657200163,45.16672990837687,0.0,0.1069999999999999,2.0,0.0,12.911000000000008,0
0.3013000000000003,0.0907816900000002,1.0,11759.814321999993,72.33321462337668,67.14111617283952,300.1452993065455,204.64803020272805,194.89312437796107,7.663947879310339,1.632269960011158,1.4838339866651526,1.407199335795825,1.417177139471575,154.10875332599528,139.83708678303552,4.464951102123835,4.061588017241376,-0.3057286908442357,81.69846654604815,120.06649919143892,1.3480229889745663,1.4085942507939335,-0.4953230966776156,0.6533191038058862,1.8467444349364823,28.29989207783299,5.196673625388709,3.7921943771936952,4.093736199525504,1.4613632390286997,1.872443094038566,7.111380000000007,38.5700323152308,5.99168310260882,0.0,-0.4077545398324613,1.658203421530797,0.3349536721979773,2.177471507450833,1.4367281735262905,0.0,2.23994708994709,13.410040378289978,10.80072252398902,2.173477576215672,3.0,1.3881768079281438,4.469804187199428,2.68497627766681,18.66308224420061,80.75724486580813,32.99036610802441,0.0,1.743,1.0,57.53,10.575,0
2.387000000000001,5.6977690000000045,3.0,4491.588335449316,102.16123749612592,85.2208688591999,254.6589066255889,206.8731518493873,170.9891789913809,8.928546171428568,1.368320350797095,1.2755294551055714,1.0582778649804254,0.850815771047519,179.8884190650068,159.5140489824143,13.17003968253968,7.651960685714284,0.7535103999999984,210.72738095238083,43.56266213877317,2.983173896546787,6.020782312925166,-0.3549564430855781,0.3466882786317739,2.6704299490759595,19.00125929035556,3.802244990835656,3.031042776737839,5.1032249539833545,1.4341183546065062,2.0941484978344467,4.051990000000002,-5.129485071806499,-5.361614701436129,0.0,-1.595549886621315,0.2321296296296298,-1.595549886621315,0.2321296296296298,0.0,0.0,3.662878787878789,12.893317743764172,4.532845992772109,6.290285100151172,2.0,2.0745872557161684,3.054695761228798,1.656404812886774,23.332536382535583,43.77484907559614,33.479797037022145,2.1257075010429847,0.07,0.0,115.54,3.957,0
0.9732000000000008,0.9471182400000014,0.0,3338.121942,70.03525801851855,65.72478496153848,254.5699596237377,179.41068698810906,178.9247540370566,7.645718433333339,1.4226925735033562,1.3705674942368875,1.4020903043334416,1.2803481688508656,161.93250463229452,145.8790642005967,3.991780978509373,2.2489855000000007,-0.0800744999999992,40.86535208047554,54.86762736000001,1.513261642601136,1.362178402682518,-0.829121206447039,0.440171350199628,1.2663900391125011,31.97207173270811,4.314686137987105,3.1492801082670234,3.176357156942705,0.4861886278245079,0.6896131577386136,2.47189,9.285164556563366,1.8916409465020585,0.0,-0.3939777546821201,1.85375,0.7109259259259261,2.047222222222222,1.180715020576132,0.0,2.2432098765432102,11.091280785462333,5.239561715351264,2.060644421348787,2.0,1.6183203709705836,3.288570224637935,1.6406426982957871,18.55859100284392,29.54776752067228,21.0269265329926,0.0,0.6379999999999999,0.0,63.63,3.507,0
2.8753,8.267350089999995,4.0,17850.11830043264,298.6082016559999,356.1341092592596,294.0996675213568,206.5510444869585,248.0293856188888,9.089928650000004,2.94870838,1.7530741729090902,1.8215881607407416,1.5243082222040916,163.44136977048217,146.73725909480532,5.503840877914952,3.9103425499999984,-1.374880172500001,44.496705913732654,530.0266549373104,1.1948510487156463,2.2248352956866326,-0.880444611999324,0.6377019325761314,4.6310162632917,78.91943357901225,3.674743366431727,2.7309409087256373,3.3024828043236703,5.418334311923189,3.47051757099956,2.6712,0.0,0.0,2.0459773312617227,0.0,0.0,0.0,0.0,0.0,1.022988665630861,2.247388414055081,11.764303840877917,2.6874523534650487,4.770504115226337,4.0,2.339353872167201,1.9825742227201613,1.5203185978283351,58.06050848620806,59.66152047917754,43.75533488872769,1.0,1.864,0.0,54.57000000000001,2.266,0
0.0067999999999992,4.623999999998944e-05,0.0,3538.534708432644,76.42259060822856,32.837066193548374,245.72983600701025,159.1634735517355,126.33910941122171,8.133628100000001,1.8574671559285711,1.2953638822442,1.0740772956481937,0.7619502140607772,167.06241695880954,149.2743984989632,7.089752419600671,2.8792108000000005,-0.7537665599999996,67.19455637479044,93.0561577742706,1.6049019039684989,3.359727818739522,-0.8705075314011507,0.7060971219726002,2.1278757934679344,31.972072447004205,4.052055290519178,2.844668393483353,3.107251653014997,1.0975484523352717,1.1711796733317883,0.4938900000000001,-0.2187105624142657,0.0,0.0,-0.2187105624142657,0.0,0.0,0.0,0.0,0.0,2.8626543209876543,11.425051440329218,1.364140504115226,4.149562757201646,4.0,2.023219672335508,2.298708422551855,1.426466250649041,29.27155166496765,23.46599974121248,17.741169860508304,0.0,1.3670000000000002,0.0,90.51,-0.269,0
1.026600000000001,1.0539075600000023,0.0,4670.2480754326525,75.37934386375352,56.47825688323296,231.64634199287423,172.02622254533728,158.88946925756633,7.7960003783783804,1.4720274455345788,1.4689748906949998,1.283272122210904,1.187712089194056,165.8551968043562,148.46622204725838,3.982726811173313,4.044805243243245,-0.7189444799123446,50.79295344727441,68.41905364797896,1.4439858576654905,1.372782525602011,-0.7363339995930837,0.5961645204806288,2.377141372566591,31.972072811177352,4.547063889139608,3.280120339032195,3.415350932074728,2.021735519207346,2.775387777133845,1.80768,1.6000897231320512,0.0,0.0,-0.3665778008734357,0.0,0.0,1.3869984567901232,0.0,0.0,2.339687726942629,11.39652141772347,4.819866321170786,3.5762147353797493,5.0,1.7592413968013587,3.4502119688275914,2.157122635895273,22.98902451465561,30.443442713059245,25.42031016129472,0.0,2.143,0.0,98.69,3.104,0
-0.5038999999999993,0.2539152099999993,1.0,8599.547172999994,93.14450241666674,88.09674476785723,256.7022615623508,176.85621769801705,141.3339444117109,7.921341423076926,1.4478907266667669,1.3376816732606824,1.109396655172161,1.413344992866666,165.11959987561494,148.31699727749236,5.818181518412999,2.489904346153846,-0.0691126153846154,64.25688838767545,230.6664115044377,1.435018016210402,2.471418784141364,-0.7991349619118044,0.4534467804085977,1.6332136337039778,28.29989207783299,5.196673625388709,2.993117850833233,3.5202108980680555,1.4613632390286997,1.872443094038566,1.88089,1.425162299487697,0.0,0.0,0.6312734105988076,0.0,0.0,0.7938888888888891,0.0,0.0,2.540343915343916,11.79215277777778,2.4942142370034426,2.066805555555556,4.0,1.7947137557705275,2.905725962370565,1.8084442311020728,29.682632425139968,30.599744533661987,26.74529563605873,0.0,1.125,0.0,46.5,1.582,0
0.8792999999999994,0.773168489999999,1.0,6224.689864432648,112.07564074606688,132.23241798163625,286.6571188366299,195.92475952293023,220.69314164340167,8.59847706896552,2.0502601805416654,1.494963092280819,1.715020343227272,1.161070463635527,162.94904075372725,147.4384806312134,6.532387369986702,4.65896875862069,-1.2222018192627828,73.55031823365866,89.30351132980026,1.6591195813038169,2.5362178701261606,-0.7647843895912507,0.7082576589594706,3.430091897425328,28.29989207783299,5.196673625388709,3.273892329857472,3.8912805023229273,1.4613632390286997,1.872443094038566,1.90459,5.690188645159712,2.109753536960053,0.6651415681590611,0.5004143221074444,1.745356442988718,0.5004143221074444,1.8350786652109403,1.0848428051776269,0.6651415681590611,2.5248538011695905,12.161194885361551,2.081489572629861,4.560926911087938,6.0,2.259420773186495,2.598560221941078,1.0344827586206895,33.94225476268019,33.52452450938442,32.58086396113344,0.0,3.555,0.0,103.84,1.0469999999999997,0
0.9669,0.93489561,0.0,4863.395932432651,92.3048301288526,85.67080706377428,244.01836403947053,201.02392512932155,195.97700052050072,7.957093085714288,1.5865678250540327,1.5603328267541,1.5289818599306129,1.2853646980258353,165.51798252852666,148.44205880270576,3.388882628954645,4.098258,-0.8850749999999986,27.05465031462976,69.21269605316401,1.5582762827273422,0.7729900089894217,-0.73564727864291,0.9768028670610852,2.519641551048736,32.01444811812823,4.771466796875003,3.18457740674246,3.377642399446944,1.9523332153766413,1.917100013537876,2.409590000000002,3.441575981215532,1.7447164133142972,0.0,0.5061042524005488,1.6968595679012346,0.5061042524005488,1.6968595679012346,0.7010653397161335,0.0,2.200445816186557,5.866980557655161,4.733925835718718,3.8263239192281855,4.0,1.909107324084127,3.220175692860839,2.1142857142857143,24.955853789820367,34.384862508419566,28.11110150927171,0.0,2.717,0.0,104.60000000000002,3.135,0
-0.5745,0.33005025,0.0,2243.393941999999,69.37290883333333,59.868390689655136,292.2830014861421,196.19086497968289,195.5984756071865,7.747653454545456,1.423168054796396,1.372142244872112,1.4203815244619316,1.43264772984987,158.2732065730224,145.78177029360836,3.391414141414141,1.4007279999999993,-0.1261919999999989,10.12121212121212,31.87141223140496,1.6399104317727018,0.4600550964187327,-0.5296010999498264,0.9160888748818152,0.5342659360630826,15.994918410096112,5.92262994672776,3.1210613636240905,3.3075495577090206,0.5256327200762884,0.6963156442883367,3.1997800000000023,16.812340325018898,1.5392592592592598,0.0,0.7650000000000003,1.6413888888888888,0.7650000000000003,1.9948148148148148,0.7742592592592594,0.0,2.1190476190476195,5.255344860166289,4.943945683106576,0.9016666666666664,2.0,1.547897627500467,2.9115339911368303,1.5982390663059172,14.180927074695784,32.82668015409401,19.45933797223548,0.0,0.7210000000000001,0.0,41.82,2.684,0
3.167300000000001,10.031789290000006,2.0,5851.887812000006,88.69731935483854,115.2127515692307,279.2567592674272,173.20612063401538,223.17579486111632,8.104886277777776,1.6012577422432417,1.2534271972754931,1.5252309653314922,1.5677789390473331,161.27542523196627,146.65455223820544,4.6347464076444975,4.0325370000000005,-0.0491946388888889,49.701426728225655,72.73048602469133,1.4353761521380786,1.3805951868951571,-0.6248911452805989,0.4995998123360335,2.355166628816121,28.29989207783299,5.196673625388709,3.3276692376961874,3.743230054954649,1.4613632390286997,1.872443094038566,4.1162800000000015,15.756609991250135,3.7160858414868008,1.247275853528425,0.4205921499258143,1.8440586419753089,0.7256079757005683,5.244693936050124,1.1527056169690102,0.652254111921403,2.315516273849607,12.138659883191965,5.745318928085328,2.1412348565969594,4.0,1.8182245751895985,3.3517004262527137,1.4113509807548268,22.972596514788066,37.52033749046966,31.451295840464763,1.626489111506811,1.654,0.0,41.900000000000006,4.1370000000000005,0
-1.9446,3.78146916,0.0,2493.554046999999,66.67337471428573,58.03865773809522,268.34141421372203,178.3556661014506,162.35618375755385,7.869922400000004,1.4419423342733877,1.2431252969672666,1.135718001161715,1.3279366132857144,165.90126472739962,153.5334079338769,5.284444444444444,1.810615999999999,0.1408537600000009,41.22666666666666,34.31541773759998,1.7109925963045598,1.6490666666666665,-0.4083175510322344,0.6121225507209794,0.8192662930274324,28.29989207783299,5.196673625388709,3.0168798288195786,3.714956024617357,1.4613632390286997,1.872443094038566,1.6945900000000005,10.485779478458053,0.7168518518518521,0.0,0.2673148148148152,1.7924074074074072,0.7168518518518521,1.867157501889645,0.7168518518518521,0.0,2.5111111111111115,11.725466742252458,3.479040014172336,2.0058333333333334,5.0,1.666313713864835,2.9775424759098894,1.278966738041484,15.772825295115938,31.6780551899139,23.406516657660823,0.0,0.832,0.0,67.81,3.101,0
1.2458,1.55201764,0.0,2921.921284,76.78603136842106,46.06258493939391,300.9825549026788,207.8496020165573,154.91151009146867,7.71213245,1.950017433149947,1.6363839091946322,1.3114162237741522,0.7121768980377144,158.83113823049217,146.4665300811955,3.0265603566529493,0.801268549999999,0.1540700950000012,8.318844307270238,56.57040495999998,1.9628891162913449,0.4159422153635119,-0.7329106731207693,0.8635819709394127,1.0528592378794883,31.972071618483376,6.5486937393819975,3.051262608449176,3.0073305633890786,1.2763891132035052,2.1180482593000547,2.7824000000000004,13.906623729738811,1.34125,0.0,1.2586111111111111,1.8391203703703705,1.34125,2.244465020576132,1.34125,0.0,1.947293447293448,4.160205761316872,4.261334985932644,1.6719341563786012,3.0,1.675143246409987,2.646784848477376,0.9754887502163472,19.41300472725017,27.879371310293465,21.760792968089763,0.0,1.7120000000000002,0.0,58.43,2.416,0
2.0334000000000003,4.134715560000001,1.0,4393.181367000007,55.87602748421062,74.34803018918923,262.5141155172883,146.52870290236882,189.679830904519,7.84573925,1.4146995494576646,1.0656842609717772,1.2866513865389997,1.4714255530869862,164.07182237499677,148.11566928892978,4.131512864316076,3.1055307499999976,0.0953958402777777,43.914364288556925,55.45129568750002,1.4913882970638093,1.2198434524599149,-0.4365256282822597,0.6920342757073008,1.5872164609217876,34.96885353913285,5.604072009653649,3.4579201679170257,3.8469951911842735,1.559527813025502,1.5179587198963993,3.9777800000000014,12.60192066009646,1.9587380453724703,0.8107252989215804,-0.0420216049382713,1.3968621399176957,0.6592283950617286,2.0124807711150305,1.2995096503107415,0.8107252989215804,2.271450617283951,12.528934360895708,5.795433835755753,2.1253445452254978,4.0,1.7238734344709254,3.446051566971387,1.7078873182045573,19.7933352390331,35.33533099992564,30.581287507291687,1.4622208914180497,1.019,0.0,57.010000000000005,2.603,0
2.410799999999999,5.811956639999996,3.0,7498.747784432651,163.08706023501637,139.96750653373138,281.5612898049611,240.92222558647111,211.9748121453136,8.250107411764708,1.790152480078702,1.9078835870958848,1.623359194293999,1.6068733190170927,160.7833380951849,143.55825004148826,4.261495344594171,4.9311338823529445,-1.0440035294117636,47.59599084832833,108.71221948712572,1.3083505970268166,1.3998820837743626,-0.8617801499821014,0.5383679063139754,3.59283679348502,34.970855633990034,3.7992970873273233,3.2536736461724107,3.382402370509469,1.1301417670270264,1.6610853602658788,4.565590000000002,12.869405409283054,3.755313086139806,2.248868896796277,0.6938031550068587,2.074374212648022,1.0574225070686714,2.227373411298676,1.394112549340724,0.8592498837818352,2.175771604938272,12.589618447287467,5.721152123847107,5.208522643368046,4.0,1.879303828908463,3.208159012341877,1.7273251750941343,28.146168560559964,47.80447839109254,34.86047117181273,0.0,1.85,0.0,54.57000000000001,4.21,0
2.1432,4.593306239999999,2.0,5217.819080000004,118.31563315000002,93.27423866666672,298.7764118659302,210.2442020673197,203.50043097220905,8.34668155555556,1.6586353495465165,1.4525822687515662,1.4144855317861564,1.6721645814444448,158.87792285739044,144.37262824443215,6.345299736941635,3.560661407407407,-0.2023116817558296,64.22244731776435,80.96478394513035,1.3911359950976634,2.378609159917198,-0.6944029429856323,0.5283800356320915,2.2126664503339555,34.96985413826928,4.906851932234984,3.0742957570483087,3.7710551337363447,1.5078521016394917,2.039494128354531,3.47257,12.78983040049582,2.9941548563869995,1.3921053830768702,-0.6234636488340193,1.8776336748691245,0.6170447530864198,3.553963141040596,1.18855505165029,0.6960526915384351,2.487482853223593,12.227320168808262,4.801020126633416,2.492405832703452,4.0,1.854748149430204,2.900139352733265,1.1488722225427357,24.597954842411504,37.572489371643584,33.79036714749828,1.8354888579249264,0.317,0.0,46.61000000000001,2.873,0
0.5279000000000001,0.2786784100000001,1.0,8043.606016000002,62.62840433333331,10.0826208,242.9428475189845,107.02190615317872,61.64167614765218,9.126852866666663,1.3037773759798672,0.7101169619035554,0.4987059535396,0.4446129048489999,172.1666704583663,159.69082661670717,12.479755372656609,2.9866089333333337,-0.1807509377777779,84.15268632830364,358.4839559822222,1.0948185970819817,5.6101790885535765,-0.3891512856669226,0.7730634432297445,1.989244613419217,78.9185180261445,4.168860507588959,2.480644393148388,4.840960353319234,1.5094845951794384,0.829653582584993,-0.8020999999999995,0.0,0.0,0.0,0.0,0.0,0.0,0.0,0.0,0.0,3.70164609053498,10.027337962962964,-1.2580797325102877,2.5995370370370368,2.0,2.022579761842492,1.884310833766027,0.9333333333333336,38.441269399076944,30.33097889234617,13.177904033425284,0.0,0.5549999999999999,0.0,83.60000000000001,-0.7010000000000002,0
1.0368,1.0749542399999998,0.0,4009.1760409999993,46.65640146808518,54.03047305737709,259.72156014748487,146.51348666564988,168.79029313664162,7.5550694166666625,1.3922259552035012,1.1014571303986196,1.2310910532907398,1.334856666399011,162.36699746651513,146.51480830409903,3.3896122685185186,2.7934679166666663,0.0897123368055536,37.84013310185188,34.108580312065946,1.495513942135406,0.7883361062885808,-0.4820381897947796,0.9124731269371148,0.9260316936437932,15.99592775063588,6.079826536970973,3.593818007010843,3.915676304375905,1.9618572204101248,2.0502197595928893,4.5976900000000045,23.901747671505643,2.9321382511337872,0.0,0.6698899281934996,1.4347633744855968,0.6698899281934996,2.0669000412633167,1.1496319391954315,0.0,2.1766666666666667,10.697578025062692,8.717455019418239,2.0805556757189154,4.0,1.4758922009456974,4.10907029977546,2.320660585940935,13.384178161280744,50.571104649676776,30.559900001923086,1.4747364058909749,1.142,1.0,60.17,6.289000000000003,0
1.4266,2.03518756,3.0,5748.1206550000015,210.4843614347826,214.99331605263168,321.26302681272284,261.8985245761907,264.83497562807565,9.230062611111112,1.8600875653333333,1.8749893931173047,1.904222281052632,1.5504596016498888,161.07240579973313,147.62621548176946,7.545635827871767,3.1135024999999987,-0.7363960000000007,49.708885840573096,116.33611549691358,1.321046203535135,2.761604768920728,-0.5514181019641652,0.512367047552857,2.8738512176118185,34.971058054130815,3.691267638671889,2.8922268078207707,3.9244372950726727,1.0023230921055948,0.980071392650494,3.2398800000000003,5.258404457461998,4.096175306542371,2.200221634721561,-0.9541471053441952,2.1163762562638224,0.5383813443072705,2.1163762562638224,1.3514137517146778,0.8254939010354941,2.526455026455026,10.314665338471922,2.1207358924936,2.620813772010862,3.0,2.1054105870684143,2.064514414373898,0.4863826390090811,32.04519755955358,41.49791320786597,29.893902788194485,0.0,0.9279999999999998,0.0,59.42,1.511,0
4.1335000000000015,17.085822250000014,0.0,8374.724765865278,151.5152733093786,101.56830303066675,256.4800400384836,228.3870393042897,192.7779041998524,7.724477121951219,2.091396508727448,2.4165841761095903,1.973504000923079,1.5402889639162216,160.98544526014825,143.20905892488503,2.5035441318062013,4.094856048780485,-1.0749249256394984,26.123776026854927,116.33275355396682,1.737010083460345,0.6371652689476811,-0.6640537326955354,1.4010736516652482,4.722937476639935,32.01455243537719,5.317072265624997,3.118884215054049,3.319310648046975,6.5840716885526085,11.355012623985816,4.3465,0.0,0.0,0.0,0.0,0.0,0.0,0.0,0.0,0.0,1.7901234567901236,6.182610719184794,6.056590857047209,2.8582681143445035,4.0,1.8298246723497584,3.5277273322683254,3.1245730636590374,28.544466486577896,57.572487736302335,57.30117451826543,0.0,3.787,1.0,171.32,4.978,0
1.9122,3.65650884,3.0,4166.348847449318,64.67224285447776,55.085505904264245,268.6251705532959,183.1410193133766,164.5032337410674,8.351119027027025,1.4909450376147138,1.286127593152767,1.198965813445724,0.9682042619919986,172.42499185023607,149.48546654030926,8.71584084084084,6.655005189189187,-0.4323765726807886,143.69932432432427,41.364852577629065,3.105923285382885,3.883765522279034,-0.7324298011563389,0.3088724726695664,1.886898433914212,19.00041288795905,2.939124511718747,3.331160468434792,4.472049689440994,1.846331967384202,2.382980082884998,3.194090000000002,9.986413254829788,0.5629463367136998,0.0,-0.3410483329134115,1.1666373771730914,-0.3410483329134115,1.479291147014361,0.4671201420382973,0.0,3.015151515151516,12.180883597297964,7.880360760744034,5.996887004514848,3.0,1.8050856529149224,3.404367712714028,1.6231853084045929,19.27787876101718,40.6185560912259,34.54939849251663,3.101401396262547,1.421,0.0,55.24,3.641,0
0.2435999999999998,0.0593409599999999,2.0,4903.176644149776,83.5657231352709,85.63716747681977,289.4069148157342,209.82036740257703,214.9965697706555,8.180591342857143,1.4945860334778165,1.425575292216379,1.4845610019850843,1.438264512133803,162.05561376084677,144.93834759624863,7.750151327106058,4.802320742857146,-0.2942311926530618,116.15252901343446,55.59138226644456,2.052457556233612,3.3186436860981274,-0.5659329413702803,0.5105136360767377,1.9192706559735344,34.96885364632266,4.478805489206658,3.3994304384719176,4.593470997257826,1.3388302778092682,1.5893362782295082,4.359980000000002,12.08818856498734,0.9572160633800856,0.2732248751123676,-1.1197398589065248,1.2675919627110104,-0.3311512310685589,1.7741881559531272,0.5116825186864871,0.2732248751123676,2.758136924803591,13.466968516592434,6.298909037008537,2.786406525573192,4.0,1.7904086215736048,3.338874395371361,1.657142857142858,21.55014350736608,45.65028136942144,30.814245687251752,0.0,0.8280000000000001,0.0,57.61,4.893000000000001,0
0.8450999999999995,0.7141940099999992,1.0,3552.316857999999,55.727400324675536,66.53904783333331,230.52942919889315,122.57841516259138,182.09354468863543,7.691737838709683,1.2409434381352609,0.9709883305079344,1.350812898333334,1.462721122714109,171.74810900209303,155.7670328884581,2.7566672689548706,1.906190387096773,-0.1890704516129015,13.908202059088168,59.68181025390223,1.4406263914554411,0.4486516793254247,-0.9938040147615266,0.3333131846961678,1.3736856596887677,34.968853311103594,5.245368324532921,3.160217526362903,3.329612379545401,0.6487446809620956,0.91828816695579,2.977580000000001,2.1994444444444445,2.1994444444444445,0.644120335376949,0.6575154320987655,0.0,0.6575154320987655,0.8790432098765432,0.8790432098765432,0.644120335376949,2.073045267489712,4.300818828560231,4.599619964503547,1.276191504122225,5.0,1.5948748430508228,3.359321467336053,2.3244469809990305,18.2461194249022,35.9831403923814,32.11158988367358,0.944940787421155,1.467,0.0,62.73,1.952,0
-0.0939000000000001,0.00881721,3.0,4290.225217449316,73.58229315831309,80.73817006371085,293.50937189030145,201.2539045747384,217.91208408622543,8.128464526315787,1.6137742314348664,1.3781956638683242,1.463377629649914,1.407988314446987,165.92876637321015,144.64211513289004,8.558662280701753,5.843859894736839,-0.0576892576177303,147.20120614035085,37.794626403911,3.202184832503572,3.8737159510618646,-0.4027921169306406,0.3817161540731815,1.4951326763332131,28.29989207783299,5.196673625388709,3.5968464951114965,4.312056737588656,1.4613632390286997,1.872443094038566,4.169670000000002,18.008652726892716,0.2104623462039141,0.0,-0.7711414504073233,0.9950628306878306,-0.7711414504073233,1.837927844461936,0.7286351647140341,0.0,2.84375,12.924341312180417,9.971700871029595,5.696145318951733,2.0,1.596125430117321,3.651802083326264,2.107706521639947,16.171698956747147,53.356023660002975,31.599727857677667,1.626489111506811,0.42,1.0,17.07,7.703000000000003,0
1.2483999999999995,1.558502559999999,2.0,5356.275305000005,123.51068863076924,84.95516859722228,283.0322124601108,219.37235888850336,189.72198780140425,8.19496286666667,1.5527874063422296,1.5579655650983988,1.364585013597734,1.3945594417044906,163.21893536718466,148.7637826703094,3.25891791139562,3.2898054666666643,-0.1319562311111112,16.285941231011527,78.44982203222223,1.5221666186316438,0.5428647077003842,-0.3764647765610983,1.2207070463550629,2.248401228199548,34.970156257185245,5.956040967423999,3.3127946285343177,3.648688060696692,1.3969710800221065,2.2086696075314487,2.5487899999999994,13.827305207176607,3.96918512569637,1.678633160854648,1.160078875171468,1.535269011925758,1.160078875171468,2.2877279821393577,1.4360982510288067,0.8911735432627554,2.0232293697205974,5.949351536911061,4.95909949319028,1.9354895404663923,5.0,1.9126177517475984,2.9942728438609203,1.3291434326975744,24.805854203995803,38.535627319466215,30.154441462885725,1.5000000000000004,1.104,0.0,49.17,1.7760000000000002,0
2.0776000000000003,4.316421760000002,4.0,5673.939028449315,107.07109825774548,90.12970820598036,296.45659748322987,206.5359178266712,192.41245751054151,8.847836029411763,1.521205053645447,1.3387554374536808,1.2068993109031805,1.2295954349079203,170.8455044693203,150.60494739642286,11.082059372674538,7.091006617647063,-0.6224474593425597,163.81135435998823,55.57730899547876,3.335439557351348,4.817981010587889,-0.8286079883395815,0.3146084362919766,2.7973487802905908,34.96885377612595,2.911498229980467,3.216177204973669,4.559961379492888,0.9272717278535544,1.1071207314100786,4.398580000000001,11.254333350140948,1.1010625626281978,0.455668918313917,-0.780210699763445,1.0544287498950198,-0.4071434054695235,1.801567040862294,0.8686287250656912,0.455668918313917,3.1289866255144028,12.0531327689746,7.759181889458658,6.031561868310693,4.0,2.048274168093624,3.0391886731567164,1.7280849265342209,26.18722518169954,53.56892684314149,35.16934651843178,0.9361865080333408,0.7499999999999998,1.0,67.43,5.7890000000000015,0
-0.3090999999999999,0.0955428099999999,1.0,6032.7605690000055,130.54306363636366,91.55150361290328,281.88061967014573,215.5473807253065,195.5144863629688,8.466922228571425,1.649137443362262,1.459614091159803,1.3243575090273876,1.2975927044253506,166.1153939899425,151.17886295223897,7.23807264789775,4.457892971428573,-0.3034968848979602,96.15676345069356,67.87588779918372,1.7078589712767698,2.747336098591245,-0.810657815925732,0.5421082175772617,2.996106678516469,34.96938074364108,4.7248126452018,3.5345009300155072,3.983564051421413,1.1984765380450957,1.5966694651717526,2.649080000000001,7.00816028312917,1.257899908288317,0.3728545941053622,-0.9012529044539616,1.5105681531872008,-0.0847451079197108,1.7672647806571868,0.7483820103390811,0.3728545941053622,2.703032742887815,12.368203577727389,3.764793801488248,5.991257245096256,8.0,2.1107475743236934,3.018535442621273,1.1504189287568698,28.033897374040784,39.524915214140094,30.412287736648345,0.0,1.277,0.0,131.55,2.3670000000000004,0
0.9398999999999996,0.8834120099999995,2.0,4273.090715000004,82.22844194444447,78.27469500000001,284.6243818144531,183.0665443077536,185.0719475232268,8.001610090909095,1.5490480157259765,1.399914083395695,1.4176063926291385,1.4222501682844624,160.83719442157008,145.89432499465914,4.419673414529381,2.208803818181817,-0.1271505454545455,33.79545108145931,95.97193760537192,1.3706990655506046,1.5361568673390595,-0.586550428540367,0.5344212143873688,1.7141352921366,34.96985366569852,4.597854556922028,2.879657397019398,3.1063560964606807,0.9761578393133196,0.8242435252224519,4.17588,10.185752201086196,3.8714390869516535,1.8110597339644592,0.0900967218162989,1.993549382716049,0.951280864197531,2.128088134430727,1.4811876242266455,0.9249815341660212,2.1813865147198483,11.089901423532377,4.245344958421011,1.5765699448503678,2.0,1.7749475265481327,2.6844840920891646,1.1417916126710796,23.94008074052637,33.23518709920857,24.83546868880149,0.0,0.523,0.0,29.1,2.487,0
0.5893999999999996,0.3473923599999995,0.0,3872.751944,59.32514022689073,58.38145437121215,259.0874074939442,187.17648680972823,181.6982922275416,7.565782468085103,1.4751183922764102,1.350295247081808,1.329858883654798,1.1451337040513585,160.77844762926014,143.92636040347298,4.381796690307327,3.216651234042556,0.0142636758714344,72.03427895981083,34.46309411679494,1.396719638080103,1.5326442331874646,-0.5816570685870169,0.5703350221585782,0.8902969157783502,15.996931265541308,4.813267578932522,3.430422081249304,3.847444836810352,1.5591288473437332,2.2769125752860817,3.6955300000000033,18.370927421894685,3.589318205677334,0.0,-0.4314215377509016,1.8985177311665409,0.7743806689342405,1.941297004913076,0.9510784622490976,0.0,2.347222222222222,12.997511337868485,8.188450893198329,2.0980882044175684,4.0,1.4006447157367437,4.153944135940894,2.4544307752402403,12.510650690499697,48.962048433156525,28.083303379521425,0.0,0.905,1.0,46.61,6.008000000000001,0
1.3907,1.93404649,4.0,7469.686631449317,120.24185421956004,143.67847439866298,306.25491012240985,226.42943596511407,232.49238066337844,9.200668999999994,1.5125857322999736,1.420475465578062,1.495068402678725,1.557368243440999,170.3271267516971,149.1804528900359,13.695337380373656,8.50086105263158,0.4510827091412711,227.0414510785424,63.25438054271211,3.195664212527506,5.974775028382695,-0.5020065966256753,0.4352582729244633,4.170504220019637,34.96885426962504,3.6200250244140633,3.777633345301518,4.913185436832299,1.4642793504743092,1.7008524162091307,4.816580000000003,3.1370365440804715,-1.654815536433625,0.0115912195972718,-1.1704221646826272,0.8287259942238296,-0.8345142142409461,1.161686661032726,0.3054473879743946,0.0115912195972718,3.413800705467372,12.747140839368868,6.123438770083547,5.829669546283684,4.0,2.2456300821411697,3.002297431302416,1.1718243424468628,31.457931532149544,49.44381925642183,37.58449747638441,1.5069930657725377,0.3050000000000001,0.0,123.99,4.402,0
0.5496999999999993,0.3021700899999992,0.0,7307.056015432656,94.34336575167914,74.14515776816016,262.31013844874,182.3284583040009,176.59322389315778,7.722885787234038,1.6393311403007689,1.7180745459469453,1.5929025595339628,1.5045811069606347,161.66276443868887,143.69142388944263,4.29544706469888,4.2415234042553145,-0.156145106382978,80.88158468642904,83.93987638194,1.6241947671895711,1.72088478056232,-0.691795295168611,0.6063311132092993,3.62785877743245,31.974077030893483,5.939817138671873,3.5357574085222465,3.7965871386024,4.148727774852843,8.277483801228712,3.957090000000003,9.24152792424244,0.4793827685395151,0.0,0.4793827685395151,1.6861382674640502,0.4793827685395151,1.838074134338915,0.4793827685395151,0.0,2.235373054213634,12.340561696900982,6.887792196693357,5.347094213371218,5.0,1.8078450978844955,3.746743753793142,2.388892148400751,24.99976949622436,47.888286732394434,39.75793861535215,0.0,2.242,0.0,140.21000000000004,4.964,0
0.9911,0.9822792099999996,1.0,6531.961529000001,0.0,0.0,222.5042332446405,0.0,0.0,7.611573799999999,0.0,0.0,0.0,0.0,164.2226365205494,148.098643819675,1.6267661179698216,0.2948527999999997,-4.839999999999012e-06,0.7774348422496569,945.85575696,1.0504780891077588,0.1554869684499313,-0.0201585336331581,0.0054036171151301,0.8496821185422507,78.9185179169155,5.124354989569742,0.399277245508982,0.5,0.0,0.0,1.0111,0.0,0.0,0.0,0.0,0.0,0.0,0.0,0.0,0.0,1.5324074074074074,2.2337962962962963,1.5924189814814815,0.2337962962962962,0.0,1.3709505944546687,0.9509775004326936,0.9509775004326936,42.66680767470007,20.366348447575543,-0.0,0.0,0.0669999999999999,0.0,0.0,1.378,0
0.8637000000000004,0.7459776900000006,0.0,1322.4682259999995,1.016064,0.0,204.5170475552413,31.083744430930263,0.0,7.126184999999999,0.8726288873993336,0.4446129048489999,0.0,0.0,163.38049239173267,143.74299009024125,1.5338659418449083,0.1303315555555554,-0.0220542716049379,0.9718877542380052,99.2849028888889,1.6067739037348383,0.1079875282486672,-0.4538970458417583,1.167932208933098,0.6253587024329383,31.97267687827657,5.372747543140777,1.4987985842072291,1.3722628724436592,0.0,0.0,0.9361,0.0,0.0,0.0,0.0,0.0,0.0,0.0,0.0,0.0,1.5823045267489713,2.208676268861454,1.987284465020576,0.1469478737997256,0.0,1.224394445405986,1.9455305560363263,1.2899600527152018,17.44050070571698,12.569749745077868,-0.0,0.0,0.078,0.0,38.8,1.305,0
0.3766999999999996,0.1419028899999997,0.0,2797.6899549999985,49.380127016129016,44.19495053333332,218.96054557988413,147.58528426189167,149.88532754619533,7.348795516129036,1.147353485243544,1.2208302619932894,1.291880258679866,1.0232645871358836,166.40663706720426,147.36440451020337,3.175737864507279,1.460716193548388,0.0466076191467237,36.52084163016065,52.95261406451605,1.3875202704022187,1.1780916654890534,-0.7274226583818558,0.6316340663859754,1.0171244600138252,31.97207156971431,5.468992187500001,3.2255305549536555,3.275783202802485,0.5778588933561029,0.871702795102449,2.4145900000000005,0.5335185185185192,0.0,0.0,0.5335185185185192,0.0,0.0,0.5335185185185192,0.0,0.0,2.067901234567901,11.543677983539094,4.660571467624086,1.7234979423868313,2.0,1.430327027534974,3.523869282851902,2.8859842018577937,16.55604045724487,27.08817824721555,24.30401103760312,0.0,0.96,0.0,45.61,2.2880000000000003,0
0.5919000000000001,0.3503456100000001,1.0,5431.257989000008,81.47288069230768,74.85828261728398,279.8208189601419,212.82320906726903,198.89723997769005,7.985336116279064,1.3969441749009874,1.4720563661095762,1.4179508468492827,1.2280860757583891,160.1194778318403,144.5744225882956,4.32635056340674,4.471916046511628,-0.2146339091400752,50.48277878797546,51.14144159113036,1.4606947824286611,1.1740181113482666,-0.5151774075569517,0.6528356964041818,1.943247440636924,34.968853815066545,4.407503127554008,3.382381601491508,3.8925385705498057,1.038595784437885,1.2255726182637725,6.046560000000004,18.7980942985121,2.8866763006643064,0.7955486092480214,-0.3910721673473387,1.6104503966374155,0.4253100236370439,2.056473035672355,1.296083803326762,0.7955486092480214,2.282526115859449,11.599071406375874,7.157225380065328,2.057738834014005,4.0,1.70074170687224,3.7255230478298578,1.911181615520559,19.174947578455622,48.0623993211065,27.72253853713289,0.0,1.4010000000000002,0.0,70.54,4.498000000000001,0
0.3348000000000031,0.112091040000002,0.0,3454.2509479999994,69.32119283146065,69.93743014141405,247.2861749324992,192.60103252557067,192.3753691960597,7.902887157894736,1.3976301600407088,1.3301321277195146,1.3247148016070092,1.0894677482044983,164.9453681717495,148.97648097313336,5.082602339181285,4.045006315789475,0.0361118337950137,72.05043859649122,37.26190662049864,1.4039610984687254,1.8960641735918744,-0.5355779439349838,0.6025786208563481,1.282062673359114,15.997932770077323,4.577088923612762,3.222037317009093,3.886467654880265,1.170842430396399,1.797915901425527,1.2690299999999994,7.417473308767954,2.5247278911564632,0.0,-0.516568405139832,1.8996239606953893,0.7022222222222224,1.912149234693877,0.9112528344671204,0.0,2.4916666666666663,12.33217970521542,4.849138875897581,2.183235071806499,6.0,1.6068322783181097,3.641095235125476,1.950345629959334,15.482669935692154,32.899607483100745,26.34747790875489,0.0,0.3510000000000003,0.0,59.08,1.586,0
-0.5415000000000002,0.2932222500000002,0.0,1060.4965009999996,15.323011200000002,1.016064,208.94877032529405,88.55822777447716,31.083744430930263,9.11222622222222,0.7005218028888889,0.6505232508,0.4446129048489999,0.0,172.17924196494403,157.93552731966875,12.003086419753084,2.074515555555555,0.2044243950617283,43.13580246913579,46.428566765432095,0.951775618468888,4.792866941015088,-0.49820398315021,0.5552115314565229,0.7477967372960777,15.99691616364018,2.932119240235184,1.6590927568200224,2.7455800581311065,0.0372677996249964,0.0,0.25639,-0.6898148148148147,0.0,0.0,-0.6898148148148147,0.0,0.0,0.0,0.0,0.0,4.033333333333333,9.34027777777778,0.5772638888888889,2.3564814814814814,3.0,1.5304930567574826,1.63943194468483,0.5283208335737193,14.760948718610004,14.616876395539553,1.9371763897703025,0.0,0.724,0.0,46.53,-0.5790000000000001,0
-4.5528,20.727987840000004,0.0,5894.300305000012,79.36552115981756,69.9383191724139,271.9456958402941,191.9075363903681,175.0447126574287,8.205319368421046,1.486928997710502,1.268660502703277,1.180241298769921,1.081675258586667,163.49195053341185,147.3869779525734,8.649366471734892,7.8844805614035005,-1.1818535032317612,219.6215886939569,38.15667733579561,1.3899661905082186,3.853010327964157,-0.3543377315697309,0.636168610231502,2.528390568852388,16.00753665629108,4.892026885854484,3.4732027920966613,4.966510836287083,4.4594736471780525,7.138610130439052,-2.60441,-3.310875600686656,-0.9479902053413948,0.0,-1.5128486919459132,1.17064729746097,-0.5287434387335177,1.372374595544013,0.0,0.0,3.055555555555556,13.65653202947846,-2.274132850962905,4.350427177815571,10.0,1.6455931608259855,4.187296853338756,1.8110973581968164,15.99076058987064,49.11103044502019,27.506676694800912,10.833027413098115,3.618,0.0,195.53,-2.8250000000000006,0
0.4990999999999995,0.2491008099999995,2.0,5394.931930000008,82.898843072165,61.93876455000003,265.13393974268774,177.1666468737386,168.05905440964992,7.780783405405407,1.434638721326532,1.3558230690172983,1.2919375511697988,1.2845728427125396,164.16787566320355,148.1997669404093,3.2842577659964496,2.8604012432432406,-0.0179434390065742,30.782375997396567,73.69215289262233,1.4514150242683983,0.8319561080377451,-0.4246949932024396,0.8072795905853357,1.999135649100936,34.96985429261531,5.386252910509215,3.419359960189873,3.805192093559645,1.5553535387555817,2.443170351464784,3.3218000000000023,13.575153321731069,3.8417292436521935,1.6333054581571995,1.091514060356653,1.518988541404216,1.091514060356653,2.264043174883122,1.4172969419249182,0.8749323198072095,2.047067901234568,11.208149722852104,6.5194645245890985,2.0783367626886142,4.0,1.7082445896228502,3.5012087760061,1.707382791453352,21.209782249386457,38.012956981998535,25.28463451251379,1.5000000000000004,0.8869999999999999,0.0,50.94,3.439,0
-3.2209999999999974,10.374840999999984,0.0,3232.8088449999973,23.676418500000032,21.353203279503127,213.6581435664553,113.49134463132484,110.03115045254738,7.147387533333328,1.0205230347935788,0.9978951906802352,0.9873016046728972,0.8952416185186598,166.95954238780354,146.6358448960517,1.7050925925925926,1.5897170000000014,0.1398099999999842,10.627314814814824,29.2906152697222,1.2208992855773697,0.177121913580247,-0.2018801400805301,1.1820954040514042,0.3917657575805151,15.994919918607964,5.127176093442896,3.4553735716781504,3.511510839289492,0.6358988729399061,1.1433884596104202,5.406600000000006,0.0,0.0,0.0,0.0,0.0,0.0,0.0,0.0,0.0,1.6746031746031744,5.781522267197548,12.533425899881625,0.9153164361297202,2.0,1.126202107424255,4.780688488184264,4.261570155749415,9.664435496405828,56.58793342981253,32.887194847976325,0.0,1.098,2.0,12.47,7.054,0
-0.4399999999999992,0.1935999999999993,1.0,6581.321068000008,112.92187946835448,90.99079163953496,270.5959227792627,216.38124347377865,198.79946511228965,8.372592428571423,1.465490212100544,1.4671327427664174,1.39515600780693,1.3085405929482108,166.49403323160675,150.89326209423726,6.525774825629078,5.423507142857143,-0.3435421224489797,103.39285011177164,65.1669870589569,1.611509677325761,2.461734526470753,-0.7186710719538114,0.5605170618864835,3.24537225761506,34.969380885124565,4.724519425043217,3.529772482561029,4.019332037028351,0.9910053002986936,1.3138923588269174,2.613280000000003,5.790004279727923,0.4862227025675512,0.7774043698013389,-0.9511268163529694,1.4231654698916605,-0.11202930298484,1.6798620973616465,0.3153343250330986,0.7774043698013389,2.641144349477683,12.635402179390276,4.261469021890534,6.226453033288076,8.0,2.0465495690244726,3.345767853754288,1.4279563916913594,26.4337935090871,41.56276029996436,29.181591820331462,0.0,1.4879999999999998,0.0,140.78,2.592,0
2.6562,7.05539844,6.0,6887.284474599084,172.7933935793203,131.58273508379122,324.10961847453194,232.8661697021864,226.2617553376642,9.371198733333332,1.5428343583822253,1.3904341651704826,1.3905029138695653,1.4063792220636748,174.28480965414312,151.42586032652258,13.9966493928771,7.270223200000003,-0.555655640000001,182.6902707920539,68.19502411539744,4.273097759340994,6.089675693068463,-0.4211156067808231,0.6820129348760311,3.5770569413873687,34.970156831433144,4.496917968750005,3.2190609989255887,4.885003963562417,1.371929893978227,1.7068634972155392,4.709779999999999,-3.4241551284538083,-4.849149553710807,-0.0098074399111223,-1.313752729486857,0.8602783352143022,-1.1397361451212469,1.1320167058592985,0.2838038210386695,0.0987708342282522,3.2649176954732515,13.963084019377913,8.017655954868347,2.980419396153524,4.0,2.1464657985040723,2.7604247971044464,1.3999999999999997,30.910145930188385,58.348859895457714,36.50316955065651,0.0,0.5110000000000001,0.0,58.2,4.702,0
1.6792000000000005,2.819712640000001,0.0,6146.0390080000125,69.8436518118812,74.37074830909091,247.8989799372636,174.13457943228414,171.82656263594936,7.797055725490189,1.4137161670396523,1.3270286232493866,1.3239565301593377,1.2915775096314357,164.09079019953774,147.84698955746083,4.342182414804055,4.534923647058827,0.4599195294117607,79.90806638155935,59.14208490272969,1.5629408528699114,1.5668248310109676,-0.6047433934637373,0.5203883356277069,2.675280256707069,31.97307354105316,4.470837700760487,3.4474329491905946,3.866180199314357,1.5564989935837197,1.6103396363244775,2.0491800000000016,11.55915336832808,1.1571060014787469,0.0,-0.4064642384731673,1.9708508877375768,1.1571060014787469,2.04566511721003,1.1571060014787469,0.0,2.3062678062678064,12.147188191264668,5.810125533130222,2.537554642227261,5.0,1.7442261155442926,3.928199226427203,2.189369467580801,20.680268161846715,40.70324512224404,27.722373391966386,0.0,0.8290000000000004,1.0,122.03999999999998,4.765000000000001,0
0.2570000000000002,0.0660490000000001,0.0,3324.474021999999,68.12958300000015,65.37125162745096,230.65973793955,154.67138400160513,183.45376698745736,7.557205031250005,1.2269048872579502,1.1841996052013433,1.4244063082352951,1.4276126665065851,170.25873157726042,154.45001400881569,2.6650377229080933,1.4503414687499974,-0.1205168437499981,14.828360768175587,53.42210918359379,1.6268038861265368,0.4633862740054871,-0.9810011185439668,0.5103027639920987,1.33785959484387,31.97207172993013,5.288276885900481,3.2143788486373843,3.3111249129695985,0.5535093940945329,0.711473874734299,3.061170000000001,2.420740740740741,2.420740740740741,0.0,0.699074074074074,0.0,0.699074074074074,1.022314814814815,1.022314814814815,0.0,2.0320987654320986,4.395613924582179,4.1389364623750735,1.6102252876459229,5.0,1.5741926941039566,3.4258073058960434,2.31603543557671,17.520286644312613,33.422156356365875,28.847461713476548,0.0,1.609,0.0,88.03,1.806,0
0.1526999999999974,0.0233172899999992,0.0,4876.23619700001,70.95575421428582,60.5806244930555,275.84730766310366,201.9980367180023,181.5170272700853,7.869575921568619,1.5419125276454062,1.398496843770617,1.2970943917029534,1.30827631483797,158.7679656748721,142.63542720416004,4.056100217864922,5.385328156862743,-0.1768542868127657,57.88017429193896,35.801054639753936,1.3584961569886422,1.134905378273313,-0.2694529689541113,0.8376540099233137,1.495593474591871,15.999949388222015,4.967326682127797,3.519370373713808,3.950000027334315,2.3499248032512403,3.2495914190970887,4.599460000000004,17.57423163042676,5.383010801656463,0.0,0.0227730536659118,1.7650539412020292,0.5562502624506593,3.993360226169431,0.9309337131189588,0.0,2.247126436781609,13.517073019022424,6.614205855618167,1.7885510099101376,1.0,1.4045979771938728,4.267827364777624,2.249589332415697,12.55457257604902,52.44152468249253,25.46633378353769,0.0,1.636,0.0,63.22000000000001,2.076,0
1.2488,1.5595014399999998,2.0,4669.258581000002,152.6116728378379,118.09941123333336,330.8381283683438,254.0263652397912,223.3881032147316,8.502689900000002,1.9483213630212244,1.7336553124242708,1.5996298018949668,1.3155648331284762,155.54966555350228,142.46000694836908,6.764418533760096,2.5953787999999984,-0.3181918399999996,48.37990397805214,86.98637148750004,1.4166025398631863,2.418995198902607,-0.4842116814005178,0.3944206963758331,1.9634008712352475,34.97015589583141,4.6035093178471485,3.022927930662384,3.7141705455564735,1.02386451270177,1.377119548407344,3.20819,10.897829498054367,2.5156202933848446,1.2980783187760698,-0.8675541698160745,1.7795816186556928,0.3894890260631005,2.0295816186556928,1.2072039556563368,0.7562923245429858,2.446090534979424,11.117068846056942,3.844600372172532,2.534220836482741,3.0,1.8804820237218407,2.441446071165522,0.9377443751081742,26.45972350428652,37.59058152976881,26.36376137881292,0.0,0.8069999999999999,0.0,50.19,2.246,0
-0.5276,0.2783617599999999,0.0,2539.762207999999,81.77022246153852,68.09821070731711,319.2162447348103,225.07025909393843,200.4034194769472,7.750765333333336,1.7130942478017075,1.5120463416037682,1.3871620160414149,1.3420859540606431,151.0568655441247,136.9375667682,6.444444444444443,1.824445333333334,0.0011842222222221,58.66666666666667,30.55623322222221,1.3332499198046373,2.4444444444444446,-0.193033036665195,0.6015512265512266,0.4985311581973732,15.995921689040893,5.4889375,3.050847904028825,3.718057279375838,0.9597728009396276,1.3889084698356655,2.43039,15.797407407407407,2.022962962962964,0.0,-0.0640740740740737,1.6999074074074074,0.5057407407407408,1.7757407407407406,0.5057407407407413,0.0,2.5,12.101296296296296,4.579536666666666,1.7307407407407405,2.0,1.280672129520887,3.30429037120027,2.500000000000001,10.75413877122561,48.29072918469558,42.83107917796477,0.0,0.827,0.0,34.14,4.074,0
0.3446999999999993,0.1188180899999995,0.0,5826.387260432649,95.55517894947714,109.62701510320824,284.8222161813185,191.12006952938387,203.84892575305463,8.080635709677424,2.055907122628127,1.5856888262722793,1.647355524934353,1.3189964343425775,161.34386169628343,147.43981060580003,4.654225420495498,3.31498541935484,-0.3526433038501556,47.56361822794522,83.17111653769335,1.894198359373415,1.5343102654175875,-0.4645497264374166,0.8669474667606184,3.0382348528652514,28.29989207783299,5.196673625388709,3.3415238896570383,3.527215571397565,1.4613632390286997,1.872443094038566,3.1308,8.60916367667323,1.2940747214523676,0.0,0.6384213767811655,1.7985337406567563,0.6384213767811655,1.859021477989916,0.6556533446712021,0.0,2.2503248862897984,12.275322359396434,3.8658469270945126,3.1326341113148506,6.0,2.12359611806899,2.8306001923178856,1.4193548387096784,29.74000198552455,37.832037904788464,30.86068785486124,0.0,2.903,0.0,127.45000000000002,2.6940000000000004,0
0.3654000000000005,0.1335171600000003,0.0,3261.103090999999,64.45902647945212,52.27155926250007,234.4498699149789,180.76110017710363,165.568468639247,7.7565867,1.1426687932266364,1.271400009619012,1.187964015124287,1.1330886294058766,165.28592209473075,148.21888992323252,3.959722222222221,3.9787030999999984,-0.1455549999999999,49.48888888888889,36.86341750937502,1.30649852588897,1.2372222222222222,-0.6395309977022894,0.5648684133460887,1.1395624948769123,15.99793077026536,4.493299856133381,3.1566961187925986,3.4335838567084305,0.5571572914443351,0.7484518230524905,3.638980000000004,6.613869598765433,1.871645303183002,0.0,-0.4846218873351808,1.7183333333333333,0.6034230914588059,1.763373960695389,0.6593767846644831,0.0,2.3684210526315788,11.497285997732426,5.652381608262502,2.151288554001848,3.0,1.483387225208352,3.83854086967901,2.393788270193656,14.029551349736748,39.2138503600872,25.27863606802609,0.0,0.5140000000000002,0.0,56.790000000000006,3.0540000000000003,0
-0.4603,0.21187609,0.0,1997.2980929999983,52.8376260227273,46.76843697435893,288.46218344905174,182.9358308213548,170.1850521045908,7.4357629565217405,1.5066916135404782,1.3769732074077965,1.3042004149216162,1.1059468298679105,154.61565561413002,140.20654848738545,3.9275362318840585,1.0442577391304344,-0.1141266843100179,24.20289855072464,32.07196903213611,1.3662404304506028,1.0522999369880277,-0.5300954095309172,0.638744133354912,0.2492655790986617,15.994917651613724,5.383228595760387,2.898644227605438,3.4730069469394054,0.4917562223175231,0.6503288223857576,3.478190000000002,19.43605253212396,2.2475925925925937,0.0,0.3275000000000003,1.6967592592592593,0.3275000000000003,1.981203703703704,1.0422222222222224,0.0,2.230769230769231,9.56394746787604,5.588868040438398,1.3391666666666664,0.0,1.2088301752949475,3.3147317807620653,2.5677673924331144,9.548811986070929,39.997003024032985,24.472615283111963,0.0,0.5149999999999999,1.0,20.23,5.063000000000001,0
1.1879000000000006,1.4111064100000017,0.0,4728.911303432651,92.97712870488004,62.764203048566046,274.8379459144911,212.27160599826777,184.15077823493627,7.356784793103452,1.9209840789421004,2.1337942467479203,1.7000724224734711,1.2282817869421008,156.95827271112194,139.97824772851035,2.231911464820859,1.272037310344826,-0.289440827586206,11.13369886844414,90.91976780052084,1.6513238961349452,0.3839206506360048,-0.4378930045004288,1.4646270548106477,2.1122031592212736,31.97307413223908,5.352349933684954,3.101612361403496,3.11923946169978,5.49251489563482,7.3426650448797695,3.866680000000003,12.901146708168865,1.7133264746227712,0.0,1.7133264746227712,2.1235694776881946,1.7133264746227712,2.341093106995885,1.7133264746227712,0.0,1.7444885361552027,6.189964096749812,6.786438165443647,2.3930564128943765,1.0,1.6227175508861444,3.2352634442414283,2.01512282406025,23.226639996148844,36.022024279083865,25.95721959100748,0.0,1.773,1.0,76.43,5.312,0
0.7906000000000001,0.6250483600000001,1.0,3332.128167999999,67.02191920512821,63.771276285714286,275.4979859884933,176.87375236910162,164.2208046724942,8.202799681818185,1.4818493815212257,1.3350174034639493,1.2634307691169726,0.9792794539074058,160.45097082966552,144.7232829485614,6.246452868880851,3.0240729545454546,-0.3104534545454546,53.32824126034005,68.30421027272726,1.2892730364463063,2.424010966379093,-0.5615479416776067,0.4548599578694652,1.4089815045739478,34.96937997976666,3.659720798151116,2.959976929908379,3.721417826375882,0.6130136727954778,0.7467245524436357,2.62081,7.833667293048908,2.961597222222223,0.8247840244922843,-0.948132716049382,1.826219135802469,0.6585802469135806,2.028241825536799,1.3026311728395064,0.8247840244922843,2.61633428300095,10.2339381401852,3.416273599077262,2.6147993827160487,2.0,1.649725367358884,2.809706251278413,0.9599734308528984,20.21977089782068,26.471127671644293,21.87234903549486,0.0,0.6089999999999998,0.0,46.53,1.942,0
0.898800000000001,0.8078414400000019,0.0,4993.007816432654,77.4169139754569,47.95289828248282,238.487377160966,170.99275255201263,147.2603054023334,7.380162815789477,1.6636925214045934,1.738857901151633,1.3517857147733552,1.3100140127499322,163.59427396365865,143.21451415379732,3.039287426098396,2.274793078947368,-0.4928782873961201,43.58125491340384,80.7658149114403,1.4944712404037552,1.146875129300101,-0.8068801626474853,0.898583432178866,2.36146873832,31.97307425739448,5.267539156116622,3.3314629360815484,3.390930123011332,3.262872211691187,5.449705666679231,4.214400000000002,0.0,0.0,0.0,0.0,0.0,0.0,0.0,0.0,0.0,1.9516460905349795,12.842340534979424,5.867713207461996,3.5965457818930044,2.0,1.530527357175561,3.717400156268024,3.201356985888108,21.525771527057465,39.2639603195796,34.838953479671126,0.0,2.1920000000000006,0.0,86.71,3.221,0
0.1655999999999999,0.0274233599999999,3.0,4401.929097449317,83.27436103017415,81.62966667816868,288.52032924168424,212.8825679315442,212.22081319590805,8.28139084210526,1.524166296577732,1.3905367192463869,1.3927496817053846,1.3165085731540824,167.472369786697,146.9624722875563,8.460709064327483,6.505075052631575,-0.4642761606648202,140.58132309941536,38.9041619663974,3.158965913255994,3.699508502616194,-0.5733506894500835,0.3949861170455998,1.7443982554318185,19.000413582911747,3.659731933593751,3.5300590518121786,4.374683544303797,1.2081785863271195,1.5985436604378702,5.4320800000000045,14.07842041869166,0.455197323528177,0.0,-0.7880424330225926,0.9839139266817838,-0.7880424330225926,1.81565956214901,0.6293759054547745,0.0,2.871527777777777,12.935194959194778,9.067613583024118,5.710881595406761,1.0,1.692229975629597,3.555697537813988,1.9295608561171584,17.666405953109095,54.336660384687725,30.85027324887673,1.8168991397146184,0.8739999999999998,1.0,45.400000000000006,6.397000000000002,0
0.8913000000000014,0.7944156900000026,1.0,5727.553873000011,60.48301441463418,50.81091883593755,250.2455873912656,162.56423098688475,153.3143342034577,7.63153253061224,1.3103310793057137,1.2377495537123675,1.2176917337998143,1.1002848447383855,163.3968604366321,144.57242937062043,3.9724002998547374,3.86643595918367,0.403330204081632,75.2332148222801,62.938630360683085,1.3800659012476713,1.5353717310669408,-0.1059601780732403,0.6143650451372261,2.1768403854888447,34.9688539615335,5.342922137194095,3.4146131716979413,3.8431242673045376,1.6912310328506557,2.7123643689649786,4.377680000000002,4.6632676897994525,0.0,0.8227615957038752,0.0504277051469883,0.0,0.0,2.043738812586632,0.0,0.8227615957038752,2.195383789586688,12.496403769841272,6.022917055856328,1.9831902189888304,2.0,1.6054610997256646,4.009248744389543,2.5622219392170344,20.06854848095461,38.32510566588151,27.600144695507453,0.0,1.394,0.0,81.03,3.401,0
0.7848000000000004,0.6159110400000006,4.0,5363.279395449317,91.0351061708468,107.00750919477332,269.63444134490504,193.34161651819645,201.53967233790985,8.366235499999997,1.3687522267129986,1.2808081423900897,1.3083169042485456,1.3477647690191017,172.99139219166145,150.72944465980774,7.644327976720493,6.514160552631571,-0.301367251385042,129.30039071587288,58.3527767234279,3.075004606394388,3.402641860944023,-0.4664745435931557,0.3986619774624376,2.441317800575405,34.96938047188153,3.897211914062497,3.329651613934056,4.542586750788645,0.958250352828514,1.1452980658286172,3.79089,9.151549484090127,-0.1302832180979715,0.3571908553678131,-0.7178023169144196,1.167209685829064,-0.7178023169144196,1.6763763524957307,0.693847676543835,0.3571908553678131,2.7505367686527107,13.226355913011908,8.592756647352402,5.68694534989922,4.0,1.913282964165099,3.334644549278486,1.409180921621965,23.46746130808479,36.261596506157424,29.62757074250872,1.807204007219689,0.9219999999999998,0.0,39.41,4.904000000000002,0
-0.3695000000000001,0.1365302500000001,1.0,2187.427985999999,23.88411190476184,12.58857600000002,192.6910708922951,71.52072172266014,62.442867639532444,7.36599365,1.1925394650976902,0.756072148701668,0.7809448498993328,0.0,170.86503736960688,153.5810623877211,1.678042600213382,1.0064217500000003,0.0537384375000014,2.695463725041916,71.78469066000007,1.106301979171547,0.1347731862520957,0.0740974531020355,0.4662836900988009,0.8036849457600344,34.96937969228916,5.402657303098682,2.4575399160416924,2.5875170448718845,1.0606601717798212,1.5562289791991837,0.9314,0.0,0.0,1.2017884087791495,0.0,0.0,0.0,0.0,0.0,1.2017884087791495,1.6922398589065255,2.237978395061728,4.61670863340192,0.3653549382716049,0.0,1.3361602543738118,2.985767840513551,2.643030191899884,16.98978579202106,20.420854458552,9.003637028084183,0.0,0.092,0.0,0.0,0.637,0
1.6372,2.68042384,3.0,5697.204791000002,181.73377144444444,175.48522943478264,321.1833758017936,247.75108781977235,234.19110977673813,8.957814263157896,1.894326244294118,1.8648584508036297,1.7192124506324789,1.4678940405849,157.8829078789182,144.03507821603952,6.937970784299568,3.28377494736842,-0.5356244210526331,50.24112579115828,119.056552365651,1.1962150256244584,2.644269778482015,-0.4766273460257327,0.4827351495415639,2.7313510391296134,34.971058041694185,3.712111491179741,2.897469787277439,3.847038125080142,1.1652553006305002,1.133147568649208,3.84488,8.10627654251001,4.818397528764593,2.436332745832672,-0.9141471053441952,2.0231498628257887,0.7883813443072705,2.1788762562638224,1.462524862825789,0.8879939010354941,2.455026455026456,10.3424431162497,2.9857607570340665,2.580813772010862,2.0,1.8732214356139147,2.3747060778296705,0.8163039475961531,28.24476742779256,44.096227428516414,28.85424088145612,0.0,0.537,0.0,46.53,2.022,0
2.4651,6.076718009999998,4.0,6552.6591050000025,304.7980944230769,168.6718773181819,336.67629575868966,289.1980187009072,195.53125415315745,9.09784705882353,2.5854109124999995,2.1228381233076927,1.6409055517272733,1.320738058896214,157.10419903527037,144.08386223387356,4.715298510808073,2.872999764705882,-0.579517647058824,24.057595237454848,148.09663714878897,1.115131183747639,1.4151526610267555,-0.260834847344097,0.8237615706605516,3.14327022730879,34.97200742322337,5.269525976332194,2.9073786183694024,3.312367960853748,1.9773403929926248,2.461661461744358,4.384989999999999,6.773995198902608,6.773995198902608,3.3293162635424536,0.4474245541838135,0.0,0.4474245541838135,1.5370558984910838,1.5370558984910838,0.9075034293552812,2.067901234567902,9.870073731138548,3.092078210541419,1.2192421124828532,0.0,1.8726696380501493,2.2147932032001902,1.3385227942449105,29.80566975237591,56.40115189315609,33.334108117562344,0.0,0.0089999999999999,0.0,29.46,1.773,0
1.7207999999999997,2.961152639999999,3.0,5296.9726690000025,219.3978307307693,94.3695245,316.2492786122898,248.10697500753884,162.52811161474153,8.782719941176472,2.2437503891428574,1.8132829387249616,1.376094326727273,1.1045246656495715,158.08997692982032,144.50169421175005,4.739496758923048,2.746990470588236,-0.4851924705882362,24.51381156028941,132.55435691349484,1.1726409075952926,1.441988915311142,-0.3171112743895025,0.7890053558405178,2.4820854600309588,34.97105775393335,5.147274570808138,2.839314163126749,3.2831638992754963,1.461280530949453,1.747222827918126,3.73159,7.04519547325103,5.182045610425241,2.512217498110355,0.3284259259259261,1.8631498628257888,0.3284259259259261,1.8631498628257888,1.4799571330589851,0.8866700960219479,2.1558641975308643,9.542141632373111,3.066308928991349,1.3382407407407406,0.0,1.851226815897192,2.236236025353148,0.9567448533229652,28.101289533454693,43.36841570481306,28.01358108491473,0.0,0.2039999999999999,0.0,29.46,1.677,0
1.7207999999999997,2.961152639999999,3.0,5296.9726690000025,204.8222412692308,106.86101168181824,316.24927861228986,238.36920878203915,161.2076485686311,8.782719941176472,2.2437503891428574,1.7548960212307696,1.307506706245273,1.320738058896214,158.08997692982032,144.50169421175005,4.739496758923047,2.746990470588235,-0.4851924705882362,24.513811560289422,132.55435691349484,1.1726409075952926,1.4419889153111427,-0.3176724601961436,0.8099250121558678,2.482085460030952,34.97105775393336,5.025026229887512,2.854452386267644,3.2785479610588046,1.479843938373858,1.6406621053322414,3.73159,7.052695473251029,5.068017832647463,2.4639647546261303,0.3903257887517148,1.9846776406035664,0.3903257887517148,1.9846776406035664,1.4277812071330591,0.8704663923182441,2.155864197530865,9.66306755829904,3.058331771926878,1.276340877914952,0.0,1.851226815897192,2.236236025353148,0.9567448533229652,28.101289533454693,43.36841570481306,28.01358108491473,0.0,0.074,0.0,29.46,1.677,0
0.9764999999999996,0.9535522499999994,2.0,4041.286233,119.42197757692308,86.4791754090909,295.82226146589005,197.27816508867087,141.14689124524006,8.467592823529413,1.9020898657857144,1.4453408366480387,1.1467770914656816,1.1045246656495715,159.07575482437028,144.9195261896265,4.763695007038024,2.52925305882353,-0.3908672941176472,24.970009951854543,108.80272467820068,1.2273968249310507,1.4688241148149732,-0.3837211990090456,0.776057171676328,1.82090069275311,34.97015554284352,4.902774731256835,2.771102797107457,3.250529168181883,0.9684557256938244,0.8410963608384193,3.07819,7.297229080932785,3.543413923182442,1.673532655860698,0.2713271604938274,1.8161436899862824,0.2713271604938274,1.9376714677640603,1.3609585048010977,0.8496330589849108,2.2598204264870936,9.335135459533609,3.0261086014879206,1.3953395061728393,0.0,1.7838593436779766,2.303603497572364,0.8679345589507923,25.37129914779948,33.00757632668055,25.640060416385232,0.0,0.2229999999999998,0.0,29.46,1.581,0
-0.7988000000000003,0.6380814400000004,0.0,3795.727182,54.38260705932206,57.11585209090916,253.36702147591205,154.34922241174056,155.47555033029272,7.921227512195119,1.4337420402788208,1.112357994533245,1.111207540578029,1.2568520636546838,165.63112345001784,148.9549426370655,5.750169376693766,4.248072,-0.3867239999999992,90.83401084010836,37.11835984889946,1.447893264271315,2.215463679027033,-0.5252716377545992,0.4779403838673501,1.424562851841216,15.999297202371524,4.54095048688022,3.207680764526664,3.937694536811624,2.5089784168813583,2.344291621690976,0.8461899999999996,2.52813358213656,0.7841471928277495,0.0,-1.1291184807256236,1.480036848072562,-0.0124017384731665,1.5188331443688583,0.6390692449819437,0.0,2.640151515151515,12.12661631127811,4.199647251604658,2.7957851473922903,7.0,1.6485551950639523,3.7089968095541312,1.6428840594217369,15.991840819958403,31.26045841259622,25.820706976176023,2.7346873605860256,2.2740000000000005,0.0,100.88,1.313,0
1.1215000000000006,1.2577622500000014,2.0,6419.727338000007,70.41867863157893,96.80507024999989,288.0306625386196,179.7003258356792,192.7591913765795,7.899355514285716,1.6603509327797925,1.4373814411809265,1.4530069757274244,1.7642339314552982,160.76537859045388,146.3695858726987,3.3645834694188603,2.776996571428568,-0.0701990612244896,29.79242765693384,87.24297168489794,1.6177664503130815,0.8512122187695382,-0.4724662815688774,0.8447230749117188,2.6244943515338406,28.29989207783299,5.196673625388709,3.661912077370893,3.9103454937673305,1.4613632390286997,1.872443094038566,3.13549,12.937198926324072,2.751710460933345,1.6656983928688072,1.3270266264942194,2.0885913281636386,1.3270266264942194,2.197620820619057,1.4246838344391255,0.8339593773037335,1.9756025867136977,11.474417289549564,5.934408434954229,1.9031618655692728,4.0,1.890402293522784,3.238880723422182,1.3031325849839095,26.41310577690222,36.07200498109341,29.28726899077309,1.9441612972396656,1.7699999999999998,0.0,80.28,3.2150000000000007,0
1.7332,3.00398224,3.0,5843.501040000003,147.64722597222223,149.2910136562501,307.0670124874748,228.52179018598392,225.19108415252083,8.68981431818182,1.7202411075941155,1.692223938968028,1.6801132807576569,1.4457840612936257,158.92749590172468,144.07754261911597,6.243146485430435,3.5659138636363634,-0.4562287272727281,52.50558569231407,115.54895635537191,1.209471808494761,2.3866175314688216,-0.5011820954259923,0.4492166909203007,2.731351039129592,34.970854331765366,4.026486029567187,2.9016161384754087,3.824893597252242,1.3652209280169765,1.249242612899812,4.23338,8.117992339940091,4.808400363231713,2.409277564706724,-0.9095174757145654,2.033566529492455,0.7860665294924555,2.185542922930489,1.4603517713669831,0.8811714961476131,2.4135802469135808,10.67346163476822,3.446364217306035,2.576184142381232,2.0,1.8371323244686169,2.6222992941686805,0.9777170456512252,26.836503186990004,43.17010217917772,29.47671848925697,0.0,0.5549999999999998,0.0,46.53,2.548,0
-0.3226000000000002,0.1040707600000001,0.0,2702.670439999999,51.09862115254236,68.46252590476193,238.3755286688938,147.65738094220077,199.91780645505872,7.775192774193552,1.3094951477862724,1.0633427406657978,1.4005449719654055,1.2994519240111642,166.87501475447533,151.86326463812586,4.381720430107526,2.5834735483870976,-0.1553081290322577,41.768817204301136,36.24016237252862,1.480193972020559,1.3473812001387464,-0.6960170307240113,0.4770305058566089,0.9260316936438712,15.995923227410149,4.18042727168516,3.144893895565768,3.4783775552320835,0.4086292418552051,0.3960543887918948,1.62267,9.381257689804318,1.197091836734694,0.0,-0.4919081737633324,1.689722222222222,0.4655149281934996,1.8300699168556311,0.7315769085411945,0.0,2.4375,10.978619457042075,5.15064362638574,2.158574840429999,4.0,1.618325528409407,3.335870781977469,1.7062533222445526,15.52175512498276,31.710784650808783,22.29268629005708,0.0,1.3060000000000005,0.0,53.93,2.425,0
0.5906,0.34880836,0.0,2238.968816,57.42216016666664,10.87912,317.4853837833813,172.06511093716492,86.15139104960858,7.522958357142855,1.7683730756061256,1.5216513494276669,0.939465328283,0.4446129048489999,152.1941873400961,139.13394458470006,2.855403684107388,0.3629249285714284,0.0052877908163271,5.462399568881051,66.688008,1.7667219524398203,0.3901713977772179,-0.5084447037527339,1.1823594429326498,0.7678588809151279,31.97207140703843,6.971178479087464,2.7454567231835085,2.7508048313629527,0.5761034997313058,0.7673590678924893,2.1590800000000003,13.404763374485595,0.0,0.0,1.231224279835391,2.0494444444444446,0.0,2.2080761316872426,0.0,0.0,1.8868312757201648,4.268909465020576,3.5373534567901235,1.3403395061728396,1.0,1.5744174271404583,2.232937494917145,1.4006886053169143,19.0377818790139,26.19594964293913,22.39329089410929,0.0,0.528,0.0,41.13,2.14,0
0.6946000000000006,0.4824691600000008,2.0,6728.069590149779,112.63778562947763,116.30935449193856,285.847256693733,242.86961696383327,251.77703437598325,8.364312687499995,1.4673335076009573,1.5561649697105404,1.5887188879637135,1.461779757888888,163.86029121223717,148.08272473677258,5.178351083422242,6.69533647916666,0.0862993658854166,68.97084968627749,48.79427145248022,2.0096989639268235,1.4368927017974478,-0.3216455836574963,0.8305573860312293,2.8453023496176115,34.96885411364578,4.6584077385416105,3.586196900489516,3.905472722314708,1.21258009248306,1.4878289489917509,5.632360000000005,16.514358763066678,0.8290915318860992,0.5349984376637954,-0.8379571015649045,1.1670816519139031,-0.8379571015649045,1.918454051973808,0.991562567643709,0.5349984376637954,2.401427469135802,15.126084528546649,7.840589772917541,2.504623768231572,3.0,1.9214561183713483,3.6635063823498086,1.7954335305705014,22.693151304049984,54.77325748471447,29.05532630582433,0.0,2.87,1.0,96.65000000000002,6.188999999999999,0
2.1659000000000006,4.691122810000002,0.0,4920.1196924326505,106.43893797424565,76.13396011334494,261.169041120422,210.8963509111125,188.35349832144067,8.171654562500004,1.6241672999314325,1.7632787188368078,1.5134654274085864,1.4502896536489809,162.8933642318183,147.33368902237504,5.893222319863588,4.505825499999997,-0.1216271249999998,74.42193423973102,70.91088499276947,1.5618865405375462,2.3256854449915942,-0.6979858047966733,0.4699227162167491,2.6264069516653024,31.972072874197465,3.657791310543909,3.111706990094634,3.81818181818182,1.5772507382962002,2.4440102373061303,3.362590000000002,6.690565721144426,0.6487257320623732,0.0,0.0514177759581204,1.425773389602755,0.0514177759581204,1.5951466049382717,0.5973079561042527,0.0,2.5800754458161865,10.54115403228952,4.294225335418691,3.890184546555248,2.0,1.933378427121347,3.066621572878653,1.7256025296523003,25.534953281243453,37.306474703476994,32.7794171866887,0.0,1.779,0.0,112.73000000000002,4.326,0
-0.4263,0.18173169,0.0,2163.9820929999983,51.362542232558106,41.2970543863636,246.2365405320406,173.66540118216787,151.2984312170605,7.678856153846157,1.2103137274039188,1.304322723394024,1.199075612745274,0.9251282860853344,163.61598737039378,147.56973805331157,4.426282051282051,2.155299846153845,-0.0871707692307685,38.91987179487177,35.71610126775148,1.3936763430924264,1.4969181459566063,-0.5536597311927395,0.5711811507187927,0.6410313366795819,15.995920673261132,4.21387921163177,3.119004738530744,3.322092209463553,0.3156026904038946,0.4072376484795247,2.8776800000000016,8.818717587343581,1.60421768707483,0.0,-0.0655926923238428,1.811898148148148,0.7879195011337871,1.828148148148148,0.8162981859410432,0.0,2.423076923076923,10.681432271982867,4.296453733544344,1.7322593589905095,2.0,1.4956321302677145,3.204807587873378,1.5384615384615388,13.95077538878322,26.66552974928069,22.78987048877628,0.0,0.756,0.0,38.33,2.021,0
1.6172,2.61533584,3.0,3915.387685,0.0,0.0,375.1810849871158,0.0,0.0,10.097171,0.0,0.0,0.0,0.0,163.23805831298984,147.795189994975,1.6420667581161408,0.7914212,-0.16532356,0.0940100594421581,213.11921056,0.6162245999222393,0.0188020118884316,-0.687104259145397,1.271076523994812,1.98355430183357,34.97105665820932,5.938437168395061,1.3053892215568863,1.0092592592592593,0.0,0.0,1.9864,0.0,0.0,4.046296296296296,0.0,0.0,0.0,0.0,0.0,1.3487654320987654,1.3425925925925926,1.3487654320987654,1.804944444444444,0.0092592592592593,0.0,1.3709505944546687,0.9509775004326936,0.9509775004326936,21.503151654612022,25.80184651432822,-0.0,0.0,0.0399999999999999,0.0,0.0,2.074,0
-0.5895000000000004,0.3475102500000004,0.0,1578.4362269999997,1.016064,0.0,228.1390771757588,31.08374443093026,0.0,7.748738099999999,0.824156148,0.444612904849,0.0,0.0,165.5875717328094,143.68134018487777,6.318670934308794,1.0074784999999995,0.18297875,32.79890260631001,96.80221629000002,1.5188378757581584,3.2798902606310008,-0.0145451017191442,0.4750317853319057,0.8746242815316315,31.97267694155927,5.508497641864143,1.6439654002264696,2.499999999999996,0.0,0.0,-0.0052999999999999,0.0,0.0,0.0,0.0,0.0,0.0,0.0,0.0,0.0,2.8580246913580245,9.753086419753084,1.586666666666667,2.425925925925926,1.0,1.570950594454669,1.7509775004326935,1.7509775004326935,21.95255456765735,16.19833099445768,-0.0,0.0,0.0849999999999999,0.0,23.06,-0.786,0
-0.4991000000000004,0.2491008100000004,0.0,892.0688610000001,5.333472,0.0,188.0833600059652,45.6351404865121,0.0,7.767012333333331,1.1417687712500002,0.4703714994635716,0.0,0.0,172.6248317543536,156.0160128268455,6.0,1.184739666666666,-0.0212940277777777,31.66666666666666,37.2357451875,1.1847599844452426,2.6388888888888884,-0.406962249878447,0.656140350877193,0.3917657575808819,15.994915902746293,3.390747831465629,2.4575399160416915,2.4999999999999982,0.1054092553389459,0.0,-0.06171,0.75,0.0,0.0,0.75,0.0,0.0,0.75,0.0,0.0,3.0,9.430555555555555,1.668,1.25,2.0,1.5510981710072649,2.033864329713892,1.4591479170272454,15.418959248309186,14.742356252764433,-0.0,0.0,0.796,0.0,20.31,-0.384,0
1.2844,1.64968336,2.0,7787.647965,0.0,0.0,309.3190561168396,0.0,0.0,8.683005999999999,0.0,0.0,0.0,0.0,160.8709916790796,146.3228579137,1.43893651882335,0.6427548,-0.0319694399999998,0.2078951379362902,887.9518665600001,0.906089535261359,0.041579027587258,-0.3389234964938153,0.5231396627565983,1.5108668858201064,78.91851793974361,5.543997961456017,0.888894405973404,0.6928081978750863,0.0,0.0,1.5776,0.0,0.0,1.3383058984910836,0.0,0.0,0.0,0.0,0.0,1.3383058984910836,1.3034979423868311,1.6473765432098766,1.9031280006858715,0.1400034293552811,0.0,1.9219280948873625,0.3999999999999999,0.3999999999999999,58.99310943713246,27.99190837660329,-0.0,0.0,0.0459999999999999,0.0,0.0,1.857,0
1.6514,2.72712196,0.0,2199.9513210000005,0.0,0.0,502.7377510690192,0.0,0.0,8.342737999999999,0.0,0.0,0.0,0.0,113.8179901634,116.656820603,3.203589391860997,0.0296806666666666,-0.019787111111111,0.9659350708733424,89.32497800000003,0.1801160186888889,0.3219783569577808,-1.0,0.0,1.250717404865877,31.974671476644595,6.622190706863149,0.8045925761437893,1.3956517665609809,0.0,0.0,0.0916,3.101851851851852,0.0,0.0,3.101851851851852,0.0,0.0,3.101851851851852,0.0,0.0,1.6975308641975309,3.101851851851852,1.6580092592592592,0.3009259259259259,0.0,0.9182958340544896,0.6666666666666667,0.6666666666666667,18.808158406480864,15.64912501682698,-0.0,0.0,0.2129999999999999,0.0,64.18,1.777,0
1.688,2.849344,2.0,2803.96537,0.0,0.0,315.3963900417993,0.0,0.0,8.778201666666666,1.45360874,0.0,0.0,0.0,159.957145310383,145.01565193876,2.8999136310521774,0.8898973333333334,-0.036736111111111,2.804044098968653,206.3004548888889,0.975534828701999,0.4673406831614421,-1.021569335525914,0.9454268734599216,1.3223695345557114,34.97015490355984,5.768960312197574,1.305389221556886,0.5767195767195765,0.0,0.0,1.86139,5.194787379972565,0.0,2.16323731138546,1.4938271604938274,0.0,0.0,3.700960219478738,0.0,1.0816186556927296,1.839506172839506,3.700960219478738,1.630389574759945,0.2640603566529492,0.0,1.584962500721156,1.0,0.6666666666666665,25.34707836090149,24.18947501009619,-0.0,0.0,0.09,0.0,0.0,1.933,0
0.5732999999999988,0.3286728899999986,0.0,843.1851250000002,1.016064,0.0,191.99452752028185,31.083744430930235,0.0,7.379894666666664,0.9399114128000006,0.4446129048490003,0.0,0.0,169.45368202699936,149.78668591408933,3.970833333333333,1.0349957333333328,-0.1033501511111099,23.524999999999988,31.793589982222223,1.070739076144221,1.5683333333333325,-0.6084924173806828,0.5787460148777899,0.2492655790986928,15.994915636089257,4.581745840952053,2.457539916041693,2.581467582900623,0.0,0.0,0.7772,0.0,0.0,0.0,0.0,0.0,0.0,0.0,0.0,0.0,2.65,8.520833333333332,2.1365,1.75,1.0,1.1589385323502772,2.747952063258241,2.2189475010096187,10.661101907048607,16.24544594570054,-0.0,0.0,0.436,0.0,20.23,0.801,0
1.3163999999999996,1.732908959999999,0.0,1243.417246999999,7.375851000000014,1.016064,213.3856118193185,55.4107562501058,31.08374443093026,7.740626588235293,1.1357156761714295,0.5202292731025621,0.444612904849,0.0,167.8853454292641,148.57195545639067,6.5494281045751634,1.8816070588235287,-0.1548372318339096,51.41830065359474,37.04824743944636,1.1382116738284769,3.0246059207996905,-0.8002997289306069,0.3220936461530083,0.4985311581973892,15.995917153189932,4.036120223275331,2.4575399160416933,3.364790242502824,0.7785270538491573,0.2138654714909552,1.35099,-0.7569444444444449,0.0,0.0,-0.7569444444444449,0.0,0.0,0.0,0.0,0.0,3.1309523809523805,10.020833333333332,2.1178125,2.423611111111112,2.0,1.3328204045850196,2.7546424366653204,1.957894853832017,12.494984980042709,19.29364740054623,4.612236933276502,1.0,0.4620000000000001,0.0,37.3,0.667,0
0.8989,0.80802121,2.0,3462.1976210000003,20.03736,1.016064,280.2708103105955,95.23784758186592,31.083744430930263,9.12273509090909,1.375453980352941,0.8032633006666666,0.4446129048489999,0.0,166.11591850961784,149.686609702285,9.178361980573914,2.1644045454545453,-0.4176259504132233,45.91153822172342,145.83268150413227,1.002689070402743,4.1737762019748565,-0.6458984360750021,0.397710438629262,1.820900692753093,34.97015519821256,4.385370469562758,2.069337460589568,3.1944722546711253,0.9091245736387522,0.2749698919169424,1.49869,-0.6115397805212617,0.0,1.2338820301783262,-0.6115397805212617,0.0,0.0,0.0,0.0,0.6169410150891631,2.9440035273368608,10.102623456790123,1.1830813614540463,2.2782064471879284,2.0,1.936260027531528,1.5231715911057702,0.614080682014861,29.45891786554436,27.74469807098972,1.848150334534779,1.0,0.434,0.0,37.3,0.772,0
0.6002000000000003,0.3602400400000003,0.0,1148.0368619999992,9.65088,0.0,202.50969709231305,60.18653654209398,0.0,8.19660492307692,0.8406947108789163,0.496130094078143,0.0,0.0,173.61148206574947,157.07975611752505,9.136752136752136,1.907444307692308,0.7235021775147927,57.02564102564101,41.34164715976331,1.113161133676082,4.386587771203154,-0.2180319875599804,0.3401421719767046,0.6410313366795712,15.995917155512434,3.272988293069906,2.447599482772804,3.2483626447874845,0.1666666666666666,0.0,0.5304999999999999,0.0,0.0,0.0,0.0,0.0,0.0,0.0,0.0,0.0,3.555555555555556,9.50462962962963,1.1509814814814814,2.333333333333333,0.0,1.669180336866731,2.031259381274361,1.6654988041848635,16.97398684472113,16.60649692842837,-0.0,0.0,-0.0459999999999999,0.0,43.14,1.131,0
-1.2775,1.6320062499999997,0.0,2736.9743209999992,83.60321973333338,67.2998284313726,309.9938742024232,221.27314478400524,191.1182139058774,7.805325692307695,1.7141285988855066,1.4833926652040814,1.3254288840891564,1.2701976808485285,154.67394184204775,141.64981340367498,6.555555555555555,2.0334266153846148,-0.1659605088757396,63.76068376068377,31.552149386094666,1.4853485382758818,2.452333990795529,-0.330799810231677,0.5973339291033662,0.6410313366795819,15.995922699736298,5.558041570347988,3.0566680873001224,3.820429065256133,1.092992911563237,1.595343533130018,2.0125900000000008,13.448506235827663,1.9710676492819363,0.0,-0.17287037037037,1.6368518518518518,0.3298148148148152,1.751293461829176,0.4542592592592593,0.0,2.568627450980392,12.24212962962963,3.962123222789116,1.8395370370370367,3.0,1.4761207211492744,3.2243189969918182,2.050114188800249,13.389142501305496,45.83470759317235,26.38553359273529,0.0,1.046,0.0,60.16,2.622,0
-1.0018,1.00360324,0.0,3502.485326000001,94.10242716,76.12233521739137,308.1112339384811,212.7556215522971,167.1134290131773,8.317547173913045,1.7203381336203247,1.5273379986909388,1.190650645154218,0.8394730651868385,156.36607510887362,140.71213784246666,9.270266744199915,3.2356997391304336,0.0299724461247634,91.12836971431976,57.23642646124768,1.5013021271258966,3.9621030310573815,-0.6210630889335891,0.4092853627069529,1.6224210188276906,31.972071752334124,5.500509838398212,3.272783431400599,3.75,0.9385332962443524,1.257926530425359,2.6765800000000017,9.80157738095238,-0.0421296296296287,0.0,-0.0500925925925921,1.2394547325102878,-0.0500925925925921,1.692876249265138,0.0079629629629633,0.0,2.9993827160493827,11.180226757369612,2.9629959553204004,6.113382201646092,3.0,1.6879410452364207,2.8356209108205923,1.6095456525501683,20.111487412647712,39.08597852932891,24.57000774780546,0.0,1.411,0.0,82.98,1.506,0
-0.6837000000000002,0.4674456900000002,0.0,3785.2115829999993,61.26390207692318,69.85418716883127,266.69121753075547,167.87408025846926,183.2133978340036,7.698742976744183,1.3058737103637503,1.1533119036151636,1.2350110917277524,1.4306484917337166,159.2849058001158,142.38203032654545,4.776485788113694,3.7650898604651175,-0.0231475781503508,73.40956072351423,35.25808807138993,1.3520499951955305,1.7071990865933542,-0.5151033896699418,0.5550587855318666,0.997062316394718,15.997933772389478,4.927104469830703,3.4061540976087654,3.864541729505405,0.6895866206315653,0.8507833116428271,3.6293900000000026,16.273199725526947,1.356896091706247,0.0,-0.5306531609557397,1.573155470521542,0.2267866591080876,1.8957640950067969,0.892456896274988,0.0,2.405797101449275,12.24324396888385,7.139153079678906,2.1973198276224064,4.0,1.3530279023026708,4.073236852399427,2.4444743681621373,11.863527964306355,52.314739774755225,25.516712617366963,0.0,0.8550000000000002,1.0,52.60000000000001,6.5920000000000005,0
-0.1137999999999999,0.0129504399999999,0.0,2389.690190999999,67.14119954166672,67.77011752380956,282.47545588940926,189.0797394360408,200.93175557467265,7.657032800000003,1.423564589207537,1.327184624558167,1.395267835318953,1.3267933090367374,159.14560818979965,145.74002176861538,4.702222222222222,1.4602441599999998,0.593406873599999,35.35111111111111,32.718566640000006,1.5986479326501588,1.4140444444444444,-0.5093630095207273,0.3969700779482022,0.5342659360630506,15.99491866231509,3.806589851233565,2.924445359497084,3.7226688160741137,0.4492173274425521,0.6058741656667376,3.519090000000002,20.17851095993953,1.5253703703703705,0.0,0.7626851851851852,1.8416666666666663,0.7626851851851852,1.900273998488284,0.7626851851851852,0.0,2.355555555555555,10.78185941043084,5.882363110355253,0.9039814814814816,1.0,1.5143029514736248,3.1295532383011,2.7375424759098896,13.685274898943268,44.598682046031634,39.49309754461888,0.0,0.715,0.0,32.67,4.811000000000001,0
0.4561999999999999,0.2081184399999999,0.0,1885.5942129999985,44.05440637254903,32.18453717499996,300.00478759780526,180.32329743733905,145.7686265284236,7.183102086956523,1.6384154360206402,1.4356653438978817,1.2227754193334763,1.0753014032169614,152.06535432228222,137.32563273916,2.407004830917874,0.1340469565217389,0.0089663516068068,4.606280193236716,29.751571209829866,1.343475707936426,0.2002730518798572,-0.1116110465906028,0.9792244113167023,7.105427357601002e-15,12.100243784103451,7.034406249999999,3.0097172624460224,3.0144654736985403,0.8640572618921163,1.3364644533667949,3.1186000000000025,23.063148148148148,5.753333333333334,0.0,1.4149074074074075,2.112037037037037,1.4149074074074075,2.217592592592593,1.4617592592592594,0.0,1.858974358974359,2.217592592592593,6.858197222222222,0.3964814814814815,0.0,0.9876925088958032,3.5358694471612098,2.347826086956522,6.109453737423458,38.82271085934124,26.304588370856184,0.0,0.197,1.0,0.0,7.029000000000001,0
3.2612,10.635425439999995,5.0,7406.081291000001,536.1208884375,527.3573063333333,402.7556986533724,360.55355364021545,283.87250374871064,9.668569307692309,3.138469070434782,2.94893538125,2.5456536316666667,1.45360874,151.6870933424038,140.72236631508852,4.824686668308069,2.0168310769230766,-0.447085230769231,19.41040882604668,150.00660623668642,0.9331946680117624,1.4931083712343598,-0.242656004750731,0.6349875323739277,3.555189415487975,34.97297711372758,6.183431434275432,2.897894241050065,2.8245910883791736,2.303845648462636,2.8750188303131563,5.029789999999999,8.261406035665296,8.261406035665296,4.622270233196159,0.7076268861454047,0.0,0.7076268861454047,1.6850342935528122,1.6850342935528122,1.0118518518518518,1.8940329218107,9.844718792866942,3.07131816872428,0.959039780521262,0.0,1.6143308351592656,2.0861088829818266,1.78609853452874,29.55821708737272,65.24236762638547,51.13232274028972,0.0,-0.044,0.0,20.23,2.313,0
1.5200000000000005,2.3104000000000013,0.0,3248.997072,121.35646717500006,149.0408263928572,289.21560615708955,199.45297909683103,195.65075422259272,9.971863578947367,1.414829001714286,1.0209662651212252,0.8969080951320711,0.625126328631579,170.91569903474988,162.31949572615534,19.16374269005848,3.68721094736842,0.93098526315789,123.12280701754388,25.601943357340726,1.5244068030688411,6.480147737765467,-0.1371021113536249,0.550553678296625,2.1723595891374217,16.017237505130176,3.758844488827273,2.994066266378095,4.930902054860753,0.6883148880540191,0.8560766350611616,1.6262800000000008,-3.316111111111111,-4.209629629629629,0.0,-1.207777777777778,0.4467592592592593,-1.207777777777778,0.4467592592592593,0.0,0.0,4.041666666666667,10.37175925925926,-0.5747638888888889,3.1435185185185186,0.0,1.89682043644058,2.351107077003005,1.2115552636133606,21.102464575426644,44.720776389401486,34.4531775014418,0.0,-0.5140000000000003,0.0,149.65,3.2099999999999995,0
0.6545000000000001,0.4283702500000001,1.0,3031.695645999999,96.50167385714283,113.44109115789472,288.88600908847604,169.4447645653051,135.79176346769185,8.6261090625,1.56956820982238,1.1483398248766787,0.892928071591842,0.994188363,165.4310326064466,155.2877686281438,9.07151158360006,2.2544669375,0.3764319999999991,57.9754515317787,73.153967625,1.54951797698162,3.623465720736169,-0.403010013793607,0.3903151331302781,1.4447162824396216,34.96937989092646,3.852081231228536,2.799406594611149,3.818181818181819,0.569299506506527,0.6063557175426187,2.2512900000000005,6.168799725651578,1.2551851851851863,0.6321982167352538,0.0177469135802472,1.5264060356652949,0.0177469135802472,1.8111282578875167,1.002376543209877,0.6321982167352538,2.940516273849608,10.317712620027436,1.9142926371742115,2.457623456790123,1.0,2.0550365325772657,1.9449634674227343,0.8443609377704338,26.887628546588683,28.009210153410447,22.25,0.0,0.034,0.0,69.16,2.607,0
-0.7001000000000001,0.49014001,0.0,2362.937845999999,68.23587252173921,53.84656827027023,297.5147081171072,186.15128162088564,155.21006409376292,8.034024363636366,1.5890052366640646,1.3034563326575008,1.092789923913298,0.9893952586193476,155.9287722996133,142.20287382585656,7.585858585858585,2.56193527272727,-0.398222512396694,65.05050505050502,34.24001547107437,1.3730248968446026,2.9568411386593194,-0.5761793260077476,0.4314596273291927,0.7477967372960777,15.998705216443058,4.265048203066804,2.9585324051515483,3.830883429269152,0.6947636405312995,0.8389538144648199,2.211990000000001,10.464654667422524,-0.2639814814814809,0.0,-1.1173582766439905,1.4571296296296294,-0.1979629629629626,1.8355295729402872,0.0,0.0,2.8095238095238098,10.705447373393802,3.703990128023432,2.784024943310657,2.0,1.4226754683112184,3.036756150326079,1.807928977764425,12.804430822669351,38.2416236693649,21.42983369488078,0.0,0.428,0.0,57.53,4.14,0
1.0282999999999998,1.0574008899999996,2.0,3639.021983,112.3637414375,108.79516100000002,322.6189390790348,167.5866791823502,126.2434324213237,8.432301384615384,1.8995609059499567,1.385378404409187,1.1097245999496668,1.45360874,155.55437585179203,142.36155330521927,4.919618257066817,1.746633076923077,-0.2620627692307691,20.77961849155264,122.71753710059176,1.2045594914965905,1.5984321916578952,-0.4709973786105805,0.5733706107042061,1.5716351136544056,34.970155352374896,4.960934176673552,2.737955944359665,2.7585289471560728,0.8167597559906526,0.6385434884609158,3.06959,8.892599451303155,3.234910836762689,1.8169101508916323,0.4125308641975311,1.7638271604938272,0.4125308641975311,2.0210048010973938,1.4518381344307272,0.933148148148148,2.187928669410151,8.98184842249657,2.8964224794238684,1.2541358024691356,0.0,1.7381493331928664,1.9622903849482256,1.0392134618713027,25.78616286196544,33.63247034911945,27.00491628474665,0.0,0.361,0.0,20.23,2.0250000000000004,0
0.8629,0.74459641,1.0,4630.231136000002,157.16593620588242,151.38405900000004,321.669682157713,215.7984715411648,192.45359081930667,9.438702333333334,1.8496032966720293,1.3964464657896765,1.1622892181680908,0.8037055337749287,161.91235952647204,147.26412282490838,14.569400519060444,3.4262197777777774,0.5293142222222198,108.13238211062004,82.9803961358025,1.5979866351638383,6.007354561701113,-0.4920307393551895,0.4053250583790825,2.675371543686428,34.9693803396798,3.905440308874609,2.9409511110023985,3.818181818181821,0.9464959166287816,1.138223134430193,2.9965900000000003,3.5062740054869685,-0.0346407750342925,0.2388024376417232,-0.3088040123456788,0.9308127572016458,-0.3088040123456788,1.3748551097393689,0.4915534979423872,0.2388024376417232,3.476410934744268,10.9358024691358,1.1251177127250076,6.185450102880657,3.0,2.218846363733215,1.951078637709097,0.6394319446848296,33.78822679568674,33.91077848396104,29.72832223311969,0.0,0.8379999999999999,0.0,105.89,0.998,0
0.6601000000000001,0.4357320100000001,0.0,1578.7970969999992,54.71199044999997,51.665236666666665,278.1936242402884,136.5966660657385,120.29413226844382,8.267177428571426,1.27115597277584,0.9073274856697996,0.715605561522,0.534767986,161.96407364830324,148.99210016746434,9.269841269841269,1.808780857142857,0.7179519999999993,53.55555555555557,35.443066515306114,1.5361286209245149,3.825396825396826,-0.0584814070611512,0.3814463544754,0.6410313366795677,15.995918672346182,3.593581636162822,2.665925019264032,3.6,0.1841952859204231,0.1734066857533134,2.01569,8.070370370370371,0.1365740740740746,0.0,0.1365740740740746,1.4583333333333333,0.1365740740740746,1.7430555555555556,0.1365740740740746,0.0,3.0740740740740744,10.00648148148148,2.399519907407407,2.4166666666666665,0.0,1.7273966735744792,2.0799582484831243,1.6585200677766871,17.044213094634994,26.45449910674735,23.14751399426712,0.0,-0.065,0.0,43.14,2.894,0
1.3021000000000005,1.6954644100000011,0.0,1725.093345999999,41.478681312499965,36.75132216666667,267.5118161090826,127.5919223556704,102.63353957469792,8.042231058823528,1.3918948183773554,0.95339723446225,0.7529048951551114,0.97581938,162.5956877185143,148.17228552119417,7.9150326797385615,1.932903058823528,0.7510588235294118,56.901960784313744,36.40053923183391,1.4828399070167124,3.3471741637831616,-0.0913339624321837,0.3355710408317804,0.6410313366795712,15.995919164143103,3.632878349099487,2.6659250192640367,3.674999999999998,0.3766453756502984,0.3146612477859452,2.04371,7.608518518518519,1.1770370370370378,0.0,0.1440740740740744,1.4953703703703702,0.1440740740740744,1.7203703703703703,1.0329629629629633,0.0,2.9333333333333336,10.117781557067271,2.976017105064248,2.4033333333333333,0.0,1.6578764348499595,2.4295864064003805,1.2208757354213806,16.033199562310543,24.93554810447439,21.35331756859092,0.0,-0.069,0.0,43.14,3.217,0
-0.0897999999999998,0.0080640399999999,0.0,1776.009209999999,47.4667639285714,45.022837,267.1823033704263,129.7590496507675,106.1868932801208,8.291286499999998,1.319231266541311,0.9171554661819284,0.7281678662062668,0.8078361500000001,166.4784216194059,155.73171510463754,9.09722222222222,1.9928230000000005,0.4753280000000001,58.44444444444445,36.474044859375,1.5859239324114838,3.652777777777778,-0.472176168444104,0.3849809885931559,0.7835315151617621,15.99591968000694,3.62764385594062,2.665925019264035,3.7058823529411775,0.2953063970315343,0.2505112178759868,1.5978900000000007,6.334074074074074,0.5970370370370379,0.0,0.0640740740740746,1.3703703703703702,0.0640740740740746,1.498148148148148,0.5329629629629633,0.0,3.1333333333333337,10.07696523053666,1.8347814814814816,2.4588888888888887,1.0,1.811278124459133,2.188721875540867,1.25,18.15170580912676,26.75,26.5,0.0,0.153,0.0,69.16,1.6529999999999998,0
0.6083000000000001,0.37002889,0.0,1981.061346999999,56.33011706666664,38.42430316666667,262.75794312537323,159.55709046239838,114.71046865650575,8.337202444444445,1.3776411263899335,1.101293668189934,0.8730879026163331,0.7609765299245002,163.86544316762465,149.9345085889056,8.155864197530864,2.5965059999999984,0.6037026666666663,58.65586419753088,37.67951690432098,1.445356380274606,3.2586591220850485,-0.2139106270402115,0.4475340426891374,0.8902969157782579,15.996921450217606,3.627932110457149,2.670926445519461,3.675000000000002,0.3308040877962389,0.3034122381445356,2.0242900000000006,6.60638888888889,0.6957407407407417,0.0,0.0748148148148153,1.4016203703703702,0.0748148148148153,1.5537037037037038,0.6209259259259263,0.0,2.984848484848485,10.165294312169312,2.5609319444444445,2.445,0.0,1.7222663119439832,2.447658689498329,1.1530493056757476,17.02772467554328,26.145699318816817,22.50593264766296,0.0,0.096,0.0,52.370000000000005,2.239,0
1.3202000000000005,1.742928040000001,0.0,2285.913084,75.34788235714282,73.06000459999997,284.9937731255616,163.8908742078874,144.8339143593709,9.120443,1.3503754996447592,0.9622912906320712,0.7823153131798668,0.8822000000000001,166.54512584168728,155.7673363669751,14.34722222222222,2.8376439999999987,1.188991999999998,89.52777777777776,32.47777218750001,1.5896785439341865,5.59548611111111,-0.0323394382358536,0.4188644120384736,1.2820626733591354,16.016997558299188,3.610796120805195,2.665925019264034,3.705882352941176,0.3683905718408463,0.3257612947309041,1.782890000000001,4.077037037037037,-0.3044444444444436,0.0,-0.1522222222222218,1.0953703703703703,-0.1522222222222218,1.0953703703703703,0.0,0.0,3.611111111111111,10.117781557067271,1.249174074074074,2.6074149659863943,0.0,1.9056390622295665,2.0943609377704338,1.5,20.120191322754795,35.75,35.75,0.0,-0.3129999999999999,0.0,86.28,2.57,0
-0.4795999999999999,0.2300161599999999,0.0,2234.99722,78.24374051851849,56.00982131578945,288.36925243681543,175.4562033624492,141.15935239691143,8.822613647058825,1.4069656647189317,1.089139255587,0.905653935020842,0.9909208149496668,162.65846816301445,148.89366465829414,12.183006535947712,2.9726635294117645,-0.7204781176470594,79.00653594771241,34.829959653979245,1.487056886273148,4.647443291041906,-0.6385852475513866,0.4636278402823737,1.1395624948769267,15.99928670792602,4.01061751053854,2.6498152123461014,3.775878082344784,0.3858935951260638,0.3137923415943037,0.44639,0.8495162509448226,-0.1944444444444437,0.0,-1.1741307634164782,1.0057407407407406,-0.1666666666666663,1.1932407407407406,0.0,0.0,3.4722222222222228,10.29465372260015,1.2851015419501133,2.840797430083145,5.0,1.7779849042597489,2.309477936990591,0.8679345589507923,18.071648240271035,28.40322139300356,22.151256378972548,0.0,1.091,0.0,87.49,0.2619999999999999,0
1.4427999999999996,2.081671839999999,0.0,1166.305735999999,16.328488977272727,9.697038035714302,238.248730522043,99.66698658152444,71.9876374585979,7.047284799999998,1.1340360569516814,0.9389163639120696,0.7433511099029282,0.6452923263943001,161.6683336505494,142.59127106374004,2.076388888888889,0.1138367999999999,1.812786032395764e-15,5.526388888888887,29.05584215999999,1.3120590452277587,0.2763194444444443,-0.101332889518211,0.9576666387422864,1.0658141036401504e-14,12.100126148280118,5.536277447066385,2.7708326575531155,2.7269656487677154,0.3319273052604535,0.3430130341208203,2.3810800000000008,10.30537037037037,0.0,0.0,2.0590277777777777,0.0,0.0,3.7504629629629633,0.0,0.0,1.8541666666666663,3.7504629629629633,5.166957777777777,0.5694444444444444,0.0,0.9709505944546688,3.350977500432694,1.900800621550176,6.790894279573414,21.476560376945123,15.287712379549449,0.0,0.134,0.0,0.0,3.605,0
0.7075,0.50055625,0.0,1213.157343999999,30.015705095238083,16.44551081250001,265.75189915691465,138.03294245436658,84.06663810645202,7.334299733333331,1.4071331175758408,1.1801367599712382,0.8005400874245002,0.5408993698993333,159.54827464064957,143.99604153268672,3.185185185185185,0.3402559999999999,0.0188160000000007,7.214814814814818,31.74640248888888,1.551250066513528,0.4809876543209878,-0.2830608528537776,1.0290274407317526,0.1425001784821837,14.014247870152431,5.458244281697385,2.665925019264031,2.6413755737091944,0.1791524928550882,0.1603328345868131,1.54189,13.82111111111111,1.1111111111111114,0.0,1.1111111111111114,1.7470370370370372,1.1111111111111114,3.603148148148148,1.1111111111111114,0.0,2.208333333333333,3.8455555555555554,4.056898703703704,0.5555555555555554,1.0,1.2866926683547548,2.620197927253764,1.5767656302935484,10.32176344841054,19.40535076556111,18.39950608148884,0.0,0.466,0.0,12.89,2.2920000000000003,0
-1.0436,1.08910096,0.0,2282.0505669999984,32.99031888235294,39.261161615384566,268.8829416687469,139.97501605639877,149.87686530358417,7.327188827586211,1.4708473545063858,1.162096547308528,1.2062720057111551,1.3939059741946327,160.67772010791333,147.47425454914,3.150383141762452,0.6786871724137923,-0.1962209369797831,17.86590038314177,31.94871591200953,1.543582341669309,0.6160655304531645,-0.6330452537796953,0.5387357924083203,0.2850003569643036,14.004087213892925,5.585541015624997,3.060135241601553,3.351609947740761,0.6122388793958888,0.6620768516167711,3.362490000000002,20.002663139329808,4.120421390778535,0.0,0.8019038170823889,1.923248456790124,0.8019038170823889,2.0473119803476947,1.2583068783068785,0.0,2.144444444444445,5.623390652557319,6.014975672083649,0.8647628495842778,2.0,1.2921642625537566,3.565816732573816,2.206896551724138,10.463706466227096,41.92722576966086,35.30006222108926,0.0,0.709,0.0,52.04,3.6910000000000007,0
1.7776,3.15986176,2.0,13638.947413999998,191.00727466666663,2128.8937813333337,340.97183697600536,183.68291909690103,255.19198386374603,7.736739499999999,2.222531185223714,1.9721064708081668,3.397241936566,0.0,148.29737379308304,136.60918263930003,2.318601394604481,0.5332469999999997,-5.030698080332741e-17,2.4102937814357563,750.1092231388889,1.1136240043219992,0.2008578151196463,-0.4761898522514066,1.23227927895883,1.699364237084505,78.91943337893719,7.232749713440243,2.6659250192640336,2.6979145080090734,0.7559289460184544,0.5961823632452196,3.2116,12.331841563786009,3.200925925925926,0.0,1.600462962962963,2.2827289094650207,1.600462962962963,2.2827289094650207,1.600462962962963,0.0,1.6828703703703705,2.2827289094650207,4.224325617283951,0.4992541152263374,0.0,1.4591479170272448,2.125814583693912,1.6666666666666672,40.5326119647979,50.120804183253256,50.120804183253256,0.0,0.0469999999999999,0.0,0.0,3.664,0
1.3863,1.92182769,1.0,2273.663794999999,33.122284958333346,39.18664383333336,281.98470231321687,115.0560162339911,87.90630936819271,7.459232333333332,1.586624157396223,1.094006351616333,0.8781780140660002,1.45360874,156.67623230777625,140.36251538062004,2.291093837321547,0.689332933333333,2.0816681711721683e-16,3.034435807549661,80.36311571555558,1.2936401205470387,0.2022957205033107,-0.4459759784467403,0.8085356992171022,0.6611847672778577,34.96937973206085,5.890420928899493,2.6659250192640336,2.728556664073742,0.4106679799658677,0.3238836243733606,2.36802,11.556947873799723,2.848271604938272,1.0072222222222222,1.3554320987654322,2.161265432098765,1.3554320987654322,2.1930727023319614,1.4928395061728397,1.0072222222222222,1.8348765432098768,2.1930727023319614,4.396377599451302,0.3384567901234568,0.0,1.2866926683547548,2.620197927253764,1.3836591668108982,15.782497018710645,24.74735136056257,21.36162647029077,0.0,0.122,0.0,0.0,3.426,0
-0.0056,3.1360000000000554e-05,1.0,2324.579658999999,39.83432135,58.53985666666669,282.6418939121908,115.5828132227912,85.12797390531432,7.702224357142855,1.5179127843879203,1.0713896994546996,0.8103073387882225,1.45360874,160.6908242365996,148.4440227516572,3.2404576828445144,0.8698689285714281,-0.1541759999999997,8.628007490147409,83.0089550255102,1.4729561858886313,0.6162862492962435,-0.6224153815955558,0.5728188375349255,0.8036849457600539,34.96937973626188,5.529432317250854,2.665925019264034,2.7366278109584314,0.3293290013471035,0.2597335944634021,3.0304900000000004,10.28250342935528,2.2682716049382723,0.9516666666666668,0.8554320987654325,1.939043209876543,0.8554320987654325,2.0680727023319614,1.4128395061728396,0.9516666666666668,2.0848765432098766,5.444842249657064,3.142071303155008,0.8112345679012343,1.0,1.5916727785823277,2.2156821434752763,1.2857142857142856,20.13267903649044,25.05128201091113,21.821862322680715,0.0,0.344,0.0,26.02,1.862,0
1.4634000000000005,2.1415395600000013,1.0,1694.5751829999997,12.588576000000002,0.0,235.33909915132097,62.44286763953247,0.0,7.587721444444444,1.1326837599396,0.7809448498993333,0.0,0.0,163.68119513423835,145.6526068541875,2.45120577825196,0.649834222222222,-2.075308641973388e-05,3.7262443055767234,115.99268046913582,1.1449165767688874,0.4140271450640804,-0.2935212777316636,0.99896150996905,0.6611847672778559,34.96937955619446,5.007432986514176,1.2547405981885758,1.235159021158168,0.0,0.0,1.33739,5.467764060356653,0.0,1.1310013717421126,1.9477023319615911,0.0,0.0,3.5200617283950617,0.0,1.1310013717421126,1.96141975308642,3.5200617283950617,2.6129660493827163,0.2530864197530864,0.0,1.3516441151533924,1.81828088628892,0.7505430557959412,19.13116143949665,14.8768597291934,-0.0,0.0,0.1009999999999999,0.0,0.0,1.39,0
-0.0056,3.1360000000000554e-05,1.0,2324.579658999999,62.21989924999997,16.509135999999998,282.6418939121907,124.03943928753016,87.24155367829583,7.702224357142855,1.5179127843879203,1.1041662926971496,0.9616917616163332,0.4446129048489999,160.6908242365996,148.4440227516572,3.2404576828445144,0.8698689285714281,-0.1541759999999997,8.628007490147409,83.0089550255102,1.4729561858886313,0.6162862492962435,-0.6066876945455424,0.5648467687969678,0.803684945760045,34.96937973626188,5.6516816666946825,2.720743224366375,2.730155911219751,0.3072681413583274,0.3688425395813983,3.0304900000000004,10.26750342935528,2.255401234567901,0.9267249657064472,0.8788580246913582,1.9081172839506173,0.8788580246913582,2.096868998628258,1.376543209876543,0.9267249657064472,2.0848765432098766,5.484783950617284,3.1312033676268864,0.7878086419753085,1.0,1.5916727785823277,2.2156821434752763,1.2857142857142856,20.13267903649044,25.05128201091113,19.756313840329167,0.0,0.355,0.0,26.02,1.862,0
1.3595000000000004,1.848240250000001,2.0,3647.150495,46.81400123076919,56.303594444444414,230.0178911656908,137.93403625245432,130.66321197973352,7.779410952380955,1.1427875740116678,1.2443087318727446,1.227406464680279,0.8445502783673602,166.74038582225182,147.16867309614003,2.091774264956707,2.159160666666666,-0.0230057777777774,6.971567197218772,107.32039608616776,1.0710935130149006,0.331979390343751,-0.2412098340584718,1.1471069142953831,1.5716351136544162,34.970155352374874,5.417619232249639,2.598687541976215,2.6545080126068843,0.5704145627391024,0.546750743453822,2.2576,0.0,0.0,2.221923868312757,0.0,0.0,0.0,0.0,0.0,1.1109619341563786,1.762002743484225,5.630401234567902,4.262898717421125,0.8039489026063101,1.0,1.509968612636817,2.882348810141944,2.4295023813644705,21.3047268072964,29.82486130226436,27.6642028483796,0.0,0.318,0.0,9.23,2.47,0
0.7443,0.55398249,1.0,2127.3675459999995,46.821403833333335,12.588576000000002,298.0650333506572,117.52801629575858,62.44286763953247,7.575920083333332,1.4985243904474288,1.1578325541163337,0.7809448498993333,0.0,154.45948537317878,139.36652326612503,2.465719148503785,0.6498809166666664,2.7105054312137608e-17,2.551580043692528,89.30248205555553,1.274214307164686,0.2126316703077106,-0.4198225757764308,1.1936091379570677,0.6611847672778577,34.96937968808852,5.8809634503086095,2.665925019264032,2.701666024134316,0.2182178902359924,0.1889822365046136,2.34,12.000281207133058,1.4853395061728396,1.0120644718792866,1.4853395061728396,2.0470061728395064,1.4853395061728396,2.1560356652949246,1.4853395061728396,1.0120644718792866,1.8589065255731925,2.1560356652949246,3.751739262688614,0.3336145404663923,0.0,1.3250112108241772,2.25995128989698,1.9349400790728024,16.97721783361877,25.29042987812504,25.340352092588173,0.0,0.126,0.0,0.0,3.103,0
-2.7774,7.71395076,0.0,1757.5871159999972,18.432101422222168,18.051017271604884,206.53616067232727,101.2867932337254,100.11127217382882,6.978059368421056,0.94151899447224,0.9354316843706202,0.9279916386908637,0.9186915815911676,166.5629269923809,145.29524750068654,1.486842105263158,0.1947208421052631,-0.0111025041551202,3.2105263157894712,26.15830665373962,1.1812165919640505,0.0844875346260387,-0.0838356474354612,1.2004781420765036,-1.4210854715202004e-14,12.11019763308084,5.11612431284215,3.255597663664482,3.326395621112751,0.0,0.0,4.9272000000000045,0.0,0.0,0.0,0.0,0.0,0.0,0.0,0.0,0.0,1.5833333333333333,2.279016096988229,8.930098390301177,0.1291322314049586,0.0,0.8997437586982626,4.348183754745323,4.142913516330053,6.679290298877863,42.83293844949645,40.6655556524939,0.0,0.0849999999999999,1.0,0.0,7.167999999999999,0
-1.2775,1.6320062499999997,0.0,2736.9743209999992,77.16515243333338,71.54723612765962,309.9938742024232,212.5894146013894,197.82225499442737,7.805325692307695,1.7067625599897611,1.4432468232990483,1.3619444489658727,1.320484215285236,154.67394184204775,141.64981340367498,6.555555555555554,2.0334266153846148,-0.1659605088757396,63.76068376068377,31.552149386094666,1.4853485382758822,2.452333990795529,-0.3442008301299486,0.5866845397676498,0.6410313366796032,15.9959226997363,5.523963159647176,3.0808103948152388,3.8352872997769314,1.057858604085337,1.4903779864605549,2.0125900000000008,13.650947341899723,2.2419005102040828,0.0,-0.1365740740740737,1.5610185185185186,0.396944444444445,1.7562577160493826,0.4900751133786851,0.0,2.568627450980392,12.19796296296296,3.97062214175485,1.8032407407407405,3.0,1.4761207211492744,3.2243189969918182,2.050114188800249,13.389142501305496,45.83470759317235,32.34587036474423,0.0,1.091,0.0,60.16,2.622,0
-1.5433,2.3817748899999995,0.0,5298.232929000005,117.41063798437496,151.2980311403507,319.3840665181981,220.1518487987008,219.7677800940964,8.892688222222226,1.8071919515663608,1.606077593347577,1.503650993627929,1.065698404817608,157.78160711524785,141.03783072667682,12.818479144439364,4.910828518518517,-0.0473513525377238,148.82869100238793,69.22045365432098,1.5900146188920263,5.512173740829183,-0.6455656131456152,0.3984143398886824,2.9955764585567266,31.97352708480553,5.23539625857998,3.703017667286709,4.168021676352637,1.3101926080949298,1.5887427144446609,2.633490000000001,4.530689930293106,-1.2291605253212388,0.0,-0.5291435185185185,0.7491872427983537,-0.5291435185185185,1.3053703703703703,0.0,0.0,3.420077972709552,11.399410640799529,1.4843730319874868,6.621098251028807,6.0,1.8337480427828443,2.9211394593806244,1.6286729055939673,23.861535788849057,52.37759432981672,30.737735200249343,0.0,2.363,0.0,145.73,-0.6970000000000002,0
2.5025000000000004,6.262506250000002,4.0,4060.54956244931,146.48931691109993,231.03086578679992,316.0135755263051,216.44408515922143,189.3351964113832,9.995276294117648,1.5985584791886778,1.167670954995281,0.7917397609103748,0.9221862206,182.5457288502733,155.35387833045294,18.86509913750594,4.840248470588235,0.4818898823529365,132.29075105122064,62.8235100678725,4.835407678826009,7.78180888536592,-0.4146075615380821,0.4102029464893496,2.4055830227098483,34.96938007654501,3.6994687499999968,2.911129077223885,4.571428571428569,0.7401930861648115,0.866114056966047,3.4015000000000004,1.5256978737997262,-1.553124999999999,0.2465673553371963,-1.1651234567901232,0.834739368998628,-1.1651234567901232,1.343906035665295,0.4996219135802471,0.2465673553371963,3.82826278659612,12.302434842249657,4.600260732272334,5.90991512345679,0.0,2.2544475789720946,1.8330152622782447,0.8390977944994358,32.744951993974894,36.58574534566024,33.8344954814204,1.6509636244473134,-0.2459999999999999,0.0,43.14,3.893,0
1.2603000000000004,1.588356090000001,0.0,5440.452416432651,107.24274713222538,87.74884122480013,267.53296104728145,220.31762984346275,207.0013389503065,7.91436723076923,1.5801919292264015,1.729360122385859,1.5853344566093075,1.510121694409131,161.54632853483162,146.26191506999254,4.26566389777981,4.108725692307691,-0.6384901715976324,50.88686693710704,63.34686041012521,1.6179884153453803,1.3047914599258217,-0.7272961213100728,0.6888958812376214,2.5196415510487995,28.29989207783299,5.196673625388709,3.585259687375553,3.711528177115122,1.4613632390286997,1.872443094038566,3.215180000000001,13.384766014962556,0.7001214796618237,0.0,0.3916163461269282,1.82425390526581,0.7001214796618237,1.8897835787439,0.7001214796618237,0.0,2.2776374859708195,12.001445105820109,6.056696726386202,4.025864441512774,6.0,1.880534598091422,3.4048676207708266,1.8584719455824024,23.8909445124084,41.680037297152325,32.33685100016324,0.0,2.979,0.0,99.02,4.897,0
0.2335999999999999,0.0545689599999999,1.0,3399.280777999999,55.10535935714289,53.322803041666695,293.4571047687557,172.60200960434847,170.4933145045236,7.590659730769234,1.559331727963911,1.3253211825444633,1.3091676810872508,1.371184868991026,155.23198134831307,140.40346191070927,3.650844735206875,1.6166560384615374,-0.1378365784023658,24.864344084508712,60.00052933136097,1.3265302590863968,0.9563209263272582,-0.4661736135180217,0.9531129626984928,0.9104503463765568,34.96938004923817,5.912799644264887,3.06141435037612,3.695746769364128,0.7718026524055253,0.8496942537153266,3.063900000000001,21.20516397528376,3.279185038212817,0.8810570151700369,0.9451618795666415,1.9452672272612748,0.9451618795666415,2.0880727023319614,1.37099846728815,0.8810570151700369,2.111934156378601,10.096097253716302,6.072284206625264,1.8366392318244176,1.0,1.386614174262459,3.3138255438786337,2.2714865394600627,15.7426932810216,43.84344410042681,37.1057163358342,0.0,0.75,0.0,20.23,4.817,0
1.0712999999999997,1.1476836899999994,0.0,1077.0217349999984,17.95995046666666,4.713072000000001,188.3157663905684,113.01453621188236,58.96803507745985,7.100986000000001,0.9933381046062676,1.046852981293068,0.6675900398993332,0.4446129048490003,170.26231725971527,150.86648869778577,1.7159090909090908,0.3988510909090906,0.0686708677685968,3.375,27.798460580578503,1.1765713862089766,0.1534090909090909,-0.0709250142209961,1.1367521367521367,0.1425001784821802,14.00307706063619,5.349352820730243,2.985267979126101,3.0614223622484182,0.4743416490252569,0.4743416490252569,1.3481,0.0,0.0,0.0,0.0,0.0,0.0,0.0,0.0,0.0,1.7857142857142858,2.375,4.552125,0.3125,1.0,1.090652803252992,3.368778815384305,3.0960515426570323,9.352749888950424,21.180928011221795,14.870557118420294,0.0,0.745,0.0,3.24,1.332,0
0.4203000000000001,0.1766520900000001,0.0,2234.99722,74.96616623333333,90.4829684210526,287.7037446776445,170.89521494702632,164.6197188497462,8.822613647058823,1.402359542119291,1.0439295024182331,0.9130239941340524,0.6366834053499091,162.65846816301445,150.0842437792795,12.72549019607843,2.9726635294117645,0.3224865882352929,86.39215686274511,34.82995965397924,1.487056886273148,5.081891580161477,-0.5692113101096771,0.414029353911333,1.1395624948769765,16.016997165798404,3.677137543799383,2.827728579311895,3.769230769230768,0.3888517765409185,0.399168342943706,1.1203900000000004,3.4341666666666675,-0.2924999999999991,0.0,-1.16787037037037,1.0162037037037035,-0.2130555555555551,1.3349074074074072,0.0,0.0,3.5,10.353148148148149,1.5696362962962962,2.8345370370370366,2.0,1.7779849042597489,2.309477936990591,0.9411764705882356,18.071648240271035,27.698157824268097,20.67775319691348,0.0,0.257,0.0,80.44,1.92,0
-1.3301999999999998,1.7694320399999997,0.0,2283.814484999998,32.04933509999998,35.03567984615387,203.74609232319216,112.6183424563067,135.04595911781362,7.623799176470594,0.9859621136701476,0.9109909544244982,1.067831688592153,0.7840661349828174,170.3533475746097,152.22817543623185,4.620098039215685,3.172018941176472,-0.4128981487889245,66.4877450980392,35.52344035380619,1.1251948005162422,1.955521914648212,-0.4774437296907992,0.8172245364397098,0.8902969157782508,15.996922942468403,4.804062499999998,3.2482036682777062,4.385827334421992,0.5188102530309008,0.9008598104139364,-0.5692000000000003,0.0,0.0,0.0,0.0,0.0,0.0,0.0,0.0,0.0,2.6538461538461537,9.14363567649282,2.33723010770975,1.7662037037037042,4.0,1.3956134767356851,3.691849364514655,2.9068555157876173,13.562149149215664,34.82359066868073,33.177666561672204,0.0,1.699,0.0,63.93000000000001,-0.6839999999999999,0
0.1642000000000005,0.0269616400000001,1.0,3259.72436,93.90423950000002,69.32826366666666,233.6172814473982,178.6362599513152,179.49374735366035,7.859559400000004,1.1531020284592353,1.2894341823445796,1.3704424655555565,1.3274866648485004,173.23728235151555,158.50796466042405,2.9657674135040395,1.769287359999999,-0.2786022399999985,12.220887059899404,65.32345605759998,1.478910087083335,0.4888354823959762,-0.9710333933771512,0.535803993196271,1.373685659688757,34.968853223930594,5.225504181690883,3.122250156023322,3.296031326069542,0.2841000200214228,0.4285886484494766,2.19898,2.2303703703703706,2.2303703703703706,0.6638828700204361,0.6714043209876543,0.0,0.6714043209876543,0.8875617283950618,0.8875617283950618,0.6638828700204361,2.103513770180437,4.205193828560231,3.197306044028723,0.9952623456790124,5.0,1.672629192274968,2.9712269974997563,1.918966738041484,19.681329557006823,32.42691392002005,29.46906298343318,0.0,1.416,0.0,62.73,1.0750000000000002,0
0.0,0.0,0.0,2318.3865759999985,60.62619187500009,43.56191425000004,317.04094127387765,222.68676664323667,179.98127743813754,7.224342153846156,1.8361549704545912,1.679090374517091,1.436821603192713,1.1138629602234225,149.14946991086504,135.87304285651723,2.5641025641025643,0.1459446153846151,0.0105248520710067,5.128205128205128,28.65467668639053,1.2939438315855607,0.1972386587771203,-0.1042170663747581,0.880208333333333,-1.4210854715202004e-14,12.15020407557052,7.486835937499997,3.4294272206350054,3.4532874474269817,1.1319086473878963,1.828810238169004,4.584000000000002,30.000000000000007,0.0,0.0,1.3350000000000002,2.1267592592592592,0.0,2.212407407407407,0.0,0.0,1.8750000000000004,2.212407407407407,9.254971296296295,0.3316666666666666,0.0,0.961236604722876,3.739203113418217,3.151859111618238,5.706823503510397,54.68850827847373,40.63706058263409,0.0,0.295,1.0,0.0,8.336000000000004,0
0.2167,0.04695889,1.0,3795.448644,98.34874669230771,101.71780295121954,332.5723713305332,240.235565874773,223.3970588314403,7.973980375000003,1.8416779396253808,1.6286445572797492,1.5400328305292197,1.5659325038463578,150.35860620215183,136.66436893651152,6.427304018696336,2.256710625,0.0074725312500009,58.20590738200476,55.91642793750001,1.2775271443480385,2.425246140916865,-0.2144564861760961,0.595706009966591,1.1597159254752256,34.96938014651504,5.551040396467935,3.092877807658496,3.731943456146885,1.157790589467616,1.6103924929287483,3.0837900000000005,15.820031334664638,3.305449612972762,0.6946703814127388,-0.0418244170096018,1.7169338939279415,0.5215507684555305,1.9317764060356653,1.1536553602922652,0.6946703814127388,2.412490922294844,12.271694101508915,4.647992951168235,1.7084910836762686,2.0,1.461860277254086,3.123102223467071,2.137623704533603,17.424662982514278,48.50365987949171,36.8511286521735,0.0,0.816,0.0,34.14,3.748,0
0.6137999999999999,0.3767504399999998,0.0,1456.8661059999984,28.83829564583329,19.664437422222225,243.39506861168977,140.59662483543948,110.58155678256836,7.060985666666668,1.2912673083899222,1.2045702344445637,1.0097573960540678,0.8805235832692724,160.6996120516453,142.15246787002505,2.002314814814815,0.1383433333333331,2.2273849431542203e-15,4.49537037037037,29.425766076388896,1.328763500664687,0.187307098765432,-0.2384301114783948,0.883183757540091,-1.7763568394002505e-14,12.11015510623356,5.558256921310102,3.0223240423406845,3.0704216393307053,0.4896361540812282,0.5519174106388385,2.811400000000001,11.661481481481482,2.8876851851851857,0.0,1.4438425925925928,2.136574074074074,1.4438425925925928,2.2777777777777777,1.4438425925925928,0.0,1.8333333333333333,2.2777777777777777,6.197808796296296,0.3533333333333334,0.0,0.9798687566511528,3.605093744070004,2.3008033728697352,6.772325919164824,28.08068919650301,22.33521354557293,0.0,0.129,1.0,0.0,5.846,0
-1.1802999999999984,1.393108089999996,0.0,1428.370120999998,22.038067235294065,19.986304095238104,200.4545965121906,98.33986652770892,99.63484942416554,7.207710962962966,0.8820081349962016,0.8607639066740407,0.8718808984042862,1.0226015890360003,167.71569892440675,147.06379431546927,1.9166666666666667,1.1226669629629633,0.0579195171467782,7.666666666666671,29.63769534430724,1.140897431353548,0.2839506172839507,-0.1991342648625077,1.4880212954747107,0.2492655790986724,15.994916640152278,5.008287210367614,2.891901666128379,3.197268447141681,0.0,0.0,2.6032000000000006,0.0,0.0,0.0,0.0,0.0,0.0,0.0,0.0,0.0,1.8333333333333333,5.314444444444444,5.173066675170068,0.5451388888888888,1.0,1.086048612313038,3.668838889850431,3.2243944454059865,9.449442116690683,24.89891668750007,29.89674446431631,0.0,0.296,0.0,9.23,2.72,0
0.5277000000000007,0.2784672900000007,0.0,1684.338121999998,20.209935636363586,12.839462173913043,206.2922385028216,91.41102870026062,83.60449358685746,7.427139714285717,1.1557914635433326,0.7857804058000494,0.8137798412843638,0.4770058927318961,168.34911274148152,148.68801726884078,4.048859126984127,2.043175428571428,-0.2188263061224459,46.04637896825402,32.8804266785714,1.117593147674514,1.6445135345805006,-0.5149844078362551,0.8679835612601589,0.4985311581974194,15.995918659282342,4.640557924271183,2.5235264586252137,3.384397256710009,1.7213155164503904,2.1705284254984583,1.0217999999999998,0.0,0.0,0.0,0.0,0.0,0.0,0.0,0.0,0.0,2.541666666666667,9.494212962962964,3.125634259259259,1.752314814814815,2.0,1.198117421130403,3.6092375009272,2.714285714285713,10.959508116884994,26.0225081388476,20.20066467426797,1.4142135623730951,0.7719999999999999,0.0,40.46,0.957,0
1.9844000000000004,3.937843360000001,0.0,4115.230322432649,96.4246679842963,28.32649126666665,244.6486883737432,203.8605817116218,126.20846708167171,7.72907615,1.6789064486723644,2.1925218408888885,1.3483507265131998,0.8747843880233331,161.84022248940198,143.9622008234858,2.566617607834172,2.04730855,-0.5705940224999989,12.537472850937366,119.06329228805058,1.733104311062726,0.6268736425468683,-0.7023530652556509,1.335566492663557,2.3614687383199904,31.98414888882628,5.095015625000004,3.072675282691105,2.890775615608586,2.0843546094684555,2.89090049111541,1.8843,0.0,0.0,0.0,0.0,0.0,0.0,0.0,0.0,0.0,1.8727709190672155,5.643933470507545,3.237429897119341,2.549168381344307,2.0,1.8192407046368488,2.5026873902505136,1.9609640474436816,28.67831871952248,28.66033980727912,25.40297428152266,0.0,1.761,0.0,99.16,2.474,0
-0.7499,0.5623500100000001,0.0,1119.8090869999994,17.197775823529422,6.896903999999999,253.0751973597544,85.89084550609736,68.28177348907532,7.57051046153846,1.22859191046181,0.791229475526059,0.7157332724245,0.4446129048489999,166.61213986273032,154.30191190109232,3.829059829059829,0.543643692307692,-0.1350892307692303,10.256410256410255,33.72490202366863,1.66680765274117,0.7889546351084813,-0.560998852881485,0.759473684210526,0.2850003569643746,14.01434898118518,5.3238068475919045,2.471668308542334,2.727767154068851,0.098588703846749,0.0817654144549745,0.6638,7.61212962962963,0.7106481481481484,0.0,0.7106481481481484,1.6111111111111112,0.7106481481481484,1.800925925925926,0.7106481481481484,0.0,2.3809523809523805,5.295277777777778,2.205672592592592,0.9560185185185184,2.0,1.4604846813131116,2.239955036827981,1.0769230769230766,12.698834383123891,18.587591938185856,14.494066564872062,0.0,0.711,0.0,38.91,0.37,0
-1.4998,2.2494000400000003,0.0,1845.1939479999985,50.44466843750004,24.729697047619023,275.52135127531926,168.4405928533589,120.7005795596666,7.408776,1.5702645878129555,1.3020163957071471,1.0417184583117631,0.6422519058993331,160.89091848920413,149.18932075446088,3.505050505050505,0.6197163636363631,-0.2226543801652872,15.999999999999996,32.16066371900825,1.608586111731156,0.7272727272727271,-0.6319648012317094,0.5711805555555555,0.2850003569643711,14.004084186408027,6.198031249999997,2.981661910474093,3.334491154214726,0.658956440675985,0.9533474465469104,3.112490000000001,15.112592592592591,1.4825925925925931,0.0,0.7412962962962966,1.8598148148148148,0.7412962962962966,2.002037037037037,0.7412962962962966,0.0,2.2222222222222228,5.7770370370370365,4.443670925925926,0.9253703703703702,2.0,1.3485878960124222,3.110843722624875,2.0463431822115394,11.129537364075537,35.210633028613586,25.60667206620531,0.0,0.69,0.0,52.04,2.1900000000000004,0
-0.7499,0.5623500100000001,0.0,1119.8090869999994,19.258073470588243,4.291812,253.0751973597544,89.5083482689801,45.05435204835367,7.57051046153846,1.2403503861760954,0.8384103828878825,0.51682775363675,0.0,166.61213986273032,154.30191190109232,3.829059829059829,0.543643692307692,-0.1350892307692303,10.256410256410255,33.72490202366863,1.6668076527411702,0.7889546351084813,-0.5382426770543847,0.7389473684210522,0.2850003569643711,14.01434898118519,5.365494004624646,2.5960644674867885,2.714367614273108,0.1111111111111111,0.0817654144549745,0.6638,7.583333333333334,0.7592592592592595,0.0,0.7592592592592595,1.662037037037037,0.7592592592592595,1.75,0.7592592592592595,0.0,2.3809523809523805,5.317777777777778,2.19225,0.9074074074074072,2.0,1.4604846813131116,2.239955036827981,1.0769230769230766,12.698834383123891,18.587591938185856,18.15655211163749,0.0,0.711,0.0,38.91,0.37,0
1.9259999999999995,3.709475999999997,0.0,1310.5698569999986,21.502733083333307,5.175198000000001,247.0710243900089,128.2689296608961,62.45357140827603,7.070772,1.551776355633283,1.1556047875821471,0.6954621817806245,0.4446129048490002,160.00766805242804,141.83903701737148,2.111111111111111,0.1219679999999998,1.8578888427711604e-15,4.285714285714285,29.64881853061225,1.338835760436489,0.2040816326530611,-0.447476451995878,0.6337448559670784,1.7763568394002505e-15,12.110134441590947,6.234108438378103,2.946831904528363,2.993656732287149,0.9940169358562924,0.968233512793084,1.77066,10.560185185185183,4.182870370370371,0.0,1.3842592592592595,2.0949074074074074,1.3842592592592595,2.141203703703704,1.414351851851852,0.0,1.8888888888888888,2.1574074074074074,5.5253912037037045,0.2824074074074073,0.0,0.9852281360342516,3.407089286744509,2.2642321438873663,6.751545309820625,27.57483227619536,21.919473129996167,0.0,0.125,1.0,0.0,5.031000000000001,0
1.4886,2.21592996,2.0,3383.0539819999995,185.935512,24.161088000000003,327.0033076413902,185.8735584183384,93.80199084813468,8.022350166666666,1.835291202366572,1.7274027862122496,1.1172767949496667,0.0,153.06296668923304,138.77459463080004,2.43143829700757,1.0986656666666668,-3.677613769070831e-16,2.1031346847533405,131.86274847222228,1.1761737055369987,0.175261223729445,-0.3860276033984567,1.1205229168679745,1.3223695345557136,34.970155248086584,6.125777265837974,2.72209959925635,2.724016222043756,0.407200126740606,0.5584917621914491,2.9934000000000003,11.95889574759945,3.084876543209877,2.06579561042524,1.5424382716049383,2.1558641975308643,1.5424382716049383,2.3120713305898493,1.5424382716049383,1.03289780521262,1.7530864197530864,2.3120713305898493,3.904506303155007,0.312781207133059,0.0,1.4591479170272446,2.125814583693912,1.6666666666666672,21.597983772843115,34.61102917892632,32.33383542303688,0.0,0.0799999999999999,0.0,0.0,2.988,0
-0.7461000000000011,0.5566652100000017,1.0,2133.463929999999,20.061766611111125,6.802320000000001,236.9555610239444,79.06716757723825,46.76330603523136,7.290101388888887,1.0755405466074524,0.8498966796383325,0.6127788773741668,0.0,164.6122075902022,143.9518647483834,1.4354794323358568,0.7405822777777777,8.656270145124267e-16,0.9191540076885296,75.10938865432098,1.1811211952521374,0.0510641115382516,-0.2636640912305312,1.3273242115978547,0.6611847672778595,34.96937968808852,5.953637335987978,2.824624263979155,2.91387199397499,0.4629100498862757,0.4909902530309828,2.5579,0.0,0.0,1.289008916323731,0.0,0.0,0.0,0.0,0.0,1.289008916323731,1.4541446208112874,1.5588134430727023,4.612338177297669,0.1338734567901235,0.0,1.194173734256912,2.9757512671854003,2.759077126635949,14.878409794049004,25.50430612976792,24.942190289075896,0.0,0.0819999999999999,0.0,0.0,2.64,0
1.0282999999999998,1.0574008899999996,2.0,3639.021983,114.5335874375,22.741824,322.6189390790348,173.4665147839631,100.5528889328544,8.432301384615384,1.9084563919868704,1.4484406441061248,1.075625236808167,0.4446129048489999,155.55437585179203,142.36155330521927,4.919618257066817,1.746633076923077,-0.2620627692307691,20.77961849155264,122.71753710059176,1.2045594914965905,1.5984321916578952,-0.4454693079830403,0.6275297430443763,1.571635113654402,34.97015535237489,5.327683444901897,2.7615200518006144,2.7512188582951342,0.8923991381407769,0.7734180197286059,3.06959,8.845192043895748,3.074588477366256,1.6790054869684496,0.4978566529492458,1.7638271604938272,0.4978566529492458,2.09480109739369,1.370541838134431,0.8837620027434842,2.187928669410151,9.16716049382716,2.855782846364884,1.1688100137174209,0.0,1.7381493331928664,1.9622903849482256,1.0392134618713027,25.78616286196544,33.63247034911945,24.910871808097127,0.0,0.3079999999999999,0.0,20.23,2.0250000000000004,0
-0.5226000000000004,0.2731107600000004,0.0,1761.7178429999983,42.60486278571425,28.24904940909086,249.65826080877247,161.08470971603543,116.91369993853782,7.514595454545456,1.3736489277413662,1.2577105623189533,0.9827160280552968,0.8623864434547582,162.36066934951089,146.19212838985916,4.434343434343434,1.2808510909090909,0.0137658181818191,34.20202020202017,34.08934152272729,1.4425382030961336,1.5546372819100078,-0.5929401803293014,0.5429341405788547,0.3917657575808704,15.994917395813918,4.506167760327103,2.78835113741086,3.0413513431544508,0.6213467250410019,0.5651616586973441,2.4302800000000007,10.541940665154952,0.9305555555555556,0.0,0.0520370370370373,1.9041666666666663,0.9305555555555556,1.928051776266062,0.9305555555555556,0.0,2.393939393939394,10.870096371882086,4.467018962585033,1.6146296296296294,2.0,1.4329283087286118,3.0265033099086853,1.76041163423639,12.91485313439128,27.9755380921852,23.88881965706796,0.0,0.508,0.0,20.31,2.395,0
1.9622000000000008,3.8502288400000015,0.0,2432.209333,82.36396600000005,55.7178513333333,274.3626581315448,181.4644077089617,118.3430308874022,8.78444905263158,1.468569203705658,1.1111357664712256,0.723090195697055,0.5496115144133636,166.38693018976286,153.96404386249478,12.333333333333332,3.157938105263157,1.28722189473684,97.43859649122808,36.11861247091412,1.5305775632449357,5.128347183748846,0.0108347655329748,0.3722002160604968,1.282062673359114,16.016997953343733,3.807308601988773,2.9441640600875667,3.7692307692307696,0.8284849439730319,0.910755804485334,1.8656200000000007,3.397592592592593,-0.3741666666666654,0.0,-0.2275925925925921,1.2384259259259258,-0.2275925925925921,1.2949074074074074,0.0810185185185188,0.0,3.4615384615384617,10.379537037037036,1.6393226851851852,2.6365740740740744,0.0,1.87101912087884,2.3769083925647454,1.1718243424468624,19.25513355326752,32.603589612462834,31.54494736669101,0.0,-0.306,0.0,86.28,2.682,0
-0.2526000000000004,0.0638067600000002,0.0,2944.058586,75.38104568333343,77.83495627777789,288.4035784190147,208.52236004491445,215.6667536727869,7.792815200000003,1.5797484421007266,1.4017931971182318,1.4636817926397585,1.39669857196809,155.90936743494962,140.41158798596126,5.871296296296295,2.7324047999999976,-0.02566096,64.6490740740741,33.99761223999999,1.3713471681927594,2.1549691358024696,-0.413809470262673,0.6256918201032436,0.7477967372960777,15.99692597676438,4.731259764526164,3.0670608987517767,3.74918675233836,0.7356807192101769,0.9641812631111384,2.6725900000000014,15.98850072436382,1.1928297430083146,0.0,-0.5047397014361288,1.585324074074074,0.2859750566893422,1.8363011778785587,0.5498639455782315,0.0,2.5462962962962963,12.279726001511715,5.526003813145628,2.1714063681027955,3.0,1.3609640474436813,3.5459265481648377,2.2856141676762856,11.846304514962885,48.224687213847886,23.82792775969576,0.0,0.8500000000000001,1.0,43.370000000000005,5.024,0
-3.641400000000002,13.25979396000002,0.0,2196.4758629999965,19.223583888888857,19.003727648148097,208.7132249640699,103.72826005043328,103.05007482357,6.980821021276596,0.9545632304042828,0.9508840869362706,0.9465917528902564,0.94151899447224,166.36766396012703,145.10961982766963,1.4734042553191489,0.2422059574468085,-0.0109937455862335,3.7127659574468144,26.30678330466272,1.1879212722750174,0.0789950203712088,-0.0676987510031441,1.2389684813753563,0.0,12.110264591747008,5.117206021826002,3.369493292530596,3.4259500719511307,0.0,0.0,6.097500000000006,0.0,0.0,0.0,0.0,0.0,0.0,0.0,0.0,0.0,1.5666666666666669,2.287997919500272,11.098200208049972,0.1275510204081632,0.0,0.9034535552068336,4.651135296470804,4.470334390124132,6.69088082898904,54.41098591413237,49.29703163916835,0.0,0.0849999999999999,2.0,0.0,8.875,0
0.8103999999999992,0.6567481599999988,0.0,5834.227284432649,97.01855308353642,110.9747219028571,292.3102804744992,194.71772438951288,210.76164250407493,8.09640861290323,2.125487638831196,1.622606517473886,1.742494956915284,1.350293994315162,157.7879106082996,142.99160932095631,5.743831155262523,3.736170193548385,-0.6851684901144639,71.69158849211618,83.42666208409918,1.7333123823309589,2.3126318868424574,-0.5499427721337828,0.7354367760318148,3.00250007499951,32.01448089080256,5.359113281250001,3.2401981616680047,3.729853313027841,4.90544038716944,4.916104893510652,2.12959,7.8138524286600815,1.0731390498586275,0.0,-0.1441661417653474,1.7218670739900896,0.5365695249293139,1.7926557571759842,0.5365695249293139,0.0,2.3906757634827813,12.198655692729766,3.61660824557858,3.2140089250720867,5.0,2.016347993817064,2.937848316569812,1.6129032258064524,28.34027584281135,41.64390411173928,37.340860406677606,0.0,2.684,0.0,123.04000000000002,2.9330000000000003,0
2.1573,4.653943289999999,2.0,3096.557868,48.79027983333334,12.588576000000002,262.0874744717937,118.39672443627676,62.44286763953247,7.885341499999999,1.5548034391707892,1.1861712566163334,0.7809448498993333,0.0,162.7501826782745,144.6506511568546,2.2207901488594217,1.1814150000000003,-0.0019802500000001,3.894029746481736,149.55343300000004,1.1062556308722484,0.324502478873478,-0.2329523184873642,0.8962342386566843,1.3223695345557127,34.970155075807966,5.577597957074014,2.1768192860681395,1.942574136601652,0.4920279998702768,0.2142857142857142,1.94479,5.784322702331962,0.0,2.356923868312757,2.0858196159122087,0.0,0.0,3.698503086419753,0.0,1.2014026063100136,1.7541152263374489,3.698503086419753,3.579234159807956,0.3979766803840878,0.0,1.4591479170272448,2.125814583693912,0.959147917027245,21.90929133072504,24.8180458388622,6.802005209835742,0.0,0.1249999999999999,0.0,0.0,2.025,0
-0.4256,0.18113536,0.0,1467.0932169999992,41.71586599999999,44.97905800000001,294.95130654005186,137.42273429146567,115.1937585670404,7.852091714285712,1.4247389400679205,1.0512763335698,0.8372533921551112,0.997872155,157.77429295455323,143.0169010587679,7.486111111111112,1.119219714285714,-0.1778382857142854,36.89880952380952,32.39293831122449,1.5841711453887997,2.63562925170068,-0.4759723123432287,0.5103672635371296,0.3917657575808722,15.994916898147991,4.155292392807817,2.665925019264032,3.3366924928531594,0.2195591410723212,0.1868017965426313,1.3300900000000002,8.793703703703704,0.7516666666666674,0.0,0.1888888888888893,1.484675925925926,0.1888888888888893,1.9430555555555555,0.562777777777778,0.0,2.8703703703703702,8.742777777777778,2.216810740740741,1.4777777777777774,1.0,1.5744174271404583,2.232937494917145,1.1428571428571423,14.69273152302268,23.70527275860073,20.47585307037031,0.0,0.5529999999999999,0.0,44.02,1.181,0
2.5169,6.334785609999998,4.0,6150.394855000001,357.64459706249994,435.51771333333335,376.04344546192647,291.49861737762154,242.50239865594023,9.25648,2.631873683478261,2.378645493125,2.343388296,0.4446129048489999,152.97618751219989,141.26876197846542,4.856330531227652,2.046717230769231,-0.3854110769230767,19.86683549646514,154.94872753846158,1.0283587812558452,1.528218115112703,-0.3274284895949424,0.6451203269223201,2.894004648210119,34.972007038510434,6.061180802793684,2.811686549919601,2.7937596300271537,1.6347572221731093,1.7076384747061388,4.37639,8.519272976680384,6.1905041152263385,3.494677640603566,0.673954046639232,2.3287688614540465,0.673954046639232,2.3287688614540465,1.4613134430727026,0.9179286694101508,1.9741863075196413,9.7020987654321,3.0072687482853224,0.9927126200274348,0.0,1.7381493331928664,1.9622903849482256,1.2307692307692304,29.445801728664964,54.39780692884816,44.483890918235765,0.0,0.0209999999999999,0.0,20.23,2.217,0
2.654299999999999,7.045308489999996,4.0,8461.84172243264,173.94259345018173,219.2775157093879,307.6558169955979,242.60662927363785,254.3925650482477,8.710925892857146,2.35009590447826,1.8744331346181813,2.030148132116284,1.6837818024324993,159.16485538399792,143.13565909839647,4.856409696365972,4.822040678571426,-1.196665607142856,44.79888838537249,131.39142361888955,1.2870690732203296,1.599960299477589,-0.7837271226966991,0.6167725397076012,4.254021560762887,34.97185626972503,3.515484735982905,3.26088277997845,3.348507171575489,1.7250110750776244,1.884075199248208,4.438789999999999,12.585690682651665,5.376085180985974,3.15156869043342,0.7059945130315501,2.2100017146776407,1.100348936899863,2.289680510064108,1.5074321652529326,0.8971021437553073,2.1856725146198834,12.222269933808,5.050239123061461,5.12044157760841,4.0,2.030618994848517,2.776735927209087,1.3935553574519235,32.65352865540495,56.670220480621694,36.2257586111421,0.0,1.824,0.0,54.57000000000001,3.46,0
-0.4795999999999999,0.2300161599999999,0.0,2763.1699679999992,64.98825480769236,63.0253447142857,302.76338762074465,191.5702810957449,171.62242912145177,8.235032000000002,1.6358771320339591,1.3299671216806923,1.1814986031545247,1.1194816665498573,155.94494302016636,142.03215129998802,9.111111111111107,3.247584,-0.451264,87.99999999999994,33.98801799999999,1.374422227419221,3.666666666666664,-0.664055585645043,0.3652977139819248,0.9970623163947964,15.999289320846808,4.218162109374988,2.9808761522471143,3.961493838517714,0.7995530824593331,0.8933993955535627,2.2045900000000005,8.962687809691777,0.3806944444444451,0.0,-0.9961008230452676,1.454659863945578,0.1903472222222224,1.6024074074074073,0.1903472222222226,0.0,3.0,10.72566599479298,3.5686245553036025,2.662767489711934,4.0,1.4591479170272446,3.1258145836939124,1.9591479170272457,13.423497376825464,45.082206255649055,33.4596500067308,0.0,0.8410000000000001,0.0,74.6,3.146,0
8.7339,76.28100921000001,10.0,65833.629613,1976.8152298333328,1466.2403426428568,464.40552765890266,522.853632029151,513.5275965814252,9.01989208695652,4.767842608695654,5.013980000000001,4.682614285714286,5.040140000000002,134.89748970793485,131.6036771379167,2.474853879644541,1.679708608695652,-0.1624895047258953,6.221812190612513,1123.184260601134,0.2571351065689978,0.2705135735048918,-0.1026913118925529,0.9885819361105406,8.746086764521102,78.92736040491152,9.584015625000006,3.1434370290233247,3.147322750718542,11.124113814101849,17.799246004179,11.604689999999996,22.238596437203142,22.238596437203142,0.0,1.5352507978500043,0.0,1.5352507978500043,1.9924595621856425,1.9924595621856425,0.0,1.4847020933977464,6.970195473251028,8.176933246899583,0.6271920535189385,0.0,1.2088301752949475,3.3147317807620653,2.9755896477281416,50.25312043910376,219.4544701473648,178.32354249389908,0.0,-0.152,1.0,9.23,9.023999999999996,0
-2.7094000000000014,7.340848360000007,0.0,3320.0548069999986,35.379513669642854,46.637293924999966,233.3443904034598,114.73462952515676,134.21969248914868,7.210424125000003,1.0995908188824417,1.0483415169428638,1.235997016318373,1.3944168846399494,165.40400526430193,147.72684656340004,1.6753429355281206,0.8475399750000007,-0.0178074743749971,5.436213991769543,46.87856562437497,1.452151300072797,0.1359053497942385,-0.6021060329657534,1.006640124858647,0.9103590593972511,31.972071763253886,6.957474609375,3.343841431033027,3.4518137522893024,0.7293625530579064,1.187113362377474,3.1159000000000017,1.4942592592592594,0.0,0.0,1.4942592592592594,0.0,0.0,1.4942592592592594,0.0,0.0,1.601851851851852,3.749847463676829,7.572432181542369,0.5487587396069541,2.0,1.3183076860588137,4.003620408828549,3.4331694139723545,14.049284612859704,49.41396714765615,36.70730544850536,0.0,1.246,0.0,56.150000000000006,3.781,0
1.8982000000000003,3.603163240000001,1.0,2564.224164999999,40.8013340833333,30.8969031724138,279.27776689147095,149.2584702104791,113.39128530056556,7.389812894736842,1.6699608425628003,1.2866696366331123,1.0394267309719998,1.0173559175582354,156.50355267606008,140.27744938500533,2.533904491452683,0.7221666315789477,4.579669976578771e-16,5.855894881236014,70.43515095290859,1.3092410933329344,0.3082049937492639,-0.3556127117599904,0.6358632310031641,0.6611847672778595,34.96885307238694,6.054657356631387,2.665925019264035,2.682859549547305,0.6608259787650738,0.5301108809697868,3.1903900000000007,16.344440665154952,2.713456790123457,0.969366339128244,1.143175582990398,2.135802469135802,1.2535802469135804,3.8683912824389015,1.4598765432098766,0.969366339128244,1.934567901234568,3.8683912824389015,5.364221888105036,0.5234910836762687,0.0,1.2448406699719212,3.003086843471664,1.487613816131073,14.460387576549936,26.278266315523265,23.44579259022571,0.0,0.141,0.0,0.0,4.057,0
-2.7036,7.3094529600000016,0.0,7464.602109000008,96.89338163157896,90.4332146352942,305.8919277727629,207.70612909866009,199.7655237599504,8.830918837209298,1.5888170964377326,1.3522044892567997,1.2974366177333994,1.5244136053297606,162.24192929287645,148.01564159671,11.550750470539445,6.901336604651164,-0.1846725862628483,202.44776613392028,54.93186899188751,1.739555051892043,4.708087584509774,-0.5535524513329563,0.4318592830596767,4.064108330682728,28.29989207783299,5.196673625388709,3.78701933013589,4.734616237754963,1.4613632390286997,1.872443094038566,3.5319700000000034,6.178053102340227,-0.344316038832632,0.0,-1.5135377944951844,1.0796100741048849,-0.2770093899206449,1.2140505966799116,0.091929034903422,0.0,3.2413381123058547,12.633134720326504,3.054391529200347,6.3281147151035935,13.0,2.041407196059431,3.384857558642667,1.6454625000503138,25.48529469586534,62.255290589954384,42.34345463785721,0.0,2.8840000000000003,1.0,216.61999999999995,1.833,0
-0.0518000000000001,0.00268324,0.0,1853.0339719999984,52.42279542857144,31.70128251282048,278.7613516130197,184.80670604377448,139.46744662301842,7.431001454545456,1.583519504889418,1.397408834080858,1.1523851799177445,0.8976247896323789,155.88026013795414,140.55000221517395,2.8446969696969697,1.0434683636363633,0.0269096198347121,8.481060606060607,32.51964335537189,1.368828668928469,0.3855027548209367,-0.2668040859813116,1.2464179230592805,0.2492655790986795,15.997943822564682,4.980462494047413,2.970479052099835,3.190826232462505,0.5385634125724749,0.7603067312551747,3.349190000000002,17.576342592592592,0.9380555555555558,0.0,0.9380555555555558,1.974537037037037,0.9380555555555558,2.081203703703704,0.9380555555555558,0.0,2.041666666666667,5.227453703703704,5.978808981481481,0.728611111111111,0.0,1.2197484934607568,3.239683125176541,2.0935389277713603,9.76328514754845,34.761250918550964,17.594735598675744,0.0,0.4039999999999999,0.0,9.23,4.228,0
-1.4998,2.2494000400000003,0.0,1845.1939479999985,46.924376750000015,27.504983547619013,275.52135127531926,166.34756018978874,117.7704806542521,7.408776,1.570264587812956,1.2981066393561262,1.0186763326985488,0.7170978130072305,160.89091848920413,149.18932075446085,3.505050505050505,0.6197163636363631,-0.2226543801652873,15.999999999999996,32.16066371900825,1.608586111731156,0.7272727272727271,-0.6381656348299724,0.5752314814814814,0.2850003569643675,14.004084186408026,6.129906250000003,2.9795789507697568,3.242077551679509,0.6812855400452451,0.8977918909913547,3.112490000000001,15.127592592592592,1.5551851851851857,0.0,0.7775925925925927,1.8767592592592592,0.7775925925925927,1.9732407407407409,0.7775925925925928,0.0,2.2222222222222223,5.769537037037037,4.440969259259259,0.889074074074074,2.0,1.3485878960124222,3.110843722624875,2.0463431822115394,11.129537364075537,35.210633028613586,26.94818022182565,0.0,0.702,0.0,52.04,1.768,0
0.6420000000000001,0.4121640000000001,0.0,2464.6828249999985,58.03607119736848,41.71957038028174,307.7242947322756,216.73000586592389,173.35320110608427,7.200356551724142,1.855574034917784,1.6471243599202996,1.3922054151131948,1.1875505693637614,150.84537509727548,136.6674279485875,2.46360153256705,0.166829793103448,0.012182297265161,5.693486590038315,29.366784585017843,1.3261001051647967,0.1963271237944246,-0.2200654514745145,0.7690543841284081,-2.131628207280301e-14,12.110311489316723,6.680285304260638,3.4381795834060407,3.464607415085992,1.414022228311384,2.167467602741194,4.612020000000003,29.48027777777778,1.3571787603930463,0.0,1.3390740740740743,2.1335619803476944,1.3571787603930463,2.2494444444444444,1.3571787603930463,0.0,1.862745098039216,2.2494444444444444,9.912731339758125,0.3275925925925925,0.0,0.9784493292686188,3.879531665858954,2.666321121808691,5.951084905148149,52.96043729663852,25.645925087872257,0.0,0.291,1.0,0.0,8.659000000000002,0
1.3022999999999998,1.6959852899999994,0.0,2163.9820929999983,47.93867924999996,47.32154997435895,246.2365405320406,148.46859092356306,165.56705158032565,7.678856153846157,1.3818152852882342,1.0966480590141356,1.2239584195897446,0.9903688726769774,163.61598737039373,147.5697380533116,4.446581196581196,2.155299846153846,-0.0871707692307685,38.87606837606839,35.71610126775148,1.3936763430924264,1.4952333990795534,-0.9044386565796866,0.3861322797446638,0.6410313366795499,15.995920702416846,4.191260590137281,3.030937363306684,3.1150638369632366,0.4978954059492991,0.7446364284661827,1.5596199999999998,7.97308484504913,2.745051965230537,0.0,-0.4398148148148146,1.8216666666666663,0.5804166666666668,2.024514361300076,1.082317649281935,0.0,2.435897435897436,10.870474300831445,4.663028701814059,2.1064814814814814,2.0,1.4956321302677145,3.204807587873378,1.6168884622041446,13.95077538878322,26.741781976259823,23.682747675058994,0.0,0.4660000000000002,0.0,38.33,3.07,0
-2.9363999999999995,8.622444959999997,0.0,4232.228842000014,44.48905005714298,46.592948697674544,236.46266673398608,141.21992207897645,144.5806538212996,7.46209986666666,1.0938866875557514,1.0614176068218164,1.0830832520574658,1.1431479746489186,163.64135243357444,144.36856190881002,3.643518518518518,4.061319733333336,0.0485477333333249,78.56481481481484,34.03339733888887,1.271803794318033,1.309413580246914,-0.5069698632492712,0.4940108212353349,0.997062316394647,15.997936804262856,4.94988012695312,3.5202360138171103,3.8482622975546543,0.5053913347111422,0.6594223067318924,5.909390000000007,6.397065232480096,0.5778540307562674,0.0,-0.4481598890193765,1.622279592201129,0.2889270153781336,1.7354858976801617,0.2889270153781338,0.0,2.2179487179487176,12.277022424140098,9.779265905025696,2.114826555686044,4.0,1.2555367253996503,4.651353870208869,3.4737666469521526,11.002820820665365,61.227529040636846,40.82993298080993,0.0,0.8070000000000002,2.0,52.60000000000001,8.447999999999999,0
-0.6669,0.4447556100000001,0.0,2298.019102999998,38.76516912000007,27.04340583333333,235.76888381007552,151.5772809254901,122.85882661880372,7.208787783783788,1.3009666374873678,1.2125107999582874,1.0343373870450532,0.9983425534257936,162.93947609718862,144.03302952275817,2.767267267267268,1.1799889729729705,-0.078971459459457,27.42192192192191,31.01172430241053,1.2868103407415403,0.7411330249168084,-0.5407602757764671,0.5497290419173917,0.2492655790986759,15.994918150028234,5.712840470552258,3.2612422688664298,3.427612762256308,1.5157859152775797,1.7857979557219454,4.789790000000004,8.83314814814815,2.7007407407407413,0.0,0.5150000000000003,2.0370833333333334,0.5150000000000003,2.058240740740741,1.0928703703703706,0.0,2.0444444444444443,10.191851851851853,7.503491780990173,1.1516666666666664,0.0,1.1172786489038955,4.092174716725054,2.664011487305096,9.06775393312619,33.90486703772323,29.75170927819057,0.0,0.461,1.0,20.23,5.5600000000000005,0
-0.4021000000000003,0.1616844100000002,0.0,2408.045813999999,66.339193974359,64.06066006666664,264.68503616294373,171.16503218954867,165.2760231577774,8.07126782608696,1.360385476013342,1.1974588050614368,1.128753902703134,1.2200957776894577,165.65351448101052,152.91192391532914,5.341787439613525,2.3276546086956507,-0.374841504725897,38.04830917874397,35.59818075992438,1.6274866101870935,1.654274312119303,-0.8908392850476522,0.4998070420464569,0.9260316936439033,15.995922240846117,4.1182587227678935,2.992773609730511,3.386405628581136,0.4371304572191054,0.5494656908296067,1.8625700000000007,9.03425973167045,0.3870833333333336,0.0,-0.5379109977324255,1.855448790627362,0.3870833333333336,1.8913050359032504,0.3870833333333336,0.0,2.511904761904762,10.864683484504914,3.5214891463529856,2.204577664399092,5.0,1.7490603243994,2.774501631657613,1.0762994566158026,17.158142440930586,28.764743497445835,20.227517601545777,0.0,0.7410000000000003,0.0,67.00999999999999,2.034,0
2.5992,6.755840639999999,4.0,5463.666619000002,155.96679511111108,0.0,315.3963900417993,125.43893248486216,0.0,8.890718545454545,2.3541026200000004,1.371698508821778,0.0,0.0,162.97194433041784,145.01565193876002,1.5732643651882336,1.7397189090909089,-0.0437190082644631,0.4103673913344695,223.3508643305786,0.8838798484602637,0.0373061264849517,-0.1917789930332653,0.5696418162284039,2.644739069111424,34.97200630592546,6.148524424540908,2.190115278888184,2.0090495715314804,2.3165790759479226,1.457862967321305,2.6379,0.0,0.0,5.286779835390947,0.0,0.0,0.0,0.0,0.0,1.335305212620027,1.3761022927689592,1.6450188614540466,3.467534722222222,0.1941015089163237,0.0,1.5726236638951638,1.886807954742134,1.636363636363637,25.2275356536952,45.46356861151459,-0.0,0.0,0.146,0.0,0.0,2.895,0
4.285499999999998,18.365510249999986,6.0,10837.078985432638,202.81024484735988,174.90757766666664,275.87472312705364,210.26034631320928,203.71291559735388,8.5950698,1.6924798697248324,2.01132659589584,1.262086018833334,1.882149744040427,165.018467498321,146.02893638325006,3.7298748557493417,6.04228228571429,-1.1804987346938784,47.58334258714916,158.06746063040805,1.1170107648351009,1.3595240739185477,-0.6965862209315666,0.492798334337116,5.5763910953186695,34.97396077095903,4.365991563519756,3.4017658282435894,3.5771349510968524,1.2763627236135229,1.7425115535030566,3.7029,0.0,0.0,5.517889686738894,0.0,0.0,0.0,0.0,0.0,0.9196482811231488,1.9442901234567904,13.163621399176956,5.042367802973041,5.097556584362139,4.0,1.9680699040468088,3.161213112898157,2.8323623984888164,32.08587128336548,84.17981647622716,81.38848787415195,0.0,1.86,1.0,54.57000000000001,4.011,0
0.4752000000000004,0.2258150400000003,1.0,4004.853524999999,66.65803173033714,59.91919103703708,244.38510010884056,193.2334967359718,174.37630875029186,7.603084131578949,1.4205318811673486,1.42566148421729,1.3329810459248703,1.1242681857404395,163.78358126254952,146.16350629663162,3.451893766194178,2.8551938157894754,0.004130210526317,41.07473688221463,54.99246578185598,1.3211265230812583,1.0809141284793324,-0.3931226149239443,0.7135628296316634,1.302216103957413,34.96938019473215,4.813186950596695,3.2401681729004546,3.466078412588599,1.0770297019018285,1.6542896144300991,3.7480800000000025,9.943458102376754,3.504746227709191,0.7034255235015814,0.1768227023319615,2.0683303413958174,1.0643209876543214,2.0967794154698915,1.220212620027435,0.7034255235015814,2.1395747599451305,12.125489732930207,6.680177112622825,1.4898439643347052,3.0,1.5178872290605934,3.730040284382992,2.2367537711995444,17.199281589865397,32.61438928879869,27.46491725722816,0.0,0.704,0.0,29.540000000000003,3.941,0
-0.5995999999999999,0.3595201599999998,0.0,5567.022778000007,94.42048871874997,88.83709453488376,300.6812902472949,207.3101092171344,203.82580545435744,8.26939514634146,1.668551327556276,1.4067824527551045,1.367627903842907,1.4012064812389091,158.8698337949899,143.89503591394998,8.490366439158217,5.252756487804881,-0.077320340868531,140.20905684365482,46.97202558834029,1.5814606951609038,3.4197330937476784,-0.5096331318203439,0.4059329170080177,2.4059525339893497,31.97207239064114,4.415306484252953,3.554228264527847,4.164683870066991,1.583708637144683,1.985452264882537,4.880600000000003,11.123360284280675,-0.7816391140108203,0.0,-1.3365137034333954,1.2973142899134962,-0.5800661900562691,1.7026986525913292,0.6229134994728429,0.0,2.900891632373114,11.714932371887638,4.745791666160527,6.492844393587338,7.0,1.799713128054791,3.5578388765632933,1.7137722562558633,20.43449488805868,52.815951199304855,27.88077762240792,0.0,1.6150000000000002,1.0,145.0,5.142000000000001,0
1.2226999999999997,1.4949952899999988,0.0,1310.5698569999986,19.9401760952381,11.003593580645168,255.0912915427054,108.29303176581986,84.22007463777634,7.070772,1.1833615358148692,0.9864171068400488,0.8439115555720962,0.6020085295904121,160.00766805242804,141.15518788430913,1.8492063492063493,0.1219679999999998,0.007744000000002,3.256613756613759,29.64881853061225,1.338835760436489,0.1550768455530361,-0.026133621217207,1.0337124289195767,1.0658141036401504e-14,12.110134441590947,5.780873419106407,2.681607224485182,2.754167653499834,0.9005081286475192,1.3457440949489117,2.3810800000000008,8.69212962962963,0.0,0.0,1.6689814814814816,0.0,0.0,2.372685185185185,0.0,0.0,1.7037037037037035,2.372685185185185,4.725362592592593,0.5000000000000001,0.0,0.9852281360342516,3.407089286744509,1.8113857151098929,6.751545309820625,20.66669397323413,14.835783886890258,0.0,0.133,0.0,0.0,3.2219999999999995,0
-4.115399999999999,16.936517159999994,0.0,15787.702609999986,113.85167281500028,117.83473834343457,306.2130274053404,215.7169556829743,211.26630197781807,8.903319679012364,1.6562936782788231,1.491189817491227,1.4629836394004163,1.4601557104886356,162.26355736351022,145.08937483639943,11.75880836254636,13.998973555555544,0.4629174979424031,408.30706066148457,70.39131174607537,1.724525896250892,5.040827909401044,-0.6150943906608654,0.4219352691104255,9.20069910988343,31.97708766068824,5.867697017710659,4.105500095987501,5.116228435371576,3.591154545012568,4.237849552953138,7.017360000000004,3.67973639405856,-5.742297222452753,0.0,-1.052885983142774,0.7251730677640211,-1.052885983142774,1.1355681570274525,0.0,0.0,3.302579365079366,12.62590101966014,0.2488718359839544,7.378477103943458,23.0,2.066542896091682,4.273307106792943,2.3835524985288634,27.05673349167809,114.17679429832565,63.482043246557566,0.0,6.601999999999999,3.0,450.19,-2.314,0
1.9122,3.65650884,0.0,4780.396371000004,141.98013380000012,136.75473920000005,343.2847027871129,237.42926655335955,260.8904437987747,7.74051235,2.198698255592333,2.160220808989933,2.35636250824245,2.2368915787500003,149.75623320878975,136.68653929168573,4.254681069958847,0.6589657499999997,-0.0317851874999996,27.482355967078192,97.00373784749998,2.0345871472853383,1.3741177983539097,-0.6424286175001752,0.5855292958257918,2.1610764642631537,31.97456198925993,5.020110114737326,3.245852990722057,3.24333624399391,1.1300178574946542,1.8297472438869864,3.4646700000000004,15.685475193163686,1.7027314814814818,0.0,1.2821624359620394,2.085483145418661,1.7027314814814818,2.4476838729318886,1.7027314814814818,0.0,1.9960317460317465,8.569972705131436,3.273633560405643,1.5823149722852103,2.0,1.7822287189138015,2.5396993759735613,0.9000000000000004,24.523673164984853,33.54805218682857,28.2213038547228,0.0,1.123,0.0,115.52,2.741,0
1.6538999999999997,2.735385209999999,4.0,10480.096769999996,128.48634782222223,133.67922384705875,322.9533478927403,230.8167925993405,239.1758625450699,8.560455186046507,1.801665863049424,1.6264358782438115,1.6265401687187522,1.7001388572364002,157.15834100235318,143.98922236023,6.764563018612448,5.929971860465114,-0.3165647609518698,111.30075844578433,96.25661159221198,1.4799126822493598,2.58838973129731,-0.6177909044778868,0.4069087820041087,4.801426024001984,34.97201186272297,5.213095073652966,3.8010278436230105,3.9054748366806105,2.148142332086347,2.3017454995751447,9.36296,21.696303869455168,5.990748662473825,2.5425735034529025,-0.4089258638126025,1.471682636320519,-0.1408293368699511,2.0446583798131326,1.3666846173146356,0.791472344133979,2.447530864197532,12.600892118858791,6.854608185019771,6.418542049596079,6.0,2.0462690979923583,3.37999565670974,1.9315965122316656,30.602305901853587,77.29171521754691,35.54579786913983,0.0,1.6609999999999998,0.0,113.11,4.505,0
1.1804,1.3933441599999998,2.0,4762.606838000002,118.11942963157894,127.99668578571432,329.39718096820764,236.3811849555978,256.89965247836017,8.256893545454547,1.736008264546765,1.635915113307842,1.8486116029177857,1.897814897070751,151.73907329383158,139.40332004980834,3.399471394327362,2.6030832727272726,-0.1711615702479338,10.213894777680787,84.15057097520663,1.2468278325878996,0.4642679444400359,-0.3889258509225238,0.881964305769762,1.820900692753092,34.97015597380364,6.156309276824722,2.926267592752194,3.0903384513256604,0.8843260121341117,1.077877063434456,5.8929800000000006,18.33220944573532,6.0089637359287575,1.6939702524814222,0.8255521262002745,1.994665217939028,0.8255521262002745,2.0997751147784216,1.336391318987586,0.8469851262407112,1.9807098765432103,5.832589163237312,5.406492081929709,0.8411145404663922,0.0,1.6171895725927152,2.842242046044582,2.0463431822115394,22.266805017154205,51.70187153704877,47.154335577701225,0.0,0.267,0.0,18.46,3.968,0
-0.2151000000000003,0.0462680100000001,1.0,2931.896045999999,78.30485097368425,52.63333929032255,271.1386850925079,167.8817724476968,129.1306653137087,7.978468050000001,1.4175440213521913,1.2948193833445798,1.046736805546549,0.7702853577258949,160.88378581800708,145.46436485108,5.419709266880048,2.32664895,-0.3849011999999995,41.736615988416446,72.11099814000004,1.2757890448528255,2.0868307994208224,-0.4705589219093045,1.0351717498493034,1.159715925475254,34.96937988252189,4.353167864403183,2.7670892427450595,3.7915718319646494,0.7095558857726635,0.864197488747962,1.0246,9.706981887405169,2.045588134430728,0.7282407407407406,0.8736282578875175,1.85658950617284,0.8736282578875175,1.983628257887517,1.1719598765432102,0.7282407407407406,2.501122334455668,9.286265432098766,2.5343070133464902,2.032067901234569,2.0,1.5954618442383215,2.726466250649041,1.237744375108174,19.737751722324976,29.07385501406037,22.467182950346707,0.0,0.871,0.0,40.46,1.411,0
0.7529000000000001,0.5668584100000001,1.0,7373.951199000013,75.4328028270677,68.91151890789469,260.7952591460815,193.82442753740983,174.18442973344122,8.139641112903222,1.338066124242955,1.36316246714016,1.2444036074399107,1.3068181513041564,165.2685142771754,149.90134618258406,6.480820193617219,7.466163048387102,0.489203579864724,160.38399437536563,48.60780713241417,1.4653027150613385,2.5868386189575103,-0.4693739015606163,0.454497082638967,3.1185447133795208,34.968854291701035,3.788506440911656,3.398948686259478,4.732965233321033,1.5820065422874665,1.8366423830252443,5.462370000000008,11.218594993091347,2.7325247211433235,0.3252566856370622,-0.410429008625049,1.3677708202966623,-0.0060515245760206,1.7604046811306913,0.7384243850585844,0.3252566856370622,2.676268861454046,12.168997645405474,6.079756512154076,2.460241942204445,9.0,1.8007369137768794,4.153459396609996,2.1812894801356286,20.041420370507566,54.47855258290918,35.115553478908986,0.0,1.4690000000000003,1.0,152.79999999999998,4.820999999999999,0
1.5561000000000011,2.421447210000004,1.0,4722.39836200001,53.85817284615384,40.74663505357154,252.40146392143592,151.6194994101051,143.7083102771764,7.510737723404252,1.4748129772121683,1.2011921135539778,1.1755889786078018,1.142852555376313,163.9926161755612,147.4388302438959,3.250851461083708,2.516323872340419,0.1660200239927583,42.19880734644114,50.01820887913085,1.4377053210278532,0.8978469648178966,-0.3279735767484536,0.5076644480254284,1.337950881823005,34.96938041399584,5.439462837540019,3.4238413221281494,3.888858104236467,2.4061395412843325,2.828031953714203,4.302670000000004,13.738310782005376,5.315411130403765,0.6319213419741184,-0.0312364969135803,2.08803728898967,0.7191483301139387,2.1390307852679253,1.3006572458592662,0.6319213419741184,2.091116478797638,12.469347757621566,9.052371009773664,1.697903163580247,4.0,1.515171031562045,4.039417820115593,2.270438782030386,16.43370657373665,39.32032548087405,29.747512678401485,1.1501014802725489,0.964,1.0,46.92,5.477,0
-1.5260999999999998,2.32898121,0.0,1954.799228999997,24.26926036363635,23.60374557575756,201.86081797805463,111.88611730397172,114.15084697510449,7.052158900000004,0.9809485241783612,0.9809485241783612,0.998276645087452,1.0226015890359974,168.13872351361812,147.85725568585391,1.58125,0.4969334999999995,0.0745014375000047,4.443749999999995,27.397183209375008,1.2022063543262465,0.1110937499999998,-0.0744568058373662,1.2725738396624486,0.1425001784821944,14.00308008195145,5.234679640535425,3.352557551582278,3.399286896949041,0.3354101966249684,0.4743416490252569,3.6887000000000034,0.0,0.0,0.0,0.0,0.0,0.0,0.0,0.0,0.0,1.6538461538461535,2.635416666666667,8.75138669217687,0.1840277777777778,1.0,1.036890280710674,4.285037814176689,3.835037814176689,8.50190741225041,36.13507353174453,43.87069192256201,0.0,0.745,0.0,3.24,4.113,0
1.4701999999999993,2.161488039999998,4.0,7273.037127449321,73.70999317877485,91.40901612482484,285.5002151146592,185.78984649196832,207.6248591898288,8.147257350877188,1.4427522072210406,1.2831621689295345,1.4122371782305063,1.5144760335819565,165.30696303926103,145.344786847478,7.371072452316585,8.254194877192987,-0.2799759255155399,178.91502953390176,49.74958163045282,2.59146016010144,3.1388601672614342,-0.5259919556662105,0.3895180513697084,2.797348780290492,34.9688542562951,3.642314708709717,3.734003636316884,4.495802592473412,1.997128323556312,2.184287922151986,7.880570000000006,22.2770969469324,1.7576868443383409,0.1307801281867249,-0.7309832202533062,0.9789208541188504,-0.7309832202533062,1.9901529149686987,0.6206639693775999,0.1307801281867249,2.721781305114639,13.011398696084392,11.301629535473642,5.683699224657947,4.0,1.765719781076744,4.067170233087998,2.1986546058324934,20.509550112573923,66.32073457304519,34.813751456576526,1.687687225927586,1.4029999999999998,1.0,71.35,8.22,0
-1.3682999999999996,1.872244889999999,0.0,2876.3308614326443,53.57489353703445,84.2014180702857,237.86808436207264,121.7635742172614,137.35708968227783,8.869705611111113,0.9825938422684573,1.0204070545978958,0.9458424525974758,0.7449632426062668,172.67730241347738,157.23469990569706,12.645830687225862,3.875800500000001,-1.7292868611111107,102.39173027909028,71.56900202308319,1.242675319322221,5.688429459949459,-0.7977359847611899,0.4380128198100902,2.0010482492323547,30.97456988364791,2.6727883635717755,2.47108019001901,4.276374091708,0.1663786351576928,0.1370220676218703,-1.61671,-1.1252006172839508,0.0,0.0,-1.1252006172839508,0.0,0.0,0.0,0.0,0.0,3.9478395061728393,10.175207545981356,-0.2669385802469135,5.528670267489712,6.0,1.927451224964519,2.242473776477793,0.8197159723424146,24.32411570629124,23.914788203859537,21.41679306380879,0.0,3.076000000000001,0.0,116.67000000000002,-2.6790000000000003,0
1.8981,3.6027836099999986,1.0,4431.837992000009,35.46512000684939,38.583708464285856,250.7684247207744,129.37595898840465,127.0131884137326,7.5462026279069745,1.4117265939914538,1.0626632413654542,1.019262283796336,1.2175092176037612,164.74951032611344,147.83575432706937,3.098637385112167,2.4759166976744167,0.0865174023796655,32.92204331089633,51.81971334342887,1.4338746218340062,0.7656289142068914,-0.4711707591162478,0.7799206601792779,1.3379508818230337,34.968853573562626,5.9902616774895305,3.4664271395427537,3.8653536127696455,3.172130149866673,2.9376169728637103,3.3415000000000035,14.58749998210564,2.698377085268094,0.8999871986377166,1.277899974804737,1.507572242761336,1.277899974804737,2.1866879076733574,1.4204771104633571,0.8999871986377166,2.079952968841858,11.154962170167565,7.790074286742395,2.06756783037289,4.0,1.5457442172094464,3.880520537492652,2.020186545130655,17.05099107731785,35.54768710071288,29.071746855420287,0.8442136252749053,0.853,0.0,50.94,3.824,0
0.0224999999999994,0.0005062499999999,1.0,6321.294722000011,72.77416600990102,75.0271563505155,270.2882100855858,192.7074544288656,198.7696861174209,7.983710811320748,1.3501906729204682,1.338606430952357,1.4155146599875468,1.1572408187220955,162.0150985617524,146.18142222486915,4.175676452910709,5.581386792452825,0.1114043097187592,58.07884353800189,49.12624236739054,1.4658656756788386,1.0958272365660735,-0.4322149670408765,0.7030434529513614,2.3350131982178084,34.968854046646335,4.506165493466359,3.401838633778844,3.9004150203538033,1.129882877355413,1.2801579110448085,6.588750000000005,19.29647369611065,2.7975355826780897,0.783556699594347,-0.4806092043843744,1.6026135541834714,0.4085272318714228,2.051072790534748,1.286950310984911,0.783556699594347,2.2907208283552363,12.00471640511611,7.739497673291692,2.147275871051041,4.0,1.716986130098268,4.010934324464932,2.0557444030794287,19.051702079733225,50.240234940421374,30.03373338285408,0.0,1.819,0.0,92.13,4.888,0
1.3548999999999982,1.8357540099999952,0.0,4106.5885540000045,46.55096262580653,53.8947481052632,252.55480135291003,150.05620635223588,168.6373262275456,7.428056444444438,1.425307030858952,1.1347349339532422,1.2400419511844158,1.2556582230618445,162.23245903488836,145.51878354317464,3.916795267489712,2.666976592592587,0.1856862112482792,71.60866769547324,33.44137223319612,1.4184495288566774,1.3260864388050602,-0.5149104917974167,0.4770126353871656,0.783531515161755,15.995927748291445,5.470705427875593,3.5163637006832467,3.803756516679989,2.0111459299387526,2.469240651764854,3.859130000000005,16.93964665604139,4.302452598400627,0.0,-0.2913860544217683,1.7879923574368015,0.5321044343663393,2.019915044566296,1.167166543314857,0.0,2.266025641025641,13.074418864398124,10.211679020444986,1.958052721088435,4.0,1.371305401651738,4.383582100511731,2.712896635346614,12.111351723883772,52.21708983251381,32.83052246680471,1.8168991397146184,0.3210000000000001,1.0,49.41,7.812000000000001,0
0.3689999999999995,0.1361609999999996,2.0,5073.554959000004,105.4599144150943,92.16901773170731,300.1860416137982,188.55084233433604,194.2676168310604,8.377687923076925,1.540052665386272,1.3621437996546792,1.3748699857887567,1.745258175201441,160.11190619459774,145.5113557024352,7.108580496054775,3.5456706153846147,-0.4183403313609463,77.70124489993322,83.99891053994082,1.3782710845338109,2.9885094192282007,-0.579543649865187,0.4517472444045332,2.2126664503339413,34.96985405100263,4.351332276141072,2.960014753260096,3.928182455985932,1.5308219774220395,1.5745393045091824,3.63068,7.856528143264624,3.250911473642956,1.4665239299595008,-1.0065640853963898,1.8878388762912568,0.7869538751714682,2.0997220297584054,1.3154649050978418,0.8099024922897828,2.574981844589688,11.911756774726353,3.2333480531653103,2.6732307520630565,4.0,1.8797489365966864,2.820690781544406,0.981145192474114,25.06968202767403,37.68712334293768,28.74143809203202,2.1257075010429847,0.8859999999999999,0.0,66.39999999999999,2.448,0
-0.7988000000000003,0.6380814400000004,0.0,3795.727182,54.38260705932206,57.11585209090916,253.36702147591205,154.34922241174056,155.47555033029272,7.921227512195119,1.4337420402788208,1.112357994533245,1.111207540578029,1.2568520636546838,165.63112345001784,148.9549426370655,5.750169376693766,4.248072,-0.3867239999999992,90.83401084010836,37.11835984889946,1.447893264271315,2.215463679027033,-0.5252716377545992,0.4779403838673501,1.424562851841216,15.999297202371524,4.54095048688022,3.207680764526664,3.937694536811624,2.5089784168813583,2.344291621690976,0.8461899999999996,2.52813358213656,0.7841471928277495,0.0,-1.1291184807256236,1.480036848072562,-0.0124017384731665,1.5188331443688583,0.6390692449819437,0.0,2.640151515151515,12.12661631127811,4.199647251604658,2.7957851473922903,7.0,1.6485551950639523,3.7089968095541312,1.6428840594217369,15.991840819958403,31.26045841259622,25.820706976176023,2.7346873605860256,2.2740000000000005,0.0,100.88,1.313,0
2.18,4.752399999999999,3.0,11630.236704999992,122.31994208860756,110.55741741666668,292.9161558325908,210.39610522923547,198.67337737986915,8.034940968750004,1.6737294914836998,1.6010151204327576,1.5421985032266292,1.5980788451822967,161.32483293022776,146.86742884272942,2.7946608034217344,2.82739696875,0.0143372519531248,13.354556041380892,224.60065292089843,1.5120754761653683,0.4173298762931529,-0.2871238520473416,1.0961637784746256,2.8488177676431548,78.91833740204044,6.053871437742928,3.4770772626594613,3.607428722662921,2.1688358740537104,3.718041674097284,3.72829,14.843122137343736,4.442643713606842,1.8158826653089213,1.4167918381344309,1.6088381965440497,1.4167918381344309,2.3914430237115423,1.5213927731586463,0.9380614956888104,1.866975308641975,6.342291351725876,6.62506317793727,1.4053969478737998,4.0,1.94124519229214,3.058754807707861,1.2505003884688597,34.92577734410694,40.21260723150159,31.0625,2.0,0.773,0.0,39.94,3.164,0
-0.0328000000000004,0.00107584,1.0,5469.9087030000055,101.6740834943818,123.85731781428572,283.33258262030887,195.858690420344,230.7567396437899,8.049887941176472,1.8540471683779105,1.4157445233082355,1.6596747315541718,1.525617605582091,163.0472989219776,146.6707851402772,6.295728379371868,3.1453635294117666,0.3627023667820065,83.9765148000215,69.63053530536334,1.7096337950637173,2.46989749411828,-0.6722067170909075,0.4932666175921577,2.3550753418369155,34.969380632766075,4.876449177626272,3.481273130892176,3.916460744876694,1.8713586718902089,2.186172597438924,1.8243100000000008,12.598166362223902,3.099114395243695,0.3658566214551662,-0.0351363168724279,1.8714846308893929,-0.0351363168724279,1.9239618851655889,1.0934488378684808,0.3658566214551662,2.5477660199882424,12.650189314408893,5.387476934637538,5.866441129692618,6.0,1.9635971744365628,3.123865666813777,1.4273330886170834,25.847076057652828,36.88302926480271,32.45344194684225,0.0,1.0530000000000002,0.0,87.36999999999999,2.5249999999999995,0
0.2242000000000002,0.0502656400000001,0.0,2623.5268009999986,55.580608573770526,55.38394320689658,268.3841415771029,177.66463026903372,178.18461319440104,7.404659125000004,1.348558373911938,1.3322822116145892,1.318177810668827,1.3059992730463326,161.95643606417923,146.22451132167356,2.6449652777777777,0.9286908749999996,-0.0130734296874992,11.13107638888889,32.41701231152344,1.5992121933871994,0.3478461371527778,-0.8561129123240862,0.544289836343178,0.4275005354465264,14.005095326699866,6.183431652386854,3.4603960427287976,3.486635421235785,0.6698190667642474,0.8246903030775782,4.590800000000003,16.060702422944487,3.939082577475435,0.0,0.7065740740740742,1.997923385403544,0.7065740740740742,2.091111111111111,1.176788076341648,0.0,1.9705882352941173,4.568648904006047,6.783934246031746,0.9600925925925924,3.0,1.3543370204656968,3.645662979534303,1.9068609377704333,11.261012088961172,37.51842030682089,24.25,0.0,1.4449999999999998,0.0,37.81,4.176,0
0.7736999999999992,0.5986116899999987,3.0,7295.44114544932,104.53992565091023,100.24187621995225,264.6905025603283,203.19330680439728,197.04481312909965,8.728914403846149,1.512704334138364,1.3460122024817762,1.2660044449961283,1.1795212709516156,174.3669080843429,153.98922710975285,10.175764350532868,9.741998519230767,-0.773613471523663,231.50122665400465,50.6196110342693,2.687961402971622,4.451946666423166,-0.7220754814580126,0.4570312715532486,4.079320166670328,31.972072795535773,3.0227964782714816,3.5528894915928464,4.719312340448314,1.6763694465634176,2.198303343814779,2.589290000000001,0.0870690346064824,-1.8413133771894428,0.0,-1.2890208359578403,1.2363463147125318,-0.7415512148385524,1.451025199793064,0.215002947083853,0.0,3.1941638608305274,12.907147771260323,6.6773999572061005,6.754434398693583,11.0,2.124056476458376,3.576383241682717,1.621586902258854,25.662050362533687,47.52992567274727,35.69609914031268,1.1036319049274803,1.7120000000000006,2.0,161.09,3.139,0
3.6936999999999993,13.643419689999996,0.0,5874.555167432653,82.76712674339036,60.45887316153631,244.37123348173955,153.76828860600307,153.68917766245812,7.450349777777782,1.8575964900606945,1.5965327501088162,1.6192963133808986,1.6566594435286095,161.86895993557306,143.11723900293433,2.1230625201104165,2.3052142222222187,-0.4741711604938262,15.968426645667172,98.99583622990951,1.6265393749022483,0.4435674068240881,-0.6481198474375659,1.236968736511309,2.9868274407529363,31.974075732314155,5.31668359375,3.111706990094641,3.3015544380011272,4.591073949952963,7.701509271554862,4.176900000000001,0.0,0.0,0.0,0.0,0.0,0.0,0.0,0.0,0.0,1.7102880658436213,6.103873771730916,6.6366745304495245,2.730753600823045,2.0,1.627622823845139,3.5423021775971733,2.995786287577521,24.16224389542866,38.64957370452255,34.37176389770302,0.0,2.155,0.0,110.96,4.501,0
-0.8745999999999999,0.7649251599999999,0.0,3574.063062,74.16126476923078,68.29310724000001,298.0571077656929,206.662491072926,186.74352639460403,7.809317257142858,1.5920112353349591,1.426310428486447,1.2987115534731986,1.3645351305744111,155.82348017579247,142.25980636106354,6.19126984126984,2.943292571428569,-0.2668942040816328,80.00793650793646,32.84328288489797,1.4581844052445,2.285941043083899,-0.6125657768315037,0.4404256556376115,0.8902969157781229,15.996929765030217,4.406890859014043,3.344356031561007,3.9967938932092832,1.040045583815664,1.4014550154843994,4.358780000000002,20.580446354824964,0.7837617577895366,0.0,-1.1216021038044846,1.417011054421769,-0.0136697425883927,1.9545484273956493,0.6558257747543463,0.0,2.5530303030303028,12.408599300831444,6.828228756766888,2.788268770471152,4.0,1.4744471922604157,3.654835824684551,2.460214160286301,13.366876734113127,57.89820760367501,24.60035362903441,0.0,1.025,1.0,66.39999999999999,5.690000000000001,0
0.5349000000000003,0.2861180100000002,1.0,4058.156475999999,68.34017669642861,72.52248753846158,264.03593316971853,167.09382751827417,173.94137482867714,8.327278555555559,1.3763254615400888,1.217290961850732,1.209972882558405,1.1002985806407355,169.83659401942185,157.10315978969288,6.264599456948184,3.031048074074073,0.5289807750342931,63.74561240100032,60.64083210973936,1.6047798275842653,2.360948607444456,-0.6567274465194826,0.3221672591587226,1.8722168178861125,34.969380167537736,3.4657384145627206,2.947156297444678,3.956318385505609,0.724763184645135,0.890995263120545,0.2074,8.288522857702752,2.1507039976484426,0.7526369623468087,0.3255709876543213,1.8161265432098763,1.0357542831947597,2.0036265432098763,1.114949714453683,0.7526369623468087,2.549745824255628,10.37793457404388,3.257497761908928,2.586170267489712,4.0,1.9638413378563853,2.791046164307084,0.8246171298700138,23.79086656892505,26.835423624332314,23.85831389994662,0.0,1.532,0.0,83.66,2.485,0
-0.4367999999999994,0.1907942399999994,1.0,3552.3168579999992,62.96860660294137,66.53904783333331,230.52942919889315,134.6880039358994,182.0935446886355,7.691737838709683,1.17919592381363,1.0406556662569115,1.3508128983333336,1.4627211227141093,171.74810900209303,155.7670328884581,2.7483787384889204,1.906190387096773,-0.1890704516129015,13.904236175641987,59.68181025390223,1.4406263914554411,0.4485237476013545,-0.989474397112584,0.3723929545960265,1.373685659688782,34.96885331110357,5.866639660063596,3.267596025362512,3.395109149927479,0.5597995034165436,0.7185712627162156,2.9759800000000016,2.2153703703703704,2.2153703703703704,0.6464351501917639,0.666496913580247,0.0,0.666496913580247,0.8823765432098764,0.8823765432098764,0.6464351501917639,2.067489711934156,4.295617283950618,4.493420411102711,1.0001697530864198,5.0,1.5948748430508228,3.359321467336053,2.3889631100312885,18.2461194249022,37.12670025446664,34.589302918191606,0.0,1.452,0.0,62.73,1.995,0
0.7136999999999996,0.5093676899999994,3.0,5403.669710449319,81.30322831616314,77.94208554988673,270.1911132402034,198.96171264777377,187.60875143244675,8.338984833333326,1.501850121845449,1.2951876972033305,1.2142607055961123,1.1593620912438782,169.25561788772356,148.36877910673678,7.958478009259259,8.267989,0.4215210625000005,161.3436053240739,40.19279547781445,2.7460488607543376,3.3613251109182065,-0.3607366546476708,0.4580195425602606,2.385429592111308,19.00041705853481,3.612802612304692,3.280337966105366,4.39359267734554,1.3162089218618571,1.4990553132569728,3.87268,11.575569308633645,0.5001038297366982,0.0,-0.7700068177260426,0.9834922835288789,-0.7700068177260426,1.7294348361474985,0.5641594755186028,0.0,2.89367816091954,12.85167320599274,9.537040506698396,5.693395226860286,2.0,1.7952943308182636,3.789668169902893,2.100179902232787,19.051736669113087,54.89344869141495,30.523809898687915,1.361346096350289,1.2280000000000002,1.0,69.48,7.208000000000001,0
0.4639999999999999,0.2152959999999999,3.0,5598.843784449316,152.04952261665605,149.68493836541083,297.62064810977745,235.4925297251306,233.7608065955024,9.12628378125,1.493863116527387,1.4444252307474843,1.4782178093035996,1.2621253511739998,175.98185460786223,154.38239757122355,12.095295889060354,6.57348946875,-0.4007666855468755,161.31740558556243,48.9048597674809,3.663558238571608,5.041168924548826,-0.4924558194246065,0.6735042868785449,3.189023250892248,31.972072300552643,4.549758645351391,3.6494077128798295,4.853089177776378,1.1251303362866345,1.3619236337822056,3.2753600000000014,-1.7100815139212495,-4.917258729108927,0.0,-1.094660231376502,0.7835306437389769,-1.094660231376502,1.0834659529049862,0.0,0.0,3.207947530864198,13.69902445007694,6.092853991755666,6.676537960863358,7.0,2.2456573285182,2.7543426714818007,0.9693609377704338,28.930238396080306,42.94304452678784,34.554229296672176,0.0,1.945,0.0,106.86,1.3889999999999998,0
0.4516000000000003,0.2039425600000003,0.0,3923.667808,62.01707104854373,60.06679205714289,257.4389262353464,181.7924795983565,178.02513930206968,7.642052869565213,1.4949507855723922,1.3018633699600584,1.2676290392993617,1.3021348922741958,162.08945854936908,146.19134210132344,3.835748792270531,3.395381913043483,0.3218800453686202,48.66666666666667,34.95008050661624,1.442763238324843,1.0579710144927537,-0.3310715909565648,0.7200013171759747,1.0327970942602605,15.996932027593328,4.630487467873396,3.318224170271139,3.829710668748149,1.2156872058132706,1.4548174176609807,2.8680300000000014,18.053415751950205,4.572068096012,0.0,-0.3092258230452676,1.8282610544217688,0.6842649281934997,2.0467009670157217,1.1350744683140068,0.0,2.277777777777777,12.064889736018884,8.167921377310693,1.9758924897119343,2.0,1.4893661763263144,4.034195779730698,2.160017941734269,13.698237886646924,44.2759558108653,23.60731488387228,0.0,1.386,1.0,59.92,5.214,0
2.4146,5.83029316,2.0,33674.55010096181,1162.021152509045,465.0536129000001,374.1523537261011,314.63104235659137,241.9531386137226,7.994780285714285,3.2263847832,4.336634790842451,2.675977246633111,0.997872155,146.96160489217482,137.95429752521073,7.318707541446208,1.0328094285714282,-0.2019651428571428,37.24522594708994,1703.393198302967,1.807130498981923,2.660373281934996,-0.4301408705249869,0.5410370194342276,2.202473764950528,126.90552813744289,4.830669824240736,3.327687800641117,3.4043664383031698,1.5278761002174293,2.7650840434220445,2.53929,9.062956049382716,3.3275617283950623,0.0,0.4981728395061731,1.816331604938272,0.4981728395061731,2.102731111111111,1.0561574074074076,0.0,2.474222222222222,9.43874074074074,2.200091898024692,1.1684938271604937,1.0,1.9211854965885544,1.8861694254690493,0.5714285714285712,65.53315225564197,62.18512619808329,62.18512619808328,0.0,0.2979999999999999,0.0,44.02,2.449,0
0.5814999999999995,0.3381422499999993,1.0,5628.470102000008,77.86082058510637,69.77843818811883,271.79169261802537,203.61293203428343,187.7970595099079,8.006434511111106,1.5207893287801628,1.3933930607988725,1.2915021894588012,1.303091124797308,161.80656136896403,147.90762487715327,4.210611526020761,4.667130577777779,0.2924417965432115,49.572256939152325,50.803359106172834,1.497309885448776,1.1016057097589405,-0.4644988907898385,0.7326578988704948,2.085747619118962,34.969380617982964,4.5305505827122685,3.5538584739103785,3.835308491164252,1.1879545506961504,1.438934634493026,5.009370000000005,22.720035475549352,4.132387157083826,0.8395505761924958,-0.6136996246565143,1.75785656267036,0.4893098335013017,2.100417386050653,1.3508857028179722,0.8395505761924958,2.272062185642432,11.87919820911778,8.188871814460354,2.280366291323181,4.0,1.7468717566951588,3.744981339634516,2.038857910263431,19.71494972736632,52.41207064001407,27.81072956647689,0.0,1.0170000000000003,0.0,65.3,4.635000000000002,0
0.9086,0.8255539600000001,5.0,5611.580228748859,91.60080049214696,111.53595969812427,282.503588857589,191.2791491085973,203.3198581110896,8.524585043478256,1.306250768793212,1.178869518227366,1.2027359194169551,1.2978393245802349,173.70955875298338,149.1668026216188,10.288798309178745,9.435642434782617,0.0645129376181457,223.2290157004829,41.631336354880375,3.691865902177762,4.852804689140933,-0.3770106117691603,0.4712264036102742,2.622476379748875,19.002422930936827,3.856091308593749,3.7018217262229527,4.927984501405343,1.1138451394180149,1.3561784329609945,4.27589,2.084173945891448,-5.371334451091171,0.0,-1.769807361216092,0.3711518959435627,-1.769807361216092,1.7298397451478398,0.5650535268119596,0.0,3.112068965517241,14.355401371215766,10.915936223398466,6.244748595910664,2.0,1.7945386805474517,3.7290232755095616,1.7518952483467554,19.315696194440736,50.71945382421981,33.26532581069444,2.356555456409959,0.5350000000000001,1.0,50.69,7.596000000000003,0
1.3517000000000003,1.827092890000001,0.0,5098.976182432652,107.72138748082546,80.78011521465689,268.3974276480175,216.9803321499068,189.4310430511321,7.8944362777777775,1.6152514272879983,1.7547483780856503,1.4284008141103883,1.4385187668998975,160.48207616483845,144.77630919788652,3.350302555928128,3.9051419999999992,-0.4193925555555552,25.196987618333942,65.89613336275197,1.5736498897519118,0.6999163227314984,-0.654156348460394,0.8828575509737918,2.377141372566612,31.972072962150627,4.966524902343753,3.451868218348221,3.569779614351304,1.6439952417229469,2.512582717528616,4.068180000000004,13.75682100362469,2.1425631806220435,0.0,0.4753200498306318,1.8007021604938271,0.4753200498306318,1.9692076089695136,0.9750288870692312,0.0,2.130401234567901,5.948391413664231,6.344271146247767,3.898398595091901,2.0,1.833655103224696,3.3362698982176164,1.9510786377090967,23.575993740189706,42.834412251568274,32.097244454700885,0.0,2.2870000000000004,1.0,95.62000000000002,5.698000000000001,0
-0.0532999999999991,0.0028408899999999,0.0,5097.8944060000085,84.20968472815517,94.95270629464277,252.93362206702847,189.2321466606033,190.690359318228,8.319005682926827,1.3252753406556972,1.2907380420430392,1.2949945312338202,1.0014865987968828,168.65970201881908,152.98973484375614,9.17600329552678,5.687032390243897,1.485603731707316,174.28162534711797,52.97430486734087,1.493544316926951,4.250771349929707,-0.3335582122272502,0.3437002830184156,2.690952890953753,31.972745515359616,4.349328124999993,3.366732651226003,5.036913305590697,1.3409452409266436,1.9678800677271144,2.008690000000004,-0.2563248509280245,-1.9078269085411927,0.0,-0.6109953703703701,0.8257510288065844,-0.6109953703703701,0.8257510288065844,0.0,0.0,3.173510466988728,11.582218285462332,2.668611734116486,6.23507102206452,4.0,1.9041867597658293,3.4533652448522547,1.90385015636512,22.005796992891028,41.31590708808445,37.32622379623865,0.0,0.179,0.0,158.06,1.8149999999999995,0
1.9952,3.9808230399999975,0.0,3338.121942,60.7399876290323,45.47912130000009,254.5699596237377,182.7705544945916,157.54511840646026,7.645718433333339,1.707337963433596,1.459753467418436,1.2430866096333335,0.8667947284115588,161.93250463229452,145.8790642005967,4.026966163694557,2.2489855000000007,-0.0800744999999992,40.83613397347968,54.86762736000001,1.513261642601136,1.361204465782656,-0.8596574489492302,0.381720690470825,1.2663900391124798,31.97207173270811,4.248061580404259,3.0749413347043126,3.128674067525856,1.4428466198725354,2.153562707721387,1.7693200000000004,8.151834425128078,4.6804233329134135,0.0,-0.4149777966742249,1.9431944444444444,0.6327314814814815,1.9431944444444444,1.5317191043083902,0.0,2.265432098765432,11.038253102166792,5.1904596347124246,2.081644463340892,2.0,1.6183203709705836,3.288570224637935,1.7006516669551297,18.55859100284392,27.69212242075413,26.126338136092045,0.0,0.5840000000000001,0.0,63.63,2.8040000000000003,0
-0.3018999999999985,0.0911436099999991,0.0,2795.657826999998,37.66968098630136,40.40089166666664,233.20207022085577,126.12299922408204,123.76490593547987,7.392266655172418,1.2103106118143183,1.109572807986027,1.100993729981112,1.1744781990208428,165.13001534602876,146.2579791713897,3.205099096542264,1.434771310344826,0.0401192068965529,35.50480109739366,54.68776739833525,1.441469652748245,1.2243034861170228,-0.6935759020957951,0.5848875885540881,1.017124460013818,31.97207156971431,5.824930112153255,3.012359315028238,3.267632371216899,0.5778588933561029,0.8253923109690194,2.16859,0.5735185185185192,0.0,0.0,0.5735185185185192,0.0,0.0,0.5735185185185192,0.0,0.0,1.984567901234568,11.571455761316871,4.325215214264718,1.6957201646090536,2.0,1.4781122601538972,3.379868734973676,2.740926493146751,17.12278367004776,28.540639125761377,24.065099262300954,0.0,1.233,0.0,45.61,1.948,0
1.602,2.5664039999999995,0.0,5609.737748000007,109.6237113529412,101.56160697014931,261.84077326258523,204.1233998095715,205.27384774419352,8.229049833333335,1.6216298545801109,1.4956744397807942,1.613121984808775,1.6285784893655637,164.21678917415795,154.03323213417218,5.709095412284711,4.143513,-0.829467999999999,70.99607529340038,65.37115461728392,1.7743847353476938,1.972113202594455,-0.8813445981653231,0.5427043410309353,2.817780435189306,31.974673219210025,4.440140869140618,3.4004856251418563,3.882001228800633,0.7421904518119704,0.94599158329903,1.99028,9.387328068741809,1.5654053287981862,0.0,-0.511644450134008,1.8633844849668264,0.7827026643990931,1.869230258461409,0.7827026643990932,0.0,2.526936026936027,11.18937624844964,3.8221168724750414,2.178311116800675,8.0,1.9942994759573032,3.175625525485009,1.7086048612313034,24.84632289659772,49.6639958526443,42.43091251450325,0.0,1.7550000000000006,0.0,164.9,2.534,0
1.9612000000000005,3.846305440000002,0.0,4112.396450000008,44.99442495555566,51.8024183214286,263.6608940045776,147.55480819728095,175.97558702195855,7.464751538461532,1.3934819123894968,1.1177985574574243,1.2966821602333132,1.3426369327069565,159.24005769438412,141.92913097556303,3.399172008547008,3.0585003076923107,0.0459133727810611,48.23651175213664,33.662650013313666,1.3508926563949777,0.9276252260026276,-0.4872258164304959,0.5689480029154446,0.7477967372960563,15.996932021340369,5.016491275329196,3.7262149918375993,3.796943556283844,2.2224640977535906,2.4015387491752107,6.081870000000006,23.02645806251593,2.4387583650445963,0.0,-0.1186288866122919,1.8960055872925643,0.7351096498248827,2.180802397992153,0.9203716826236668,0.0,2.1442307692307696,12.479391735892907,9.939669452547289,1.7852955532789587,2.0,1.2579734650037238,4.442466253137368,2.5720885761895085,10.54811217897629,51.85120150990597,27.450297977436293,2.3824953845948267,0.8180000000000001,1.0,35.53,7.228000000000003,0
1.3849999999999996,1.9182249999999987,2.0,4187.582482000003,128.00962356250005,92.23611887878786,279.695208274102,220.5660661325969,153.5228145193615,8.246326100000001,1.8726121468387096,1.6777144503750006,1.3841868822406975,1.0374637864546996,160.04587460763963,144.55793200406006,3.16164075598232,2.6930498000000003,-0.1854136000000001,10.880727023319617,102.20486785000004,1.2338273025885595,0.5440363511659808,-0.2424561840488084,1.425041336343624,1.8209006927531028,34.96985358874633,5.054016875242502,2.8247894443969184,3.0520314723827,0.8647249731346464,1.0298075403042324,3.5113900000000005,8.809821673525377,4.621978737997257,1.6362037037037034,1.0240603566529494,2.0939214677640603,1.0240603566529494,2.0939214677640603,1.2869290123456791,0.8181018518518518,2.0298353909465026,5.236800516502898,4.164263379804597,0.6426063100137174,0.0,1.7219280948873623,2.6,1.4754887502163472,23.807960786789145,36.3458190183728,36.3458190183728,0.0,0.429,0.0,18.46,2.1,0
2.810499999999998,7.898910249999989,0.0,4372.428707000013,50.57323645810036,65.62592347101464,254.22651260686573,152.8340612231848,194.7293820602117,7.515660561403501,1.3937421205327858,1.128209335404641,1.349461969463771,1.2090849890127688,161.50184024574506,142.88146766011872,3.878898635477582,3.992210666666674,0.0320782222222169,77.93737816764144,34.46178429609109,1.318449526904796,1.3673224239937094,-0.6195773981069936,0.4011994639616525,0.9970623163945193,15.99793781056838,5.113395459262489,3.5876245044362154,3.947646116290824,2.6419505693246244,4.257988390312531,4.436650000000006,8.289311884086867,3.979851430152207,0.0,-0.3698965419501123,2.052430791761149,0.8406793272864705,2.052430791761149,1.141269687269868,0.0,2.234567901234568,12.93102477796674,8.708313317317986,2.036563208616779,4.0,1.2846682096460251,4.548221804518717,2.8573789530544453,11.133314034114877,44.27051881589648,32.949706551420114,4.171421322115876,0.999,1.0,52.6,7.350999999999999,0
1.6650999999999998,2.772558009999999,0.0,4627.527194432649,87.64764321482357,87.49296926435005,271.2088094951065,187.9991849198041,197.2006579749195,8.443771461538464,1.943399819088047,1.5087695446607448,1.5765039499424502,1.2629605962839277,162.28185904389193,148.02304406478467,6.926273624447493,4.206097384615383,-0.2503306923076918,70.23777779243312,75.50219929629601,1.6380508265925129,2.7014529920166583,-0.6644069109330388,0.5390550672107306,2.626406951665267,31.97207277369711,3.652879404995563,2.8979063364412543,3.652173913043478,1.9515739250265245,1.895330705690632,2.58239,6.565317810251674,0.619849703255789,0.0,0.0440232286330177,1.4053652263374483,0.0440232286330177,1.5673688271604935,0.5758264746227713,0.0,2.71508487654321,10.448509404190348,3.41214138109702,3.790261707049075,2.0,2.053173509552229,2.647266208588863,1.3657605770894985,28.04035949323127,35.910138139125465,32.24765259236004,0.0,1.779,0.0,112.73000000000002,3.48,0
1.8627,3.4696512899999976,1.0,4930.651152432652,60.86982743882358,73.54844206635728,249.59421517449084,148.01619986753215,159.14086237999746,7.751206540540542,1.6419175934207246,1.2411718688997229,1.3050558208175935,1.198095299810012,164.34301829003329,146.45930661297302,3.852807025132128,3.694541567567565,-0.8423222702702691,47.16899358205946,71.10178272524699,1.3759975312249644,1.2748376643799857,-0.8998594921708774,0.549780259102251,2.1637018583128125,34.96885365988029,3.645160964622834,3.3746745694970683,3.3822962033774537,2.0274252781485003,2.0042616895481355,3.1491900000000026,9.173427080708828,3.100277217883039,0.6502700442316843,0.6993621399176956,1.9040277777777777,0.6993621399176956,2.1390757887517147,1.2667021150023798,0.6502700442316843,2.2448559670781894,12.140227067936229,6.79517065843184,4.841535445711207,3.0,1.7368841692439374,3.4725691963850127,1.9694059848815728,22.776546810499685,33.46182137869471,29.595201010841333,1.3103706971044482,1.478,0.0,57.370000000000005,3.548,0
-0.8839999999999999,0.7814559999999998,0.0,4983.777250000004,163.53321387499994,140.09824774358978,371.02361002555847,302.0927681111779,285.287147836832,8.209811750000002,2.464078859108763,2.0959401017020407,1.9905280540730512,2.037385429,146.78474604092483,134.1631449159077,9.398433927754914,1.970061833333332,-0.0222598194444436,87.18015546410606,55.21926540972223,1.7204949015268038,3.632506477671086,-0.1963266112601111,0.5717037390579192,2.034248920027615,28.29989207783299,5.196673625388709,3.2941772728600083,4.457650647500858,1.4613632390286997,1.872443094038566,1.75197,14.533589170235995,0.9411989795918372,0.0,0.4705994897959185,1.6776956044763582,0.4705994897959185,2.104646269001428,0.4705994897959187,0.0,2.681481481481481,12.515323601662889,2.4073378401360546,2.694718442932729,4.0,1.780672129520887,2.80429037120027,1.3333333333333344,24.390813028575742,48.510277094030485,44.81203125901445,0.0,1.323,0.0,81.72,1.7040000000000002,0
0.9525,0.90725625,3.0,4911.751518299545,108.01898550910302,89.98755718201744,302.64382157480765,198.7422112475332,197.2172041119097,8.573857633333336,1.4541268214418703,1.2611153782338214,1.2414459639868698,1.3637027001849005,166.9343299400047,148.87670966102905,9.891843214957069,5.246220699999998,-0.3874127899999987,128.6635218208606,56.474996245756365,2.9682538552134887,4.288784060695353,-0.5805930185288221,0.6029309263481658,2.180294228274533,34.96938036958245,4.4916318359375,3.2174155265236664,4.641246837210053,0.8319700774192694,0.9206032438524608,3.77818,6.902124412099563,-1.188077606616567,0.7059954178393518,-1.1352444834815498,0.9448917816880178,-1.0264109954766527,1.844494764984183,1.168637892357229,0.7059954178393518,2.9529688418577305,13.394607999212678,6.944199462187088,2.801911150148217,4.0,1.9791474648822764,2.9277431307262423,1.6434322969602153,25.16374763859561,47.84063426256734,32.819494566331976,0.0,0.606,0.0,58.2,4.688000000000001,0
1.96,3.841599999999999,0.0,3248.837941,46.9394296626506,47.86109659016391,224.46763692173025,119.6248561358458,143.46229453700997,7.645235906250005,1.3334919792757822,0.9929969919038172,1.2026010019882274,1.263714449000001,167.82435767723695,150.438632232471,3.8840047367969817,2.521032468750003,0.3261474521484385,43.8605511616941,54.981811413085936,1.4313013959163747,1.3706422238029403,-0.7394833185339955,0.3665503631529859,1.4088902175946671,31.97207168815833,4.109174919975415,3.152867353960508,3.2388325123607835,1.2923111183802534,1.6427694557422237,1.85518,0.4992878138909884,0.0,0.0,-0.5014735029814397,0.0,0.0,1.000761316872428,0.0,0.0,2.337962962962963,10.824432634164776,4.397310337537793,2.1681401696481064,2.0,1.637875780033049,3.362124219966951,2.320054868856851,19.142207197498085,26.972976994990923,25.784961713476548,0.9999999999999998,0.8520000000000001,0.0,75.99,1.7879999999999998,0
4.4591,19.883572810000004,17.0,9320.681755546091,238.4010483639385,226.18125901286868,295.2044020472097,221.9943831939392,213.66469905202464,11.71256381081081,0.9176363454923864,0.9265703582207973,0.8720999997692308,0.8593182358260869,222.36051978217827,167.38402184738328,32.894730378526674,14.634324756756753,-0.91835819576334,414.5216049382718,48.88952232188419,7.372431461129986,11.203286619953293,-0.1237203470562073,0.9803569530524556,7.51880257870927,31.97207299656399,3.01816306833844,3.33487504242788,6.504425853228008,2.840858011655523,2.962879522690839,4.8446,0.0,0.0,0.0,0.0,0.0,0.0,0.0,0.0,0.0,5.365292712066906,13.392848757558578,13.470299816621718,10.038950420445955,3.0,1.9603743317247249,3.2490790339042253,2.6650346967572847,26.457047267404825,106.54410220939744,69.99515617716463,0.0,0.2320000000000001,1.0,54.55,7.01,0
1.7192999999999992,2.955992489999997,2.0,6670.620930000009,70.59080851282037,87.3863789,290.9391276888756,181.34514424461867,210.7843081306497,7.828727702127654,1.4882090229697365,1.3189639023787971,1.500171681513391,1.5855029654430954,157.5919999636602,141.24934728587965,4.407583536824627,4.125802936170216,-0.0632107632412858,64.87769970522139,63.47449475147117,1.3842699768074815,1.3803765894727955,-0.4962158703535857,0.5107768824810245,2.2126664503336144,34.96985501089523,4.571118376633972,3.732600966213886,3.940157289146784,2.403681551617667,2.639569970440763,6.3300700000000045,24.08538786537449,1.928341302670065,1.742062691915569,-0.2891758687796446,1.7489835810867558,0.6026378357242808,2.258132609912312,0.7109349698121344,0.8710313459577845,2.241953262786596,12.724293159425285,8.01133521259034,2.2753150457713955,3.0,1.6062270247071666,3.948361826970471,2.091019807975219,19.168992748143623,55.71272136531476,32.68956984065708,2.6198399628695115,1.085,1.0,59.31999999999999,6.9090000000000025,0
-1.1771999999999998,1.3857998399999996,0.0,3992.289936999999,84.97587926153851,58.44552029032258,280.41788587222226,184.67776334888345,159.01042614319536,8.0702765483871,1.4121358449100292,1.300131018662985,1.1624872736208052,1.3839653794205828,160.83344395533348,143.9338065979094,7.039230165051551,3.682372193548387,0.1396912195629551,94.253169388026,54.43520566701354,1.5286012088510763,3.0404248189685803,-0.3616875046355754,0.6012545885493822,1.764921197309853,31.97207190817248,5.959162091395428,3.207993978187959,3.87692307692308,1.103163508953838,1.5527316937413458,3.1425700000000014,8.809305253737298,0.5686791383219956,0.0,-0.5884156378600822,1.701079905727723,0.5686791383219956,1.8154467041446207,0.5686791383219956,0.0,2.721707818930041,12.002434334845049,3.525918176217245,5.494488601767868,5.0,1.7566070734679051,3.1975892369189705,1.4474440452669963,20.33465832102895,35.43937242337591,27.446755538985915,0.0,1.594,0.0,80.85,1.966,0
1.8533,3.434720889999999,2.0,6331.176824000009,62.80456334210536,78.58401500000005,283.87972063008414,166.14024791016018,195.7196480368075,7.759272043478255,1.4492370588814762,1.2424497779299752,1.4360481027344365,1.5137455229976615,157.68928763948435,141.3309975500209,3.616927140282167,3.984193913043476,-0.0423572136105856,45.91091400601713,65.27780480151232,1.317214892941387,0.998063347956894,-0.5439684585202417,0.5954680562674001,2.0701662718515195,34.96985482772783,5.060148047223072,3.7261764593633577,3.80708356925774,2.270083145372638,2.465725043199204,6.434670000000004,23.6462627259053,2.473473105391154,1.8584425311169104,-0.0822777206314964,1.905093378787763,0.7459248727613178,2.326207061915335,0.9365277563929092,0.9292212655584552,2.093898385565052,12.50609871498084,8.856746232461923,1.7489443872981632,2.0,1.492429015225172,4.031132940831841,2.238432324146263,17.70988229064519,55.41101572582775,31.896642529385048,2.3824953845948267,0.804,1.0,35.53,7.313000000000002,0
-0.1135000000000002,0.01288225,1.0,5953.26197100001,67.30541821153851,73.76590553608254,267.34131342798275,168.994947366031,178.98521894783065,7.619180291666661,1.3166455818996954,1.312226749321827,1.388034583488413,1.464480394758022,161.06397280228595,143.9845387089123,3.377496602398008,3.1715139166666715,0.1960915434027774,47.02552885103892,61.71006830859372,1.4934807905389114,0.9796985177299776,-0.5898983053758782,0.5758670855072141,2.0700749848724342,34.96885404381475,5.131816560652296,3.5505647233050706,3.7956654132343006,0.6964042220228469,0.9117406751503712,6.371780000000004,14.842154552100029,3.117621827282422,0.5994076980474774,0.0349712441560987,1.8825517622831536,0.5864004273911378,1.9682231021659304,0.9388049390411732,0.5994076980474774,2.0530864197530865,12.280078324169684,8.613705271223173,2.19996898416431,3.0,1.652617756039085,3.932344744682072,2.4586706940465968,20.383105631806977,51.52891539943507,30.53541216683584,0.0,1.164,2.0,77.38,8.251,0
0.4006999999999996,0.1605604899999997,0.0,3953.927711,59.527617570422336,55.3599829918033,241.4169637923251,153.73131853489133,166.582504852269,7.773137249999995,1.3084294495253164,1.080003170713777,1.1478793594118446,1.17113737487666,164.93628845747344,146.07548815411465,5.4110243055555545,4.888943916666661,0.3531083333333331,107.13527199074063,36.982675697482655,1.303942619463183,2.23198483314043,-0.248169704659958,0.6075515257216392,1.388828073975688,15.998938558350275,4.885340459855371,3.332626487810474,4.674936346826703,2.188589472439732,3.3465450588198444,2.4786800000000007,4.127500087411255,0.0,0.0,-0.6107792947425883,0.0,0.0,3.5219752385828325,0.0,0.0,2.6340579710144927,12.82264991181658,4.201742087043648,2.363990457294029,4.0,1.4767768023865582,4.108185698334599,2.424419960760646,13.924335828805514,36.84139655256373,24.49392265893931,2.8039657955522017,1.606,0.0,82.03000000000002,1.935,0
-0.0947000000000001,0.00896809,0.0,3179.927323999999,54.08813525882361,48.73213466250007,261.96762415127023,169.79904300428873,168.87735848585086,7.506273230769231,1.3647711441848047,1.2646600615780097,1.2630922306523478,1.242431455697115,160.28415580527516,144.24758310958754,3.747863247863247,2.288998974358973,-0.038082127547666,42.23219373219369,33.84022044707431,1.4170590730436678,1.0828767623639408,-0.5357334178201115,0.5619941410094608,0.6410313366794753,15.99592420338423,5.352313197989132,3.3087215004891752,3.775651578546521,0.9022636574960072,1.1504537085261708,4.377310000000003,17.96780514031957,3.1261599006886707,0.0,-0.1066695011337861,1.818586414504073,0.6830379713613844,1.9238194444444443,0.9579490793230876,0.0,2.2333333333333334,12.216486363063744,7.689861705879615,1.773336167800453,2.0,1.382902448178046,3.9024997706842015,2.133827716637786,12.188386236282293,42.8690719524456,23.66407025937044,0.0,0.8289999999999998,1.0,38.33,5.550000000000001,0
2.1021999999999976,4.41924483999999,0.0,6353.117362000009,85.57591728125001,88.04705125000005,244.2435226473372,181.5337628268776,166.31887988612164,8.122627358974357,1.5950107485714289,1.2628684854375003,1.2085676608789155,1.3896716628603136,166.80041316376364,151.80905705674215,5.201830748127043,4.384424923076923,0.5628357159763313,78.62250712250716,80.29658340170936,1.734841005007021,2.015961721089927,-0.7533330230905549,0.4816538082719079,3.4431391376222606,31.97407392519011,5.139041992187504,3.372487092199917,3.531023554438146,1.6626479505342755,1.134483316135218,1.8477700000000008,0.8553834114590811,0.0,0.0,-0.5175275281580392,0.0,0.0,0.9452192338875798,0.0,0.0,2.4576719576719577,11.709621948718269,2.461079093899482,2.695293367346939,4.0,1.9768684117597173,3.308533807102531,2.437401282716965,25.76939995108268,44.839572525127664,43.05067178449122,0.0,0.6170000000000002,0.0,159.7,2.701,0
-0.3509999999999996,0.1232009999999997,0.0,2620.362860432644,52.63026318643476,27.01649536363636,235.02641144021177,147.59294292670117,103.02436154362236,8.606057941176472,1.1897258571819282,1.1244282106956516,0.7900520894270908,0.6096066541295335,171.9258916258878,155.6079185558594,10.551467786474443,3.3387849411764687,-1.241565121107266,80.59678402682518,73.06087202256853,1.2986235631322074,4.740987295695598,-0.7700439960546829,0.6020253721756477,1.751782670133684,30.97376211489582,2.96430415236975,2.5610027002897686,3.86005867711122,0.3940945506249811,0.2650939402427227,-1.0950099999999998,-1.1919598765432096,0.0,0.0,-1.1919598765432096,0.0,0.0,0.0,0.0,0.0,3.6642661179698215,10.49591049382716,0.8507673885459534,5.620434670781893,5.0,1.925410635240724,2.162052206009616,0.8005670867315771,24.485534968755445,20.87488279031474,14.799726344546023,0.0,2.6410000000000005,0.0,99.43,-1.9130000000000005,0
1.5119000000000002,2.2858416100000007,5.0,5789.717114449315,97.25488461895556,105.79584543556922,293.90950039513234,185.0984708480372,206.62490606853103,8.737083931034487,1.516123083332506,1.3280994370463737,1.4039727527162496,1.392151907876958,172.9096854168548,148.36261246406667,10.088727341290488,6.1682305517241405,-0.1254389155766943,144.14506172839492,83.81348479454991,3.493573041651972,4.970519369944652,-0.5083359174397543,0.3412905566439207,2.8175022108889465,34.97015633590976,3.644339843749999,3.0276251715262017,4.82008368200837,1.811682967299738,2.3094140422964826,3.9342799999999993,4.757819164302667,-0.3135312386271383,1.4227428771863109,-0.6936435500125977,1.036932518492079,-0.6936435500125977,1.5850012947565857,0.3801123113854594,0.8461312887066119,2.9267381416504223,12.682675700023951,7.003198303461103,5.6120992747807845,2.0,1.9961286344485727,2.8618523606789994,1.3194711209134624,27.61688830577182,42.6011222641914,31.48075628928075,1.4206635973397097,0.448,0.0,20.31,4.192,0
0.0182999999999997,0.0003348899999999,0.0,2450.4782069999987,64.64692027083338,61.54414195238096,275.6750935681485,194.81827133132973,185.10157090883885,7.742090923076926,1.46826410378446,1.36403411244575,1.3221444368629771,1.1935210330814217,159.14496460622075,144.8500430455667,4.677350427350427,2.098011846153846,-0.108060609467455,37.85042735042731,34.35049224408283,1.4718610364737923,1.4557856673241274,-0.8622108829657228,0.4623034992687436,0.6410313366795393,15.995921709787162,4.276565069083185,3.148805564985524,3.401508965792458,0.5716006300230354,0.7668609103247008,2.656780000000002,15.496173233182162,0.5763425925925927,0.0,-0.4524508692365836,1.7753703703703705,0.5763425925925927,1.9782180650037795,0.5763425925925927,0.0,2.377777777777778,11.091562263794406,5.508170044642856,2.1191175359032504,2.0,1.5053128791540098,3.1951268389870826,1.7714560158065362,13.791679558228012,37.06140005425876,19.699407150973546,0.0,0.534,0.0,38.33,4.089,0
2.5296999999999983,6.399382089999992,0.0,5435.666420432651,73.20250799816668,77.33716550830437,253.6162603226839,167.8762190354689,146.98163096784145,7.602972592592597,2.1767174502021422,1.7314171510290814,1.4619332674454346,1.1885789127275637,160.64420656537538,142.69173117520387,2.254361137925,2.191278518518517,-0.511725165980795,14.443086109276484,118.08052176202035,1.7523318578304807,0.5349291151583883,-0.5565558271468755,1.5415505163172185,2.986827440752908,31.97407528039944,5.344644531249999,3.0300143871700205,3.1617659774609828,4.094156958698426,3.963421589384738,2.6606,0.0,0.0,0.0,0.0,0.0,0.0,0.0,0.0,0.0,1.7003600823045266,5.676018229822793,4.918592737220402,2.586770194703395,2.0,1.7597755969553877,2.995111905208081,2.494749868010788,27.425787091021448,33.345784882340084,28.72793288519414,0.0,2.104,0.0,110.96,3.321,0
-0.2299000000000001,0.05285401,0.0,804.5285000000001,1.016064,0.0,207.88562651971364,31.083744430930263,0.0,8.582289999999999,0.6071150264999999,0.4446129048489999,0.0,0.0,170.5202364852495,154.00470467926428,11.97222222222222,1.5637919999999992,-0.2985319999999999,42.388888888888886,44.218520250000005,1.030848706768499,5.298611111111111,-0.8354052519458016,0.3614678899082568,0.4985311581973883,15.995915649358428,3.0929959437491927,1.2478966181720568,2.695269432102392,0.0,0.0,0.32479,-0.8333333333333333,0.0,0.0,-0.8333333333333333,0.0,0.0,0.0,0.0,0.0,4.166666666666666,9.0,0.5854999999999999,2.5,2.0,1.5,1.5,0.5943609377704338,14.501369825999998,12.4669171866887,-0.0,0.0,0.411,0.0,37.3,-0.08,0
2.276799999999996,5.18381823999998,0.0,3543.468477999998,29.552659198718075,26.05729934459461,221.65387081756407,122.03849773197756,115.04321101119672,7.35272728571428,1.1860117460521733,1.0270958971085924,0.9700017696087232,1.0800214315483725,165.22583557039226,145.48350839552003,2.985243055555555,3.167054857142851,0.0794484081632582,49.28856646825389,32.537514758928616,1.2272088512800867,0.8801529726473909,-0.45398403982502,0.5687568452414399,0.7477967372960563,15.996928987930476,4.573771993116731,3.4185648215577915,3.650533100919647,1.6509206616462069,1.537552634041278,5.148270000000006,7.097105488357484,0.0,0.0,-0.1601893594931456,0.0,0.0,2.1915495086923658,0.0,0.0,2.147727272727273,11.525711296741518,9.620439276815464,1.8268560261598124,3.0,1.192368370984334,4.614986551073271,3.1553482339420875,10.4076379785182,38.87607811580676,24.013621436586604,0.5081327481546148,0.762,2.0,35.53,5.355000000000001,0
-1.0742000000000007,1.1539056400000016,1.0,4667.418242000009,51.50235807339456,59.38514163366341,269.01695759552933,157.64246171520253,176.85736783031302,7.5042763863636335,1.3079429551131978,1.1985817470043103,1.2933617014636525,1.3736978100070003,160.64668857860522,144.783583868224,3.2318122930262843,2.244180795454545,-0.039934536157024,39.12154812874972,50.22244682231406,1.4471699939276774,0.8891260938352208,-0.766321663693501,0.4901693714503563,1.195450703340839,34.968853656590944,5.593965553552049,3.6533188505439966,3.873929001058877,1.2224112798130158,1.5816084211395107,5.175280000000004,21.88576155772964,3.4787205640979995,0.8849963550605372,0.0136265432098765,1.932595347673811,0.8578423406399598,2.181097078749195,1.4088612376513714,0.8849963550605372,2.015029522275899,12.793845547592609,9.200605363277475,1.6530401234567902,3.0,1.4833114224149768,3.976120196222321,2.3434635870675424,15.953008928737724,51.981192962617534,29.56001939132825,0.0,0.933,1.0,32.34,5.664999999999999,0
1.2262000000000008,1.5035664400000022,2.0,4992.667680000006,78.53695247500008,60.35390532926839,269.17920762944107,179.63161616862993,168.8845713257166,7.683631090909095,1.48288566569388,1.4377953127804104,1.3404123756394246,1.3141048847766352,163.39789253325867,147.4454892594559,2.469176215746861,2.013398727272728,0.1742091900826453,10.129915986568935,77.13267914049585,1.4930086190336345,0.3069671511081495,-0.3434250429634688,0.8454738517436071,1.7498700700023022,34.969854099859944,5.5955358568746165,3.366534775348851,3.3698375392858324,1.235890955388426,1.8877833148039795,4.573990000000002,15.153468283518256,4.659464320707707,1.9073313462902308,1.530636705299404,1.6189538191819937,1.530636705299404,2.4086307599171355,1.5874061476442431,0.9679740179679552,1.8624828532235944,4.23800245109475,7.513434193727274,0.7489849108367626,3.0,1.6060922171728338,3.43830190218562,1.6843578462264817,19.84959483663094,35.87265888225191,24.76882200070193,0.0,0.423,0.0,30.71,3.991,0
0.4378000000000001,0.19166884,1.0,5345.749756000007,84.9097426849315,79.11452901369866,279.4679436505597,208.5852486018701,198.8930486135332,8.103915926829263,1.3611084657372032,1.405599168665027,1.374431929506068,1.2436652768260623,159.6984576011557,144.30935155907912,4.494709127475361,4.975823219512197,-0.3111230350981557,51.27857889004131,52.523747002974446,1.3975838702270786,1.2506970460985685,-0.6429063674973561,0.6022559822518487,2.0500128412534053,34.96885377645182,4.406196533407213,3.379900416661737,3.8945073434095,0.999328026419345,1.1705919874355986,6.244560000000003,16.4631251274345,2.560433631747105,0.7668766101205186,-0.3951842315109253,1.712754997060553,0.1933237270608001,2.036473035672355,1.2537851092416494,0.7668766101205186,2.313827160493827,11.575001685543551,6.471631536308808,2.061850898177592,3.0,1.6827156509498291,3.674836353668255,1.916760522535384,19.1112341754442,48.86373981722775,29.041789368630045,0.0,1.124,0.0,70.79,4.5760000000000005,0
-1.5741,2.47779081,0.0,1187.7095509999988,12.423823500000012,6.658444800000001,179.19387858977905,63.28999871120604,54.72799748325004,7.395925142857144,1.0898659279394596,0.6416888405742882,0.5385525697094002,0.444612904849,172.3576313048565,155.52741931944257,3.273809523809524,1.326715809523808,-0.0554927709750543,24.452380952380945,31.949856331065785,1.0820148110925214,1.164399092970521,-0.2470750263199326,0.8289691833995636,0.3917657575808881,15.994916404793518,4.116684955019346,2.4575399160416938,2.587517044871883,1.0606601717798212,0.8278950396185306,-0.3150999999999999,0.0,0.0,0.0,0.0,0.0,0.0,0.0,0.0,0.0,2.357142857142857,8.38625,3.196369166666667,1.21875,1.0,1.3012407854814618,3.091076637297298,2.5171716113332225,12.582743126263916,18.64330408155628,14.462432305499371,0.0,0.399,0.0,20.23,-0.8370000000000002,0
1.9064999999999968,3.634742249999988,0.0,3370.976581999998,27.63446279234986,26.404703139240684,231.75183427255115,123.57807213685014,128.05074883783604,7.201326981818177,1.2865213567509126,1.0542624932722775,1.1107798753503575,0.9292074601135316,164.27019976750395,145.23221642260188,2.0127525252525253,1.555376436363636,0.1268022466115609,13.589141414141393,30.842159309090896,1.310227841679362,0.2470752984389344,-0.2350860389114334,0.917812785645892,0.3917657575807709,15.994920171585507,5.927947998046874,3.459876469069993,3.4830697394231107,2.305194173034739,3.0655557043824606,4.271900000000005,12.06956064002736,2.869989169463828,0.0,1.4164184495091785,2.292595164609053,1.4164184495091785,2.3071905706727134,1.4535707199546488,0.0,1.8219696969696968,5.819561472181665,11.973651507041728,1.0096984611107986,2.0,1.1831130255869104,4.598246687937749,3.2935656611852733,9.967325812612083,46.13438498798465,30.11237298982717,1.054211515856875,1.211,1.0,12.47,7.1430000000000025,0
1.2491999999999992,1.560500639999998,3.0,7050.850488000007,125.0699754268292,67.53754270238093,273.3303539570862,198.85525874899216,177.40948098663756,8.054830230769229,1.449417453032558,1.471440644646791,1.3504195669141883,1.193752549749224,163.32561069804316,148.13147829146004,3.758242176966456,4.011698769230765,-0.2272452248520708,41.9708241004537,87.51407415384612,1.4353018465698817,1.0761749769347102,-0.5158190094096633,0.672028937845542,2.9095859954774568,34.97085538798893,5.335557299644856,3.4003891643081112,3.884096265380696,1.359438916605232,2.1492838953586704,4.701180000000003,14.704847581406362,5.31817808849044,2.5208940410515286,-0.0375462962962953,1.545526492362411,1.0902148071162625,2.285454244323142,1.477078770162284,0.9081252178781642,2.081320450885668,12.431698672504483,6.906252335504379,1.704212962962962,4.0,1.8466039127480247,3.4387983061142235,1.6198246995839505,24.348762399774653,43.99945673052503,32.46725979868185,0.0,1.386,0.0,47.36,2.9120000000000004,0
2.1989999999999994,4.835600999999997,3.0,7030.544190149779,74.59451892753495,93.868860885056,294.18586659094353,184.8013827867773,215.5570143166896,8.026207191489355,1.483228156839085,1.314578201287361,1.4946710522133906,1.5764740756794422,160.11617672569747,142.12819232928985,5.722004340607133,5.530327872340426,-0.1114741222272524,102.51135700318132,64.20514250024151,1.867868506515297,2.181092702195348,-0.4648680816854622,0.5322388402967348,2.580455423251493,34.96985513641075,4.5406442931068325,3.733818249249477,4.520428208948435,2.4968403349322466,2.703761221153284,6.4691700000000045,18.468555613164355,0.2896215544827263,1.667942960744556,-0.5533493778169694,1.217987487675664,-0.5533493778169694,2.211879166386141,0.4784349698121348,0.833971480372278,2.4290123456790123,14.183384859347576,8.304111582966907,2.447166897623247,3.0,1.7264817636319858,3.828107088045652,1.8948648941693973,21.4163643361274,53.0579557652093,33.63503177285753,2.6482093304668366,1.105,1.0,59.31999999999999,6.868000000000002,0
0.8866000000000003,0.7860595600000005,1.0,3478.424416999999,62.96548239583337,61.71017075000004,268.55783304948875,175.74127954076116,171.34983688930046,8.057561480000004,1.404841848599918,1.304886715963438,1.3165949992907284,1.0843793805758877,161.06204073564558,144.67806705536603,5.71798963572626,3.141945759999996,-0.2676057600000002,55.16903520804756,65.42101504,1.284701928336104,2.2067614083219023,-0.5907308115554528,0.4314641647693013,1.4089815045739016,34.96885327422456,3.974095325552826,2.9622145332789707,3.714904485341134,0.8129793001819536,0.8642756700902086,3.00931,7.85464234973825,2.954192649281936,0.8179616196044032,-0.9435030864197522,1.836635802469136,0.6562654320987658,2.0349084922034657,1.3004580813807007,0.8179616196044032,2.560405643738977,10.564956658703718,3.875323600179555,2.610169753086419,2.0,1.60273953953283,3.0411166502418943,1.1664503783492073,19.23730178249671,26.911311378783623,23.16140467185527,0.0,0.6269999999999998,0.0,46.53,2.468,0
1.4886,2.21592996,2.0,5326.015402000004,129.10796303999996,128.03877705128204,318.0597080714994,230.09226628226125,229.6402665164105,8.009740357142858,1.8000735524402445,1.6262021499879191,1.5488640899922572,1.713184150714285,158.41933244027828,145.64178685604,3.438870381257213,1.909985857142856,0.2826445816326528,11.615215450606396,72.99864022959181,1.719541348968059,0.4148291232359427,-0.2943995545868788,0.762383739183249,1.8923702484844824,34.97015631535204,6.602916893799562,3.345049102652259,3.655200487731122,1.198235165922417,1.4402009012531396,4.814580000000001,22.173996117150548,5.875090804039953,1.5253726015303428,0.6102061287477956,1.9919904782900808,0.6102061287477956,2.1010199707455,1.2825301973784486,0.7626863007651714,2.034567901234568,4.247997326502618,6.516680238097873,1.0564605379188712,4.0,1.6893917467430877,3.1179631753145163,2.2857142857142856,21.646287209586514,59.18387305144012,48.59393671027618,0.0,1.059,1.0,51.56,5.384,0
0.1077999999999997,0.0116208399999999,0.0,1454.8339779999983,19.07998918181813,5.769360000000001,269.1267590599241,104.78351870514297,66.9349752621824,7.092124000000001,1.2012349537331002,0.9617896431131836,0.7312977927708567,0.4446129048489999,158.49797205413586,139.95845190145002,1.8005050505050506,0.1293599999999998,0.0141120000000021,3.12121212121212,30.01636586776858,1.3554328979625596,0.1418732782369145,-0.0293919619776488,1.1271996359223304,1.4210854715202004e-14,12.10017172591624,7.216572302201843,2.672048999449028,2.7043019052949218,1.4062766411736525,2.328372981433542,2.23698,9.695092592592594,0.0,0.0,2.3764814814814814,0.0,0.0,2.443287037037037,0.0,0.0,1.6333333333333335,2.443287037037037,5.696351712962963,0.4085648148148149,0.0,0.9940302114769564,3.465401407160341,2.0343130682801576,6.685280238679743,27.470503017413968,15.041672864383392,0.0,0.1589999999999999,0.0,0.0,3.722,0
-0.0163000000000001,0.00026569,0.0,3691.863326,57.36064647222232,54.96322884722228,258.15688502036767,178.52104367944332,176.90843092051307,7.791416780487803,1.200801529229546,1.2687028892609988,1.3132920991179151,1.234732696738564,161.51182068318855,145.9449506157977,4.118563685636856,3.9166831219512166,-0.1700895395597852,48.77913279132788,36.02581523022008,1.395624774502368,1.1897349461299482,-0.6363635355906382,0.6156773275908232,1.139562494876742,15.997933797612417,4.084404952353956,3.3156419356177693,3.8045495715397526,0.4107817296708408,0.5098102589457948,4.203370000000004,18.68743742702918,2.239883366296849,0.0,-0.4326768215504473,1.8220612087427563,0.713954212857983,1.9386186090587847,0.7868564009448473,0.0,2.325757575757576,11.067204990206571,6.855652514355761,2.099343488217114,3.0,1.4990766129916473,3.858475391626437,2.301045427831851,13.90690869558615,50.98395677368063,28.05488945410547,0.0,0.8940000000000001,0.0,56.790000000000006,4.545000000000001,0
1.0958,1.2007776399999996,2.0,6048.450567000005,108.32907206249998,128.0636997105264,326.208307536356,212.501524828324,225.3800847349966,8.353236576923079,1.8338986964414328,1.5877650780707484,1.5802012662998943,1.8011363645000005,153.8798465198228,138.21485238965556,6.34953227404359,3.3862183461538446,0.4021949097633131,64.33371473919314,96.68339250443782,1.3948084192338688,2.4743736438151207,-0.6141438398268501,0.5007817576286759,2.695524974284659,34.97015673878811,6.084818997512731,3.532444012933227,3.734943181368121,1.0478291501902866,1.0452969842281787,4.775780000000001,17.49633668943701,3.2012399054101803,1.5149070467405936,0.345354938271605,1.6553491274196008,0.345354938271605,1.908499657064472,1.23645234121605,0.7727963889115751,2.3990054869684503,12.147308830939783,5.37955838285542,5.682478024131463,2.0,1.8629613523404247,2.837478365800667,2.076923076923077,28.18911986170189,53.456436485760925,40.228049120518506,0.0,0.7580000000000001,0.0,51.75,3.507,0
0.8927999999999997,0.7970918399999994,1.0,3710.228898999999,43.46426512195124,76.52086793181826,264.6429727627955,126.35981460558249,186.56682792639768,7.784179366666671,1.4193105730935276,0.9962192733807907,1.3674560552191144,1.3255246226784263,162.02271545504624,145.69039996305162,3.981889511253365,2.689744699999999,0.3572308099999999,39.11049541482498,59.83472929888889,1.3758512956068392,1.303683180494166,-0.256982126217611,0.6485916311648249,1.3022161039573632,34.9693801067107,5.136767191088994,3.002097918230177,3.5179178804926687,1.6999402923929738,1.792909926115047,2.5343900000000006,10.860871165595867,2.553093803364968,0.80748642255256,0.0836876767167775,2.006355190224238,1.2056189986282582,2.115384682679656,1.3474748047367098,0.80748642255256,2.1934799382716044,11.956999086671704,5.284685522644243,1.622871590765936,1.0,1.629473298359841,3.277417297248678,1.707309364962454,19.038408306897427,31.691901878037385,25.126973985533525,1.1052094495921163,0.6,0.0,29.540000000000003,2.457,0
-0.0065000000000001,4.225000000000224e-05,0.0,4037.403816,59.570790251968425,43.189508836879526,246.68424421337343,170.0243446280983,133.35361159435882,7.724636666666662,1.3986849629204512,1.2416624060573391,1.0028241373936673,1.0308570115099691,164.2626526464995,147.55787997628576,3.827690972222221,4.254026666666671,0.2675804444444443,52.88411458333341,36.156954500000005,1.3873978634184974,1.1017523871527792,-0.3783912031014365,0.6609971685337921,1.2820626733591496,15.99929807721668,5.060414302433297,3.360533529469306,3.879055355018672,2.4538593059730323,2.781090688091788,4.9954700000000045,8.864707311554355,2.3029237265894027,0.0,-0.3734259259259251,1.702859977324263,0.3019297996976569,1.7706273620559334,0.828510802469136,0.0,2.302083333333333,12.612655580750818,7.5089184087135,2.040092592592592,2.0,1.5204260414863775,4.06453645923478,2.280531463699825,14.325160738367153,39.95217173139507,32.28013828460037,1.4816472483523164,1.247,0.0,73.59,4.229,0
1.7435000000000016,3.0397922500000054,0.0,5615.840043000013,54.96714500000007,65.48053593129762,241.74310772315283,157.95469379865935,174.02047149998748,7.728792086206888,1.346191648803681,1.224485304720246,1.2951007155342007,1.109853850962009,164.49108697172534,147.0867550450678,4.058607977389905,5.261544017241365,0.1056690341854858,82.8442732723143,46.72552397532703,1.4103707573785824,1.4283495391778327,-0.6315231217187421,0.4778636434731197,2.156686954890617,31.972072428158214,4.454262260118501,3.3790558021714827,3.989951245151096,2.763618826965585,3.161137215234585,3.027480000000005,7.255816983767437,2.182546206912397,0.0,-0.3743397528764591,1.7666603641635206,0.4669865846935654,2.000428582210238,1.055529686617141,0.0,2.2880291005291005,12.655454337229228,7.281266134374352,2.5328187915255267,5.0,1.594965128913096,4.263015866214476,2.715541000640988,17.30255375184281,45.71799126878838,27.91964167855913,1.4098952354099836,0.6470000000000001,1.0,93.61,4.174,0
1.0414000000000003,1.0845139600000009,0.0,5295.8274254326525,107.718541032986,56.20328455189045,253.97305137748967,187.9461431218841,166.39684670571182,7.731373617647063,1.7547672115045048,1.666108261065366,1.341432337063575,1.3164355966176189,163.5850336182436,144.73014006723827,4.668909476227619,3.233114029411762,-0.5983721470588232,72.63473583878,86.31154416433328,1.61476773899276,2.1363157599641176,-0.8506001780427208,0.6937134869503171,2.753234495900827,31.973074394171604,5.1395453555560735,3.342612176076369,3.431053272012208,2.447125576490354,3.832548012065162,2.28459,0.3072644942750768,0.0,0.0,0.3072644942750768,0.0,0.0,0.3072644942750768,0.0,0.0,2.2567515432098766,12.930236625514404,3.087008075790501,4.3695713305898485,4.0,1.842084531217813,3.245378310032528,2.347456986121327,25.940966752476186,31.36435418790928,25.6955596069292,0.0,1.602,0.0,107.02,1.5499999999999998,0
1.3988,1.95664144,2.0,4287.382082000001,161.2803529285714,196.5951906,310.5897148065259,203.6924445544871,184.92271071199448,8.960931625,1.852171605517242,1.5145460810303215,1.1863251812930664,0.8078361500000001,164.38364359348728,154.84382215165004,9.045800944977898,2.41864975,0.2775359999999985,57.50643956713915,100.56630160937505,1.5100032321691863,3.5941524729461967,-0.3729442830912524,0.3897878941080666,2.105901049717467,34.970155645486045,3.872143775422347,2.838825737686163,3.884812375835639,0.9292694754991564,1.1897434215984777,2.9046900000000004,6.008155006858711,2.8613305898491093,1.169142661179698,0.178271604938272,1.573412208504801,0.178271604938272,1.573412208504801,0.9560493827160496,0.5845713305898491,2.779835390946502,10.4177608409619,1.87209341563786,2.364876543209876,1.0,2.1556390622295662,1.8443609377704333,0.75,31.234146750254794,35.25,35.5,0.0,0.088,0.0,69.16,1.845,0
0.1817,0.03301489,0.0,1273.945359999999,25.47456925,9.482054400000004,259.5323599712642,105.16024064583632,78.12619619197534,7.492689999999998,1.3319220469551043,0.9060416417621068,0.736226821883,0.4446129048489999,159.52206216415578,143.62162073321568,4.347222222222222,1.007631,-0.121444999999999,22.861111111111093,33.94088343749999,1.347902661977483,1.4288194444444433,-0.576291142896822,0.5219927095990283,0.2492655790986937,15.994916388947786,4.751371425465585,2.691775931253352,2.9254709171113107,0.2598593261144609,0.2941945477116773,1.79081,8.57611111111111,1.4259259259259267,0.0,0.3379629629629634,1.6597222222222223,0.3379629629629634,1.9441666666666664,1.0879629629629632,0.0,2.416666666666667,8.813055555555556,3.2629705555555555,1.3287037037037033,0.0,1.271782221599798,2.728217778400202,1.2971804688852169,10.764027830197575,22.10845859334435,15.108458593344348,0.0,0.429,0.0,20.23,2.367,0
-0.1396,0.01948816,0.0,2344.007108432644,53.18050229130765,32.654696631,284.6529692659625,135.8938302821692,100.02653050760225,7.831312562499997,1.5974361906748342,1.1957317439651538,0.8279075558183752,0.5861531660911666,158.50393371692772,141.11660130877004,7.183570001185456,1.8522354375,-0.5305668124999999,50.67347457196566,67.63076771722524,1.5129150326953384,3.167092160747854,-0.5130280590751695,0.7356750410565005,1.1107513334540968,30.97376208075955,2.8538391454763503,2.665925019264032,3.4719064037101,0.6606544890941871,0.5882376679888661,1.4044899999999996,9.434339277549151,0.6478909465020579,0.0,0.6478909465020579,1.6987025605852766,0.6478909465020579,1.834866255144033,0.6478909465020579,0.0,2.7850937357110195,10.517798353909466,2.756726240283493,3.987158207590306,2.0,1.6774212838293647,2.322578716170636,1.451205059304601,20.635067320935644,28.103911462169474,24.15075156006609,0.0,1.95,0.0,60.77,1.2779999999999998,0
1.0835999999999992,1.1741889599999984,2.0,6628.188537000008,93.21993915841584,87.06028783495147,283.3091024115662,206.18452527483456,209.3176348590408,8.006704499999994,1.4933743410383042,1.4561625783781,1.5032854558158943,1.4550876481312105,160.88831253621663,146.2430527912192,3.2068379698909526,4.349365636363633,-0.0846585206611561,22.928888291349725,65.38774300568187,1.4914088323398589,0.5211110975306755,-0.406516798350218,1.0352585601055773,2.497666807298017,34.9701569654862,5.859794758890848,3.555494668475464,3.834834979565988,1.760459958009631,2.5995314035125627,5.230380000000003,22.93729363722176,5.322211905078143,1.4955441421072853,0.8339284664483078,1.524490757080644,0.8339284664483078,2.1159303838489003,1.374049274562,0.8630148681663422,2.041037951531778,6.239514083738622,7.972509163861621,2.079105093789888,5.0,1.7842664808870508,3.675165137750247,1.822291124258728,21.824776550759093,50.066734603940965,31.77725013899133,1.9441612972396656,1.331,0.0,58.400000000000006,4.1240000000000006,0
2.3399,5.47513201,0.0,5240.8473054326505,75.37788467624631,67.15032911245906,266.9089769547504,187.7892481418736,169.5276404814754,7.743554548387101,2.187888348507121,1.6612898859599392,1.4752084184580811,1.2733094025456702,158.79653162024312,142.41320497757746,2.912289936624531,2.959727741935485,-0.7217401612903215,19.76035259672256,88.45350666821152,1.6254159837654096,0.6374307289265342,-0.7247039625360939,1.0673962369439327,2.6107343174186752,32.014480646473366,4.794009765624998,3.1290638982490253,3.058957714319825,2.652071968016049,2.823763784960704,2.9918100000000014,10.303975742560398,3.878481915399905,0.0,0.9331412894375858,2.072692901234568,0.9331412894375858,2.217608024691358,1.5764306360404243,0.0,1.984760802469136,5.972587553539935,5.924502271385062,3.6136067500559896,2.0,1.7742760721557502,3.1799202382311256,1.8235266133219628,25.15078409378259,33.93461543114042,28.790917032407176,0.0,2.1410000000000005,0.0,94.89,4.071999999999999,0
1.822,3.319684,3.0,4610.244433000004,21.26796000000002,0.0,266.4072328393096,85.96221004598425,0.0,8.451326866666665,1.5666817522000007,1.0331938086870838,0.0,0.0,166.10203718552958,148.2645837089679,3.9705037341868623,2.313579733333334,-0.2800090177777779,22.62474851394603,167.40230619555558,0.9774109320180612,1.508316567596402,-0.6476109938619979,0.694933238615551,2.23281988093226,34.971057205970155,6.048744669530289,2.4575399160416955,2.697549129558777,3.9708720034728135,1.272244933128985,2.1275,0.0,0.0,3.022633744855967,0.0,0.0,0.0,0.0,0.0,1.0075445816186557,2.0671296296296298,9.476851851851851,2.646102366255144,1.5943930041152263,1.0,1.746465798504072,2.1604247971044463,1.484310833766027,27.024239438288465,36.97696578240632,-0.0,0.0,0.424,0.0,20.23,2.214,0
0.2714000000000001,0.07365796,0.0,1568.5640749999998,1.016064,0.0,213.2318875622321,31.083744430930263,0.0,7.945186624999998,1.333586,0.4446129048489999,0.0,0.0,174.534362125887,176.36257066974284,5.057270233196159,0.5106578749999997,-0.3897188906249997,12.471879286694108,105.542420484375,1.9986435270194365,1.5589849108367635,-0.9758839257176756,0.5113041990516691,0.9103590593973134,31.974278953044887,5.738500000000003,1.8789416015465767,1.9422342701528763,0.0,0.0,-0.8112999999999998,0.5925925925925928,0.0,0.0,0.5925925925925928,0.0,0.0,0.5925925925925928,0.0,0.0,2.740740740740741,4.883744855967079,0.1057489711934155,1.074074074074074,2.0,1.75,1.25,1.25,23.994976141,17.25,-0.0,0.0,1.104,0.0,84.13,-0.801,0
3.011,9.066121,4.0,3379.547769299541,0.0,0.0,367.9113652155812,0.0,0.0,12.7383532,0.0,0.0,0.0,0.0,214.04422628076,171.1026794645,26.63684080170706,1.0620827999999998,-0.6291662399999999,53.6526520347508,91.1616479215129,6.447076914935996,10.73053040695016,-0.9716699487050848,1.1004112844985845,2.057947480390654,34.97015506515292,3.849999999999999,0.8278568164686609,2.33226044721837,0.0,0.0,2.0143,0.0,0.0,-0.2182784636488342,0.0,0.0,0.0,0.0,0.0,0.0,3.988271604938272,11.166237997256516,2.460192043895748,3.4228395061728394,0.0,1.5219280948873624,0.7999999999999998,0.7999999999999998,34.10896013900397,30.28241808752197,-0.0,0.0,-0.048,0.0,0.0,2.5900000000000003,0
3.4978,12.23460484,6.0,8261.535605000001,1256.7025,0.0,444.5054505365943,503.97095841309095,0.0,10.01421181818182,4.050210526315789,4.752400000000001,0.0,0.0,149.3571224864909,137.2807459076364,2.139883921519724,1.4493845454545462,1.4988010832439613e-15,0.2929240969364428,136.21158371900827,0.7227212550991724,0.0266294633578584,-0.0684719861004916,1.323685636856368,3.967108603667132,34.97395695662826,7.7653408612511425,2.7525990413489736,2.504959669904005,4.150780119359983,5.396038070613602,4.404679999999999,7.845850480109739,0.0,7.27687757201646,1.9247256515775035,0.0,0.0,1.9981995884773665,0.0,1.258144718792867,1.4537037037037035,1.9981995884773665,1.3403996056241425,0.3819873113854595,0.0,0.9940302114769564,2.4654014071603414,1.272727272727273,22.88411836097369,63.91055070391773,58.23030523712933,2.8284271247461903,0.094,0.0,0.0,3.6960000000000006,0
-2.499600000000001,6.248000160000005,0.0,5497.404104432666,38.959233537631405,44.62828030863986,216.34223866762736,123.88757366523728,129.63845255133384,7.291826712499997,1.1247400198851352,1.0722399860647809,1.136502001250298,1.1264163502110571,166.570507622035,145.6100566014037,2.499131349070264,4.312867887500012,-0.7290397764062825,55.98291978642756,39.1998229812729,1.214478197631476,0.6997864973303445,-0.8878403701075727,0.5602427418056807,1.6092824916515551,30.97376316482439,3.9566886350601695,3.577064778850694,3.601734943350603,1.5860042344475629,1.678101048554584,7.8135000000000066,0.0,0.0,0.0,0.0,0.0,0.0,0.0,0.0,0.0,1.9417837377607488,13.55250606261023,13.596991261492908,5.32769923941799,4.0,1.2302681891641871,5.091659905723175,4.526095999500218,12.574491377859207,73.24172068957499,48.90358036820494,0.0,1.902,2.0,54.57000000000001,9.372000000000002,0
1.8614000000000008,3.4648099600000024,0.0,729.4491170000001,6.007024800000001,1.016064,217.6633781634557,68.727536803745,31.08374443093026,7.034637846153844,1.225369230538778,0.7456320371669503,0.444612904849,0.0,162.56253820338404,144.34648383860005,2.829059829059829,0.0729723076923076,-0.0089812071005912,7.0256410256410255,28.65467668639052,1.2939438315855614,0.5404339250493096,-0.2350847875358832,0.5904298459042986,-1.7763568394002505e-15,12.110055527006956,5.248868679468491,2.341133305058788,2.371533840657732,0.1443375672974064,0.0,1.60088,9.756944444444445,0.0,0.0,1.0185185185185186,0.0,0.0,3.555555555555556,0.0,0.0,2.333333333333333,3.555555555555556,3.394763888888889,0.6481481481481481,0.0,0.961236604722876,2.739203113418216,1.4126559982000215,6.796774065078518,14.224657976926812,3.126370207839089,0.0,0.127,0.0,0.0,2.348,0
3.5488,12.59398144,4.0,28226.68744899999,261.92221088172056,156.202262893617,319.8926821342667,218.4074254910125,196.2472057744133,7.935775272727276,2.1479071202631586,1.8966937434122504,1.7158491752741725,2.030290472769388,153.03312784866634,140.2675915691559,4.130910441867232,2.723599636363637,-0.3788435041322311,45.17731845200979,583.7288064205692,1.2379476329845247,1.3690096500609028,-0.4720926363028826,0.5566423619448436,3.8972596323663424,78.92138738797065,6.430745117187499,3.3469109614786805,3.750489364548708,3.947274321277797,5.539790653936174,6.611590000000002,17.6139029679087,8.729852409413699,0.0,0.5990740274161792,2.2210126396237504,0.5990740274161792,2.221012639623751,1.335324913916184,0.0,2.040123456790124,10.094205824305032,6.758259418234372,1.288425925925926,0.0,1.6618817271529491,3.3825123922055043,1.7427204546765735,39.78225508038597,87.68773186500299,87.68773186500299,3.265986323710904,0.2699999999999999,1.0,40.46,6.253,0
-0.0063999999999999,4.095999999999951e-05,0.0,2692.1548409999987,39.703567612903285,31.845380510638336,269.1785094876211,161.84457488961564,136.2474447178289,7.494139272727278,1.5447308497815242,1.2954911338326105,1.1401482044166782,1.0583712588301653,158.53031349524196,142.6317816365559,4.262836700336701,2.0156596363636354,-0.2436187768595032,45.92592592592594,33.72298353719009,1.3579806235125125,1.391694725028059,-0.5614090343874178,0.5002016129032258,0.4985311581973732,15.995922182319111,4.849924804687504,3.2642832641372634,3.682836842222271,1.935949887940568,2.153562700287315,3.561590000000003,17.241802091206853,2.7986035525321253,0.0,0.2733852985638703,1.6919598765432098,0.2733852985638703,1.9188397581254724,1.1259164777021922,0.0,2.3480392156862746,9.296299445704207,6.670085571302594,1.401388888888889,0.0,1.2685347577182178,3.775859361640236,2.2275689395250584,10.63549018547679,44.59057676819374,37.50135607921516,2.0,0.824,0.0,40.46,4.939000000000002,0
-1.2914,1.6677139599999995,0.0,3443.7294380000008,86.41972366666666,67.6112844705883,300.19476851022245,205.14485920141408,159.676106755947,8.119665375000002,1.7297125780665863,1.519306192544369,1.1913540597018049,0.8821664901282856,158.63025652232673,143.900171606026,8.092338963191585,2.7658939583333315,0.1010929184027775,81.5895883344765,56.96307290972222,1.6113472634048165,3.399566180603188,-0.6609851980393798,0.3663169739678384,1.5156556182112055,31.97207174538654,6.313505159565068,3.288477951927327,3.750000000000001,0.97900635275584,1.3116484528808092,3.2908800000000014,11.41657738095238,0.5378703703703713,0.0,0.0299074074074079,1.3644547325102878,0.0299074074074079,1.7728762492651382,0.5079629629629634,0.0,2.8660493827160494,11.221043083900229,3.400613733098178,6.057826646090537,4.0,1.813983606387077,2.77097889433408,1.5424812503605785,21.631152832800005,38.36817083645835,24.0993739623598,0.0,1.379,0.0,88.77,1.439,0
-0.205,0.042025,0.0,2253.2660939999987,55.585201882353005,50.01143259574471,289.03287619412254,189.01332209307247,160.74336546750322,7.682261000000003,1.5499692996970178,1.420524698211607,1.2035224586306608,0.910428967560778,155.90047353864546,140.73201968448998,5.681712962962962,1.882913999999999,-0.1501417499999998,51.35995370370368,33.68788568749999,1.3705778694494082,2.1399980709876534,-0.6609528884816738,0.3738050704225354,0.4985311581973839,15.99592068169112,4.045939571067763,3.171324612576261,3.631642516132161,0.6558900009708415,0.9520263901147944,2.7007900000000014,15.743215702947843,0.8709259259259261,0.0,-0.7904138321995455,1.8575925925925925,0.8709259259259261,1.986789493575208,0.8709259259259261,0.0,2.511904761904762,10.61239559712774,5.083602886904761,2.4570804988662123,2.0,1.3250112108241772,3.25995128989698,1.8042903712002696,11.30881313060994,36.27383487612631,18.93734375300482,0.0,0.519,0.0,37.3,4.956000000000001,0
0.7186000000000005,0.5163859600000007,0.0,1654.0782189999982,35.89652252830185,20.85235209523805,233.5467539595608,157.3881724972042,114.49134792816967,7.168606000000002,1.2250414992288003,1.2963756616753208,1.0334740118520331,0.8107462086909636,163.5749386182206,146.23723242705773,2.0876068376068377,0.4230961538461538,0.0641673846153865,5.350427350427352,30.67211764053256,1.3910449378581122,0.2057856673241289,-0.1947280746684909,0.9691160809371668,0.1425001784821837,14.003079072827084,5.668300634720173,2.985267979126096,3.005006998021704,0.5441817945448926,0.7461988663511194,2.532800000000001,11.811481481481485,1.3171296296296298,0.0,1.3171296296296298,2.048611111111111,1.3171296296296298,2.145833333333333,1.3171296296296298,0.0,1.878787878787879,2.333333333333333,6.327061388888889,0.4161574074074074,1.0,1.1687997226410385,3.531639995500054,2.324560072990279,9.355322309356382,30.49298150774548,23.00841309103349,0.0,0.461,0.0,3.24,3.452,0
0.2839999999999999,0.0806559999999999,1.0,2383.335546999999,52.0687151875,11.169312,295.90668588758894,130.3691840545115,69.19376572425219,8.020212076923075,1.50141732784987,1.1515879229091872,0.7392932917578333,0.4446129048489999,156.84347002158813,142.9079489685962,4.9512621199864,1.4166627692307685,-0.2003886153846153,21.235974816221724,85.54422536094674,1.2855960884932531,1.633536524324748,-0.525210201369571,0.6407209556951876,0.9104503463765496,34.96937974131886,5.083183594048578,2.691417559737668,2.730252664365897,0.4099028466968866,0.3127285655866362,2.4161900000000003,8.96065157750343,1.5279492455418386,0.7582064471879286,0.4407578875171472,1.716820987654321,0.4407578875171472,1.9430727023319616,1.0871913580246917,0.7582064471879286,2.334876543209877,8.960154320987655,2.7607372256515776,1.2259087791495196,0.0,1.6143308351592656,2.0861088829818266,1.2307692307692304,21.21916930471892,25.46661213239722,21.92612112559218,0.0,0.323,0.0,20.23,1.929,0
0.6364000000000001,0.4050049600000001,1.0,2470.875907999999,45.944399062499976,28.775682250000017,271.17509701535505,132.8374817398047,77.05214701031484,7.5769755882352925,1.6049114824144846,1.1722642696591885,0.8193613644952497,0.8482112389093999,161.54712937946425,147.72092764935297,2.949657961035352,0.921695058823529,-0.1350851764705875,9.315079301039114,75.96850114878895,1.4332773927241778,0.5479458412375949,-0.630382464220759,0.5361683754716896,0.8036849457600468,34.96937978023841,5.843804064563536,2.804540828528536,2.980712643951413,0.6219938918839438,0.6297926764101377,3.11322,9.750096021947874,3.5337037037037047,0.946327160493827,0.9017283950617287,1.9760802469135803,0.9017283950617287,2.151406035665295,1.429043209876543,0.946327160493827,2.03840877914952,5.6068792866941015,3.73827114883402,0.764938271604938,1.0,1.5197284615795614,2.5677343796707786,0.9567448533229652,18.61575140961067,22.86635836841876,20.11510850417892,0.0,0.34,0.0,26.02,1.974,0
0.7386999999999999,0.5456776899999999,2.0,3580.2660949999995,89.84754955,152.1723471111111,307.4461290185333,160.2178777871313,129.33153638455738,8.084878714285713,1.8270181809939603,1.4323182442273497,1.3282241238385557,0.4446129048489999,159.49380822178895,147.93665534995006,3.211074095847759,1.2899877142857146,-0.210688,8.176628127245413,121.81384265816332,1.41100951571431,0.5840448662318153,-0.5704531667459634,0.6035173586701034,1.4648697130378991,34.97015534246765,6.139320830430833,2.739438123505763,2.751489674060543,0.6713437254786656,0.5848904586360041,3.68389,10.1670438957476,3.7511591220850486,1.8365980795610424,0.9978566529492456,2.095078875171468,0.9978566529492456,2.17480109739369,1.4102160493827165,0.9400582990397804,1.965706447187929,5.687716049382717,3.2324169821673525,0.668810013717421,1.0,1.7273966735744792,2.0799582484831243,1.107841071737638,24.65372429514315,32.78660064631965,24.107576608395004,0.0,0.329,0.0,26.02,1.958,0
0.2946000000000003,0.0867891600000001,0.0,1859.124445,14.927360000000002,0.0,236.93124938582423,77.80147835984486,0.0,7.673287749999997,1.1746834291163328,1.1064292582494444,0.0,0.0,168.30824276963287,158.82141110643337,2.288180155464106,0.5854342499999996,-0.1653119999999998,3.479652491998172,82.45728690972226,1.8987415692590537,0.2899710409998476,-0.6711161511778092,1.230040360428008,0.9103590593973144,31.97427905530672,6.781749999999997,2.175141622629474,2.67697265376949,0.2165063509461096,0.2296396633859229,-0.5358999999999999,1.3796296296296298,0.0,0.0,1.3796296296296298,0.0,0.0,1.3796296296296298,0.0,0.0,1.8271604938271608,3.2031893004115224,1.1837582304526748,0.3855452674897119,2.0,1.7295739585136225,1.8553885422075345,1.1666666666666674,22.08837234725343,20.748872922315723,20.748872922315723,0.0,1.224,0.0,56.150000000000006,-0.0849999999999999,0
1.3202000000000005,1.742928040000001,0.0,2285.913084,81.38266810714285,117.25400479999998,284.9937731255615,167.47893020257902,177.4546904536102,9.120443,1.3503754996447592,0.968993730090964,0.8624526299232668,0.588985993,166.54512584168728,155.7673363669751,14.34722222222222,2.8376439999999987,1.188991999999998,89.52777777777776,32.47777218750001,1.5896785439341865,5.59548611111111,0.036661489283488,0.4180887372013652,1.2820626733591671,16.016997558299188,3.648797604257756,2.802905867241681,3.705882352941176,0.3501589385506499,0.4016515949411505,1.782890000000001,4.045740740740742,-0.5477777777777768,0.0,-0.2738888888888884,0.9166666666666664,-0.2738888888888884,1.274074074074074,0.0,0.0,3.611111111111111,10.158703703703704,1.2639064814814815,2.673611111111111,0.0,1.9056390622295665,2.0943609377704338,1.5,20.120191322754795,35.75,30.5,0.0,-0.302,0.0,86.28,2.57,0
-0.5636000000000001,0.3176449600000001,0.0,1712.8341069999983,28.43175317241375,20.09615157407402,244.45952652045304,132.4817169355711,102.36239838405254,7.312614880000002,1.2747379359828026,1.126678134047156,0.9321356678004644,0.8442874942230584,161.68967900167948,143.88257145115406,3.3433333333333337,1.0941878399999996,-0.0945046399999985,25.31555555555558,32.407206134399985,1.313540814544232,1.0126222222222232,-0.5538115429308991,0.5003511235955054,0.2492655790986866,15.994917142939308,4.771018956246791,2.825825358652981,3.246785235181972,0.8012702399298605,0.7850138554221231,3.2762900000000026,9.06764172335601,1.6410676492819356,0.0,0.3444935752078613,1.7375925925925926,0.3444935752078613,1.9756944444444444,1.2965740740740743,0.0,2.196969696969697,9.011154572940288,5.231748452380952,1.3221730914588057,0.0,1.1829661954675217,3.4608899943072027,1.8611730005192328,9.788484459446376,26.24800489307416,20.761404671855267,0.0,0.447,0.0,20.23,4.013,0
1.4044,1.9723393600000003,1.0,2834.483533,78.86788714999999,105.26846933333334,302.9978593466309,163.36736760275895,149.5396757040645,8.649831785714284,1.5540400947879205,1.1345798536849,0.9005530837442224,1.74836,160.7670576334926,148.4847327657572,9.240457682844513,2.0723563571428567,0.6614399999999994,53.08656128203455,75.8154165969388,1.47849482566806,3.791897234431039,-0.1931952393943717,0.3729649764410755,1.3022161039574307,34.96937984273835,3.654706601662801,2.6659250192640327,3.705882352941177,0.4024131761564155,0.3349836713183194,2.6690900000000006,8.025466392318245,1.3667901234567907,0.7764336104812294,0.1702469135802473,1.5362654320987654,0.1702469135802473,1.7930727023319617,1.1965432098765434,0.7764336104812294,2.867901234567902,10.131135046611238,2.50266734749867,2.385157750342936,0.0,1.985228136034252,1.822126786023352,1.1428571428571423,26.53989679466392,28.6004433726748,25.371023684444378,0.0,-0.122,0.0,43.14,2.779,0
-1.2589,1.58482921,0.0,4339.273073432652,95.63964575980954,103.4915826430001,290.528499126544,194.1467869826525,230.68646110559965,7.645584351351351,1.5932676276558375,1.6603060153045697,1.7210579399832224,1.7896625144210525,154.65912742019825,140.19465171338464,3.250164544974787,2.881587891891888,-0.6403828049671274,19.96649530188624,46.949589403590345,1.4329457778876324,0.5396350081590876,-0.8600918290368984,0.684074273471678,1.3600169125527728,30.97376278105516,6.429224609374999,3.749236636667888,3.787932574912592,0.6464941785243905,0.9705379116953136,5.671970000000003,31.314749027182888,2.345793615800229,0.0,0.7819312052667431,1.914207818930041,0.7819312052667431,1.95403556964624,0.7819312052667433,0.0,2.087074448185559,6.007315024775343,9.13087639116346,3.836694101508917,0.0,1.46845616394644,3.74099720168251,3.4247700776373646,15.662326748380654,69.90173006067556,56.37605323960906,0.0,2.052,1.0,41.28,7.338000000000002,0
0.4285,0.18361225,1.0,7511.282263000002,88.87113531249996,215.75923999999995,302.3536994266421,132.5657485426892,104.86900147112496,7.888391769230767,1.6693053122477397,1.2518456719622495,0.8896826548993335,2.03371865,154.64396560798042,141.90852804944237,4.899183549646513,1.138056,-0.1825079999999998,21.57605254827478,400.67784223668633,1.2921979760382234,1.6596963498672908,-0.5699377426288322,0.5915302221111124,1.0989476976409378,78.91851800783027,4.7887474896165365,2.665925019264034,2.7366278109584283,0.4640307695916142,0.365969529663801,2.52529,9.187031893004116,1.7697222222222229,0.0,0.3666666666666671,1.734375,0.3666666666666671,1.9742798353909463,1.4030555555555555,0.0,2.299768518518519,8.78264403292181,2.895216563786009,1.2999999999999996,0.0,1.6143308351592656,2.0861088829818266,1.2307692307692304,33.729355284687465,30.5902978959772,27.57301911013864,0.0,0.365,0.0,20.23,2.267,0
-0.2157999999999996,0.0465696399999998,0.0,2428.3468159999984,37.725685900000045,32.41279334210526,264.2266177137205,157.91077445617415,133.69739337054494,7.295810000000004,1.6044402149954229,1.276969235977348,1.1154571349364188,1.3056913945698003,161.13386072712453,147.18991175727274,3.020833333333333,0.7040320000000003,-0.1857589999999983,18.541666666666668,31.872564937499973,1.5163090148685,0.5794270833333334,-0.6543910665759454,0.5022610625606877,0.2850003569643604,14.004088178968876,5.931906250000003,3.08511575002218,3.380341264251549,1.2087961249554278,1.198628752628082,4.948440000000002,18.36468274964307,6.217953724699758,0.0,0.829552731586462,1.940830498866213,0.829552731586462,2.097517006802721,1.175740740740741,0.0,2.125,5.800801891744352,6.618026941085076,0.8371139350802047,2.0,1.271782221599798,3.728217778400202,2.01654140665565,10.266067675197576,38.73533749350959,30.2169171866887,0.0,0.739,0.0,52.04,3.3460000000000005,0
-0.1597,0.02550409,0.0,1617.4537219999986,35.04026264285711,18.57790211428572,242.7452187935676,134.2989212328983,101.86530875162032,7.513361142857143,1.4404017694680284,1.0827507356581203,0.9198375861040284,0.6157812957400002,164.05430331424952,149.10907932946196,3.218253968253969,1.280603809523808,-0.1089481904761883,14.142857142857135,34.34836063038547,1.40992222046052,0.6734693877551017,-0.4794581958497959,0.8393576285733149,0.3917657575808739,15.997943558446863,4.827340122522008,2.756306528062676,3.247120042521753,0.4643458958842397,0.5299587107028428,1.8062100000000003,8.310185185185185,2.58925925925926,0.0,0.6967592592592593,1.8657407407407407,0.6967592592592593,1.967453703703704,1.151203703703704,0.0,2.25,5.606898148148148,3.787048703703704,0.9699074074074074,1.0,1.4373770511116046,2.9549403716671563,1.2866452385073277,13.13167633191568,21.578651952374383,16.85688610435953,0.0,0.576,0.0,35.25,1.645,0
2.3624,5.580933760000001,0.0,6531.592704000004,141.044822,201.74679083333336,351.52712966661574,259.1999045729584,294.34710004948766,7.667628714285716,2.3733703846998857,2.3279379849862725,2.8104048616566,3.0298832333333343,146.6521984240854,135.7553771135903,2.726680384087792,0.760003428571428,0.0139399183673462,11.55673133450911,92.27929199999998,1.8453708502075488,0.4127404048038968,-0.7374622686516277,1.2205121642588264,2.786435166696116,31.97543618684617,7.318090820312494,3.453713039469984,3.272124762011602,2.3108770264396403,3.3678011358209843,5.406460000000002,27.578260908615853,3.7016265642059296,0.0,1.3513375535399348,2.1441368814329573,1.8508132821029648,2.341065838372386,1.8508132821029648,0.0,1.72962962962963,4.989576089695137,5.995522377593012,1.4802727445573567,2.0,1.689391746743088,3.117963175314516,2.1428571428571423,23.15104033049425,59.920425975390735,52.94519947834201,0.0,1.2990000000000002,0.0,132.86,4.728000000000001,0
-0.4204,0.17673616,0.0,2517.630816999999,46.17652582812505,47.97944752830193,290.8004269796739,173.65765746370062,178.2708785069861,7.272997466666671,1.5292732889371925,1.3602477855162014,1.385982318833735,1.404376177358479,154.7959745521746,141.18538777972185,2.612037037037037,0.4285147999999998,-0.0172127199999997,7.315740740740739,30.491262378888887,1.466647782798698,0.2438580246913579,-0.5002313205067355,0.876583008852193,0.1425001784822299,14.0030821294155,6.597356838751233,3.344326401792748,3.395058481130652,0.6477918909913547,0.8640668461264172,5.183490000000002,29.77062925170068,2.233964002267574,0.0,1.113686224489796,2.0194161522633745,1.113686224489796,2.1689814814814814,1.120277777777778,0.0,1.950980392156863,3.396037414965986,8.768713115604266,0.5529804421768708,1.0,1.1700333844140454,3.736857211194473,3.001303333910258,8.621371153383874,51.97631310001795,24.915537112060264,0.0,1.071,1.0,12.03,6.786000000000002,0
-0.5512999999999998,0.3039316899999997,0.0,1617.4537219999986,36.66265230303027,28.6921468,242.74521879356763,145.23612261035672,121.5543981475766,7.513361142857144,1.1890612335587702,1.1656470082149704,1.050391266949667,0.886542005020416,164.05430331424952,149.1090793294619,3.193121693121693,1.280603809523808,-0.1089481904761882,14.145502645502637,34.34836063038547,1.40992222046052,0.6735953640715542,-0.4907892895727846,0.7722032145568161,0.3917657575808775,15.994917144230566,4.899331428388155,2.745482735257714,3.110303720674696,0.2377910536754185,0.2532628191458042,2.1682900000000007,9.007734315948602,1.6390306122448983,0.0,0.7670861678004538,1.824398148148148,0.7670861678004538,1.859953703703704,0.8719444444444446,0.0,2.2333333333333334,5.467270408163265,3.7120830612244897,0.8995804988662129,1.0,1.4373770511116046,2.9549403716671563,1.4099828797350868,13.13167633191568,24.027092082285368,19.698804230701462,0.0,0.562,0.0,35.25,1.745,0
0.9113999999999998,0.8306499599999996,2.0,4726.270829000005,81.32405237777782,66.22935359090907,268.14589640285857,180.77454212190025,149.49981198284766,8.252289520000003,1.648406989519296,1.3433142077454896,1.0995414872246827,1.405726370751567,164.8010911164516,151.51180267181607,4.649312604785855,3.073702000000001,0.0537519999999999,37.527440938881234,89.77671111040004,1.404500144361839,1.5010976375552494,-0.5059956844296865,0.6366994609726024,2.105901049717488,34.96985386677741,4.65292119063134,2.878001560697263,3.3958394685232567,1.129202322342197,0.9185216400905004,3.21658,9.455060774824334,3.658119164847009,1.718164084735403,-0.259440315220738,1.9318827160493828,0.8374382716049383,2.083587000643879,1.4382224829232106,0.8840292688863383,2.2905349794238683,11.45309586797682,4.415198797553143,1.9261069818874048,2.0,1.933911951300548,2.709944238474177,1.1607820003461553,25.838677767498023,34.29909340452751,26.133472633311086,0.0,0.3779999999999999,0.0,41.57000000000001,1.925,0
1.4656999999999991,2.148276489999998,0.0,1566.5378579999986,28.66429990384612,14.44884976923076,248.11354675095265,128.03283515519365,102.39738329843144,7.356269454545456,1.5033341629268298,1.0549214440584047,0.9821172445844112,0.470002003459919,161.16419613197675,143.8193106710478,3.595959595959596,1.0688923636363628,-0.1010356363636341,24.484848484848484,32.88228768595039,1.323268696546239,1.1129476584022038,-0.5991810101712588,0.5125434840781374,0.2492655790986724,15.99491689148276,5.301525728484184,3.030937363306686,3.0735619977571376,0.76079436744684,1.0550871569188185,1.9015600000000004,7.48462962962963,3.535555555555556,0.0,0.4218518518518521,1.974537037037037,0.4218518518518521,1.974537037037037,1.2016666666666669,0.0,2.2666666666666666,9.33074074074074,4.41564425925926,1.2448148148148146,0.0,1.2072100267448116,3.2522215918924857,1.9108681826048977,10.053212956902389,26.30219365132458,23.73231594701003,0.0,0.421,0.0,20.23,2.591,0
1.2840000000000005,1.6486560000000006,0.0,1743.3622199999984,33.72601817857139,23.53628583673464,275.3023647675003,154.93794019895125,116.69521640197792,7.129490000000001,1.6430293602909387,1.293262932294464,1.032005016772022,1.0420893149568573,155.85600405712452,139.43188806899204,2.2962962962962963,0.1422959999999997,0.0059290000000017,5.0370370370370345,30.26650224999999,1.3667281721122484,0.2098765432098764,-0.3173175001528069,0.6764705882352944,-1.7763568394002505e-14,12.110197633080844,6.405098637571839,2.980699182522822,3.0114349520112857,0.9716878364870322,1.006178662898207,2.895840000000001,18.357592592592592,2.7383333333333333,0.0,1.3338888888888891,2.080462962962963,1.3691666666666666,2.2407407407407405,1.3691666666666669,0.0,1.888888888888889,2.2407407407407405,7.172717407407407,0.3327777777777777,0.0,1.0,3.584962500721157,2.188721875540868,6.503912516,34.75488750216347,26.30225625468752,0.0,0.189,1.0,0.0,6.584000000000001,0
-0.8338,0.69522244,0.0,2190.1777399999987,46.55553184848487,45.53865849999996,246.2686103022518,129.51006599730718,103.5674539980498,8.098023333333336,1.1189878802751188,0.9176985293830616,0.7051351571642916,0.5546003495814548,165.63215900920787,147.05509137088754,8.337962962962962,3.449837333333332,-0.4146533333333331,95.94444444444449,39.78873847222221,1.2200166544178053,3.9976851851851865,-0.6926144556457298,0.3162999420961204,0.9970623163947891,15.999285834554785,4.284156249999999,3.037160489675653,4.3669544516122905,0.7882124249299863,1.0498417930516066,1.1958900000000003,-1.9405555555555547,0.0,0.0,-0.9702777777777774,0.0,0.0,0.0,0.0,0.0,3.1666666666666665,10.60587962962963,0.9960726851851844,2.636944444444444,4.0,1.4591479170272448,3.125814583693912,2.1341367062030687,13.734804934707388,32.92981211401102,28.541354172676307,0.0,0.759,0.0,74.6,0.6739999999999998,0
0.6420000000000001,0.4121640000000001,0.0,2176.154582999998,42.893482000000034,40.941109679999954,295.7457491787873,174.93969810249274,167.09413815714024,7.175159555555558,1.7013714452359976,1.396506540828701,1.34170751026074,1.3311495607781634,152.62693206077736,137.6887802098207,2.440329218106996,0.1581066666666664,0.0093692839506189,5.637860082304527,29.89284172839505,1.3498549848022208,0.2088096326779454,-0.1957571097992656,0.7259124087591239,1.4210854715202004e-14,12.110264591747018,6.17229455714169,3.15410444861436,3.1718598432401235,0.9171294582887612,1.214743392042588,4.021020000000003,26.199771352985632,1.3173899281934998,0.0,1.3137528344671203,2.0856712962962964,1.3173899281934998,2.261574074074074,1.3173899281934998,0.0,1.888888888888889,2.261574074074074,8.809648489701436,0.3529138321995464,0.0,0.991076059838222,3.763811442325247,2.5856865751157447,6.177348133484644,46.24929307983449,29.51077918373404,0.0,0.253,1.0,0.0,8.137000000000002,0
0.0693999999999999,0.0048163599999999,0.0,1550.5693219999991,55.84228029999999,59.91651411111111,320.6501744100587,172.9500223727693,163.95220583086615,7.685803999999997,1.6448823011879208,1.2828634744848997,1.1428905566331111,1.837,155.46468445978547,139.5829780022572,7.861111111111112,0.4906719999999998,-2.480654570646834e-16,35.38095238095239,26.98800281632653,1.803209700222244,2.527210884353742,-0.2469133913745643,0.4113167339614175,0.2850003569643853,14.004082173133227,4.184500000000001,2.6687154780901023,3.5299136308838546,0.2669856889798683,0.2378468970028802,1.49617,11.596772486772489,1.1648148148148154,0.0,0.5824074074074077,1.6235648148148147,0.5824074074074077,1.9688492063492065,0.5824074074074077,0.0,2.833333333333333,8.368280423280424,2.666958783068784,1.084259259259259,2.0,1.3787834934861756,2.428571428571428,1.5714285714285712,11.672518577274,29.69876609620212,29.69876609620212,0.0,0.377,0.0,47.58,1.4920000000000002,0
2.157800000000001,4.656100840000003,0.0,1314.6341129999985,13.213401267441805,7.317782181818194,225.8975191068905,83.08086006790272,78.6137853056965,7.014402720000001,1.248735631845387,0.8142568307825471,0.8246875668666142,0.4446129048490003,163.9932654879194,143.64439872865603,1.7536111111111112,0.1366041599999999,2.2464669013899648e-15,3.940000000000001,27.893608473599983,1.2595766834186484,0.1576,-0.1492672917364711,0.6697687535250983,-1.7763568394002505e-14,12.100148700936506,6.239117218968276,2.923468260790992,2.992431755675357,1.2395324533392011,2.000478695154837,2.9248900000000013,4.638310185185185,0.0,0.0,2.3136574074074074,0.0,0.0,2.3246527777777777,0.0,0.0,1.7314814814814814,2.3402777777777777,6.046571759259258,0.6863425925925926,0.0,0.9426831892554924,3.701173000519232,2.482314256438797,6.782675140036413,21.70460118198936,17.089085704802574,0.4999999999999999,0.1619999999999999,0.0,0.0,4.516000000000001,0
0.926,0.8574760000000001,1.0,2529.631795999999,52.387465499999976,41.33585366666668,281.2360656893139,136.8736507749731,86.61968806018142,7.827512562499998,1.5804649317534143,1.1512867580087502,0.8710235507578336,0.69686186363675,158.47467315119647,143.17767425672193,4.321511583600062,1.5023869375000003,-0.1715552499999996,22.4075502972108,78.68938285937502,1.2906549210083076,1.4004718935756746,-0.5675454074943042,0.5588985888009591,0.910450346376546,34.96937978529584,5.030808522516107,2.7634139861140863,2.9832271389662184,0.5627372244759131,0.5924502217147406,2.49892,8.47565157750343,2.731481481481482,0.8907716049382717,0.4017283950617287,1.753858024691358,0.4017283950617287,2.026406035665295,1.3490432098765432,0.8907716049382717,2.2606310013717423,9.0618792866941,3.365576704389575,1.264938271604938,0.0,1.543564443199596,2.456435556800404,0.8915414066556502,19.528193668378425,23.367668746754795,20.60845859334435,0.0,0.372,0.0,20.23,2.0410000000000004,0
1.4886,2.21592996,2.0,4252.702964000004,86.03230445000003,91.3039877647059,319.46106388800274,214.63091095747367,214.09576968582965,7.653870636363639,1.8145820169433904,1.7017523122273497,1.7070033896792358,1.6669077964070007,151.6905611321724,137.62373126309566,2.4878552327112,1.2502883636363644,0.0001055289256197,4.152914605589503,90.47033056198352,1.2420451161987758,0.1887688457086137,-0.407025109351975,0.9942707638240136,1.322369534555694,34.9701557651052,6.306659078834789,2.955835438719388,2.90843533638278,0.779208594668752,0.9959731187949148,4.708800000000001,23.450866472103243,5.705977576215672,1.90715821925478,1.3667901234567903,2.1584152179390275,1.3667901234567903,2.307914951989026,1.4861986646510457,0.95357910962739,1.8112874779541448,2.307914951989026,7.032414868424736,0.392099902718289,0.0,1.3221793455166668,3.1372522731206303,2.454545454545454,17.25613981724032,47.95997422324707,42.934393726241126,0.0,0.197,1.0,0.0,5.3740000000000006,0
1.0282999999999998,1.0574008899999996,2.0,4218.110595000002,142.08579375000008,96.36754218518524,327.05519747575687,235.0224066171432,177.47902413166975,8.064153157894738,1.9316714133636748,1.8132212197693889,1.4461148600517044,1.158745128956857,152.5905060253576,139.54585344218253,4.184768047232852,1.920201789473684,-0.2029844099722996,22.10900135569836,96.26264835457069,1.239688714573578,1.1636316502999136,-0.4489757445639372,0.6267496030427253,1.5716351136543842,34.97015569706038,5.861024966814607,2.991980471619594,3.324514245270552,1.081590679200892,1.513886945602232,4.222790000000001,15.582208084880042,3.0664368998628264,1.6007274432406706,0.5027640603566532,1.981721536351166,0.5027640603566532,2.1569787379972563,1.4182716049382718,0.8633984910836762,2.078822412155746,9.841755829903978,4.925861611726996,1.1639026063100135,0.0,1.5779772001172403,2.669950313326345,1.5378568920459794,21.90913853605537,40.92254750044467,25.565857979643702,0.0,0.291,0.0,20.23,3.479,0
0.4304000000000001,0.1852441600000001,0.0,2291.9227189999983,35.52057275,44.01938946938774,261.57754658032985,138.03263894429216,165.97914796476735,7.303689161290326,1.3459730568026833,1.1012138774732485,1.3026897487620213,1.2683190343650443,158.68563559517693,141.6177626717625,2.471326164874552,1.1258188387096764,0.0480951342351739,10.317204301075275,32.19263821852236,1.3552761540465752,0.3328130419701701,-0.3214815362701235,0.9758633758112653,0.2492655790986617,15.994918150028246,5.673331523236995,3.309203975018625,3.3373632495924,0.6665379137309917,0.7335623067067306,4.375390000000003,18.00787307361216,0.9605555555555558,0.0,0.9605555555555558,2.032453703703704,0.9605555555555558,2.112657785336357,0.9605555555555558,0.0,1.955555555555556,5.675519652305367,7.852154825916477,0.767157134458722,0.0,1.1702295713931186,3.783966738993757,2.3171707716705576,9.267674421531408,38.69364836097028,20.57701876689088,0.0,0.422,1.0,9.23,5.517,0
-0.5031999999999992,0.2532102399999992,2.0,14232.26092199999,48.31561186111109,52.09471944444447,232.1935035770436,117.10399396498804,117.85220984958744,7.203073812500005,1.1047365073402942,1.117529558821776,1.1339777678693963,1.1559087132662234,163.91963569578064,144.1823878499355,1.3989894118655692,0.779466875,-0.0044472226562481,1.6861175411522615,356.82181974609404,1.1981521564333586,0.0526911731610081,-0.1118778820573788,1.439514411923604,1.6993642370844668,78.91943349847186,6.39589056050447,3.2598650158555422,3.218766544387332,0.0,0.0,4.897000000000002,0.0,0.0,0.0,0.0,0.0,0.0,0.0,0.0,0.0,1.4274691358024694,1.6123928680746862,8.70527572072385,0.24284734367494,0.0,1.198192411043098,3.801807588956902,3.576205059304601,26.44946506884017,52.975898813907975,53.8676687467548,0.0,0.0489999999999999,1.0,0.0,6.123999999999999,0
-2.6832000000000003,7.1995622400000014,0.0,2137.7864459999983,34.862961812500004,35.10027403846149,253.2423114387433,148.51637312485892,134.05814199604237,7.319570000000003,1.528313081713723,1.230693775587249,1.1052237099419242,1.1936474346703538,161.88784025141027,147.1315458679518,2.412698412698413,0.6767320000000001,0.0826650000000012,6.539682539682541,32.09946163775511,1.5308423964612288,0.2335600907029479,-0.1339571235768262,0.8888046116504851,0.2850003569643569,14.009283481061765,5.82288820094581,3.0338434296170367,3.115554219551857,0.9292312334115675,0.9542720196164292,3.4515800000000025,19.21981481481481,2.5068518518518523,0.0,1.2534259259259262,2.0578703703703702,1.2534259259259262,2.1203703703703702,1.2534259259259262,0.0,1.9523809523809523,2.1203703703703702,7.246066296296297,0.4132407407407406,0.0,1.2958363892911635,3.51151853276644,2.1967776787259607,10.598693019861509,36.57314147468703,35.65045013519262,0.0,0.995,0.0,7.76,2.222,0
0.3845000000000001,0.1478402500000001,1.0,6166.509091000008,101.81289598837208,105.75131818918912,307.0075462991641,208.51863305811224,202.45805051131603,8.162063526315785,1.752151127251803,1.501547896720267,1.3958820211147287,1.6540030246821174,157.8738956234799,142.87101646931757,6.872055216630967,4.26739831578947,0.2073435096952903,101.02016425809616,63.94793333587258,1.5759320748205006,2.6584253752130573,-0.4615918525207207,0.408674391986529,2.568606143069843,34.96938081914324,5.535572516609732,3.592625592369848,3.849469442360435,1.8389572051800207,2.043599170474965,5.300500000000002,17.335112594710868,1.997523217347721,0.463559370429727,-0.1312563513059541,1.4877300992413427,-0.1312563513059541,1.881205817238866,0.9085646235078058,0.463559370429727,2.6001234567901235,11.778695007983128,5.986940172491619,6.365006316312535,5.0,1.8902279177306915,3.357699595712894,1.6514444079516697,24.607369688799345,50.79979911065666,28.61283369466643,0.0,1.5880000000000003,0.0,107.7,4.807,0
-1.1781,1.3879196100000004,1.0,6532.148844000008,119.13676545121956,111.386746108108,311.9826859009674,218.6131303994724,197.33986484874728,8.537416270270267,1.6960010580069231,1.4721939905920358,1.315657934076229,1.4147605941191572,158.74272824753345,144.93875184752306,8.808537189452824,5.3404867567567536,-0.5179384733382036,127.55623833710249,62.70027735865602,1.5780062435985185,3.44746590100277,-0.4790891473624495,0.5052202590056852,3.067137301267252,34.969380881771826,5.352604214418922,3.5592370539058007,4.155444258386568,1.5825375803391275,2.005658096198288,4.683680000000003,10.398517153102524,-0.7591740767766624,0.2771295131294928,-0.6581933421516746,1.2357295241924269,-0.6581933421516746,1.5997550771405389,0.6284235100784528,0.2771295131294928,2.8719135802469133,11.490782660128222,3.297738576366473,6.527911697817753,5.0,1.978006803214431,3.2314465624145194,1.7516957814360374,26.219004246123145,55.74807731999129,29.828671181273297,0.0,2.043,0.0,148.16,3.423,0
1.9247,3.70447009,3.0,6018.293274000002,197.4103518421053,197.48588092857148,343.8663181135741,280.29719414979155,302.12981168878616,8.500400863636365,1.9439038141818503,1.9541664381499468,2.2298745368874644,2.1924858575000004,150.97733582986118,139.10735573214583,3.380772748056699,2.886726954545455,-0.2236781776859503,9.760215321943718,102.75764799173558,1.187769681951993,0.4436461509974417,-0.2945963107536801,0.9732984983844694,2.4820854600309303,34.97105840490492,6.783822797418395,2.931126163246568,3.113869253197407,1.5085525110263491,1.839009420347776,6.546379999999999,18.13154371533708,7.915686763388484,2.529786874512036,0.8413621539150642,1.9652685220178605,0.8413621539150642,2.316716392318244,1.5033175687970664,0.9007402702736328,1.923747276688454,6.038101851851852,5.414323151785521,0.8253045127516025,0.0,1.6692462556711996,2.7901853629660978,1.9422298160545708,24.950544948480115,59.81297596592972,41.21276000286317,0.0,0.2790000000000001,0.0,18.46,4.064,0
2.1811,4.757197209999999,3.0,5041.004668000002,211.53152395454543,120.9871321666667,319.1394512548848,257.69718037391186,175.04341731322177,8.4971576875,2.225482329032654,2.0647658493636367,1.6492632964444445,1.0148842174547,156.37989512527784,141.9452340125938,2.862104195244628,2.1995154375,-0.1319437500000005,6.091999599908552,140.38361535937503,1.1668330709222452,0.3807499749942845,-0.2133927113497484,1.486461237150882,2.232819880932265,34.970853754141366,5.265151863507177,2.864932190607817,2.756259607954697,1.1980527758600166,1.4302800243944118,4.15619,10.204084362139918,5.707090192043896,2.847524005486968,1.204818244170096,2.2242609739369,1.204818244170096,2.272733196159122,1.5471313443072705,0.9789197530864197,1.836700336700337,5.364537037037037,4.132434350137173,0.4618484224965707,0.0,1.7489992230622806,2.2510007769377194,1.1415414066556506,26.623195685711,42.85300624026439,30.759210153410447,0.0,0.288,0.0,9.23,2.64,0
-0.0987,0.00974169,0.0,4595.241074432652,104.0330669111304,103.61047498063644,292.24919900389733,203.58876220814545,223.72011660469863,7.795745710526314,1.5835011804383052,1.632395927017216,1.578511767804454,1.655111988454545,155.46944737762723,140.25999213941256,4.452118629621608,3.675633815789472,-0.8956544903047077,48.16917876968365,47.19907008135167,1.4346091987669698,1.267609967623254,-0.9977647660054292,0.5065419685370305,1.60928249165147,30.973762847969788,4.113382845513061,3.749236636667888,3.78793257491259,0.5782001506150103,0.8638600709434623,5.553170000000002,28.082493176282856,1.3804301041404226,0.0,0.4601433680468074,1.720702160493827,0.4601433680468074,1.8548811273480583,0.4601433680468076,0.0,2.2961621041331184,13.178190350214162,8.260002879398671,5.69389403292181,1.0,1.5199799092307065,3.727947604212879,3.334644549278486,16.407127635330685,70.90444921059103,56.7141338585749,0.0,1.992,1.0,54.57000000000001,6.939000000000001,0
0.9817999999999986,0.9639312399999972,0.0,989.4813740000002,5.452473600000001,1.016064,191.34406504975624,64.54489320676574,31.08374443093024,7.315325777777776,1.108001284363637,0.7121854669093993,0.4446129048490003,0.0,168.80193836352714,148.5023704502824,2.3229166666666665,1.0599671111111106,0.0446906172839517,7.78125,30.98840195061728,1.098192283434653,0.4322916666666667,-0.2916211599957916,0.9382044306257288,0.2492655790986955,15.994915886916363,4.654370950935503,2.4575399160416938,2.5638213695331387,0.6123724356957946,0.2041241452319315,1.4313,0.0,0.0,0.0,0.0,0.0,0.0,0.0,0.0,0.0,2.125,4.9375,3.3672083333333336,1.2083333333333337,1.0,1.134969974603941,3.034955026838371,2.65413541726763,10.258438165292633,17.067837509535288,5.792481250360578,0.0,0.347,0.0,9.23,1.32,0
0.9231,0.8521136099999999,3.0,5858.349105000004,175.18731805882348,133.71235814814816,320.0493101596845,236.658741055728,241.0292402201861,8.49954204761905,1.8642738803828152,1.7752855389572657,1.7472550764647037,2.139378865220409,162.62742855342597,150.82828545022272,3.503402138175801,2.0253532380952377,-0.3879345827664395,8.836958651773465,106.83835355102045,1.7312446772762344,0.4208075548463554,-0.9238859093556347,0.7250865456874993,2.5535550157623206,34.97105826961974,6.118574218750002,2.8420134864021214,3.065782080282092,0.7738420631448292,0.9729649447993044,4.58068,13.376290903421268,5.076467519106409,2.209239771811788,0.7045370370370371,2.028998960695389,0.7045370370370371,2.138028453150808,1.355304232804233,0.8332599171355785,1.9918981481481484,4.354125584390134,4.175177305677643,0.9621296296296296,4.0,1.8735625185129936,2.518754904265766,1.3099892859203313,27.188593625612675,50.94971836450484,37.06603137064475,0.0,1.561,0.0,50.7,3.318,0
-0.6105000000000006,0.3727102500000007,1.0,2557.922607582413,20.4845327087448,12.107088,205.3699321760324,89.16438945547857,114.73661637051868,7.945897380952382,1.634282077777779,0.669557933297966,1.1135443100000006,0.4446129048490003,178.4592993842661,156.12244255096505,7.099865456775608,3.0907009523809523,-0.7598056689342396,75.5061274776638,67.94060818889665,2.178982198593677,3.595529879888752,-0.9614145033882744,0.5385914764609729,1.514275084237264,30.97376210981504,3.260484614658192,2.7494524485301945,3.149299838245464,1.3478199580160437,1.0419113118179255,-0.1545999999999999,0.0,0.0,0.0,0.0,0.0,0.0,0.0,0.0,0.0,3.034636488340192,12.866512345679013,4.354860339506173,5.188614540466392,3.0,1.867576946176195,2.524740476602566,2.524740476602566,24.254733456500468,27.688601272846743,16.47245625538362,0.0,0.244,0.0,33.36000000000001,-0.2810000000000001,0
2.552,6.512703999999998,4.0,8303.855437999999,184.6433435,209.03816380000004,359.3382554319893,258.8377022790386,267.7826417708481,8.581870280000002,2.3239966727721844,1.97451760222496,1.9906406355136728,2.0090357355793524,151.2763310119278,136.1471186646308,6.080603947568967,3.315414559999999,0.3072586976000004,60.977585733882,129.33332560960008,1.2815531295780886,2.43910342935528,-0.219769470803083,0.6320858375043669,3.768628929741752,34.97200962716367,6.247584279395868,3.494355684127249,3.766264761922397,2.174839825514545,2.4966811479281086,5.64689,18.085239870182185,6.37545148123264,2.9842691546211526,0.5833683267545704,1.8144609088491364,0.5833683267545704,2.1584055403139764,1.4188654083032393,0.8344932291618063,2.195094217024041,12.848655552756082,5.692487655011135,5.384104080932784,2.0,1.9026831892554923,2.741173000519232,2.0407820003461548,31.99124905362701,70.80551732569513,49.23074815647184,0.0,0.6589999999999999,0.0,42.52,4.178,0
1.0107000000000017,1.0215144900000035,0.0,3340.4484689999977,27.59872386597949,23.998528830688016,220.04358334925536,119.5138804486574,107.67884327021171,7.281796357142852,1.1644490326953387,1.0124571259249,0.9420847286979926,0.8443052876256799,166.72426544435206,146.76408427458773,1.9719742063492065,2.505194214285719,0.1545037461734608,16.136904761904738,31.43143462213016,1.2339108253402458,0.2881590136054417,-0.380425740338813,1.015881979785188,0.6410313366795037,15.99592470870144,5.342999947260591,3.3958152027019057,3.565145358363369,3.0373063402705363,3.8592141793773895,4.066300000000005,0.0,0.0,0.0,0.0,0.0,0.0,0.0,0.0,0.0,1.7936507936507935,6.365643424036282,10.25950239550538,1.5019417280801206,3.0,1.2255057145748285,4.581849207482776,3.741054893644839,10.94125662508628,44.16040736228922,27.227742628893985,1.6329931618554518,1.517,0.0,21.700000000000003,4.863999999999999,0
1.5233,2.32044289,2.0,3722.498088,232.1961049375,46.6750795,350.2946429390422,253.0588515115361,143.33359590288254,8.253222307692306,2.17129604998687,2.013253245928063,1.2207843983333333,0.7334723000000001,153.06710516511905,138.66348232128468,5.323464410912971,1.1743389230769232,-6.800116025829084e-16,20.389305101239263,111.27646792899412,1.4234364531040815,1.5684080847107125,-0.1099095615393458,0.4113973827738951,1.4648697130378974,34.970155428626704,4.62959065942598,2.838825737686162,2.7054188992747608,0.758165382604513,0.971701959604253,2.93129,11.866519204389576,3.4779663923182444,1.6232338820301782,0.953275034293553,2.045586419753086,0.953275034293553,2.245308641975309,1.2623456790123455,0.8116169410150891,2.219135802469136,8.701604938271606,3.311419667352538,0.7133916323731138,1.0,1.6691803368667308,2.0312593812743613,1.0392134618713027,24.776561854576887,34.77106718547056,33.89765195894558,0.0,0.1999999999999999,0.0,23.79,2.3360000000000003,0
1.2712000000000006,1.6159494400000014,1.0,4576.102113000009,36.73128377070068,41.01396044000014,258.2792280698421,135.16454267162777,133.01562058804365,7.546073386363633,1.4197425558528591,1.1036947619159838,1.0527492283715498,1.273268132124834,163.88689318438358,146.92091092545766,3.0288451213091125,2.4760042499999955,0.0860181250000006,32.72618243477297,51.164950972623984,1.452548303217126,0.7437768735175676,-0.4556242461425467,0.7658797449804822,1.3379508818229908,34.96885361717771,6.017464791876012,3.498195152776877,3.899574364654224,3.656588600747821,4.814178250870962,3.3415000000000035,14.856724099221616,2.757988579557168,0.9056153062479304,1.322761085915848,1.532610035656272,1.322761085915848,2.218016975308642,1.4352274936413196,0.9056153062479304,2.0232884399551065,11.485980688686084,7.935264888770184,1.998123385928445,4.0,1.542403177422757,3.9170284412145406,1.9571166804194244,16.887509481820825,35.235531022558966,26.4745543499111,1.8948485120271368,0.857,0.0,50.94,3.781,0
1.4198999999999995,2.01611601,0.0,2901.914680999999,48.53052554216869,60.47392593548389,225.0748291204189,142.02770990380932,174.96160170535197,7.753942971428573,1.4041081824590158,1.0164080144250836,1.2523664087361452,1.2332814975624995,169.68909932204235,153.14275802106292,4.0896825396825385,2.8586635428571383,-0.0858930285714267,44.2428571428571,36.55870461551022,1.425377809850444,1.26408163265306,-0.8618535384099734,0.4169746110333781,1.0685318721260728,15.99592423965392,4.566180397456666,3.173407407071298,3.321937383479125,1.235457862627395,0.9257205645894062,1.6776200000000003,1.945850340136055,2.394085411942555,0.0,-0.4482350718065004,0.0,0.305462962962963,0.7965334467120183,0.7965334467120183,0.0,2.401960784313726,11.486593915343914,5.121949247921391,2.114901738473167,5.0,1.6117859360600553,3.517497080884911,2.544532857884618,15.577066862666568,33.64379505098979,25.323222020879108,0.0,1.3469999999999998,0.0,58.56,1.231,0
3.012799999999999,9.076963839999994,0.0,5581.962669432652,121.1622792032246,64.39141163870589,249.8969966510396,204.3597789689712,170.22114196698917,7.541923466666671,1.8793162369270968,2.117051938722368,1.715894308727333,1.399684282494113,161.13410791345447,142.8629124852104,2.1705916907991663,2.2336906666666656,-0.4965557777777767,14.66621100696032,110.74341199073623,1.702700713455097,0.4888737002320106,-0.6252745878062127,1.3490572202591424,2.9868274407529185,31.974075431022563,5.297035156250006,3.111706990094636,3.2208148972042165,3.292035844276304,5.677506311992911,3.3983000000000003,0.0,0.0,0.0,0.0,0.0,0.0,0.0,0.0,0.0,1.6849477682811016,6.035704837490552,5.296252058400522,2.6469607338820302,2.0,1.7104492536811031,3.196441341927416,2.608058526780641,26.1997552870268,33.43338020527157,30.04205081525025,0.0,2.104,0.0,110.96,3.809,0
1.7811,3.17231721,1.0,4395.213495000007,47.99366190265496,61.546026659340725,254.09673131117057,133.28047152489967,165.87648750436878,7.78640897368421,1.3571465804988023,1.002261663511582,1.1724505253008342,1.3951656673229187,165.16897130390478,149.19452789998596,3.598275345141546,3.1765350789473707,-0.0443201599722995,35.2641117468454,55.083098698753496,1.448727770236081,0.928002940706458,-0.4927007036314521,0.9097692482121602,1.5872164609217023,34.96885353913285,6.043134414458505,3.4563630115926243,3.860450476646743,1.7951749311863678,1.729765816668844,3.535690000000004,12.970704831172297,2.041999099794239,0.8282793112672595,0.7200617283950619,1.4379732510288066,0.7200617283950619,2.0421481936395955,1.321937371399177,0.8282793112672595,2.2047839506172844,10.52764735535275,5.843201024279309,2.040236363063745,4.0,1.692229975629597,3.555697537813988,1.7452213239868597,19.33828600297862,35.0243385397682,29.84323509920414,1.4622208914180497,1.003,0.0,60.17,2.9439999999999995,0
-0.3739999999999996,0.1398759999999997,0.0,3955.30457,69.06207925000008,28.93200280851059,285.9004887209678,147.27811791482665,77.65641430037778,8.332831727272731,1.627723377065308,1.157264359285714,0.6268584241240209,0.4446129048490001,162.10942792694047,139.51648730104552,10.193891071205885,3.336776363636364,0.621682727272726,115.21171592467896,88.44337168595048,1.5823132401584283,5.236896178394499,-0.3498855118155973,0.5479865748656956,2.2477797212606294,31.97307210313798,7.436687499999999,3.102671504513792,4.064516129032258,1.9943147010559708,2.3061195863965414,2.16879,0.4164094650205769,0.0,0.0,0.2082047325102884,0.0,0.0,0.2082047325102884,0.0,0.0,3.248456790123457,11.329305555555557,1.1204372942386829,5.072461419753086,4.0,1.7899290753099992,2.6695025433272983,2.237240043130619,23.86317288267987,40.86546816796546,40.55098824833748,0.0,1.421,0.0,85.03999999999999,-0.5819999999999999,0
0.8531000000000002,0.7277796100000004,2.0,4734.110853000004,102.07061951162795,75.46565411111115,282.4482047090407,182.1873185114285,173.09395415222446,8.271847920000004,1.3821809788777106,1.3895299472544889,1.3255930841179175,1.3751316586300617,160.39171176735164,144.39394131041,5.629312604785855,3.4942274399999977,-0.3317468799999999,54.77015698826398,90.09350040959998,1.2516298339346394,2.190806279530559,-0.5344228335389765,0.4414527788107791,2.070166271851768,34.97015590574428,3.711695002874216,2.9394432011390577,3.872752870441733,0.6689051062867268,0.8353187114052074,3.971680000000001,9.154589168486323,3.634399626620196,1.6799159754212762,-0.761725560594608,2.003847474174856,0.9377536673105458,2.19354856037065,1.403906761778786,0.8905177533981279,2.423868312757201,10.280156129447022,3.828816895333724,2.428392227261275,2.0,1.7161182137782962,2.927737975996428,1.1607820003461558,22.94309057482728,34.29909340452751,25.68012014828439,0.0,0.5979999999999999,0.0,46.53,2.442,0
1.1886,1.4127699600000003,4.0,5734.727044449315,94.96093758715294,121.84433706376002,291.02704631571777,204.92848537376432,224.0919413874041,8.87699911428571,1.390251757346356,1.331946538138176,1.5066904697323826,1.345328498242491,170.51074362781824,148.51917429317083,10.60907989853463,7.65719274285714,-0.7244780497959208,160.352220371459,57.05116859561042,3.1930424209054302,4.581492010613114,-0.5688183436173326,0.4005388072714204,2.9041141809073565,34.96885378098987,3.5729590454101543,3.343899328077777,4.514106583072099,1.1106675002250688,1.0818225641785892,5.292370000000002,7.138456423794153,0.4191452907853994,0.1350558165955522,-1.091901902876449,0.7289045122946638,-0.8074788446312755,1.520847658765152,0.403997795718124,0.1350558165955522,3.122042181069959,12.613546261748317,6.891482769057641,5.686018440360869,3.0,2.003226038622066,3.1260569783229,1.1964086565979213,25.484381592327388,42.50099360468133,35.259135764213326,1.3819913816834062,1.103,0.0,68.65,4.462,0
3.0128999999999984,9.07756640999999,1.0,5699.3260980000105,50.13085040384626,51.30972127350429,260.894979353852,141.24298652394495,154.00611627853291,7.465425836734688,1.6291662986930289,1.1817737003265427,1.29367368364166,1.381844812841829,161.53989209705563,144.3691832312501,3.112139528879682,2.3697699999999986,0.2363120408163261,42.76274577046186,60.84615334360688,1.480903802993876,0.8727090973563645,-0.3260679615283315,0.5012086832243757,1.8208094057737008,28.29989207783299,5.196673625388709,3.477577814814912,3.663571604494916,1.4613632390286997,1.872443094038566,5.257490000000002,16.19114257555507,2.7827809544148447,0.604167046742136,1.069560710086504,2.250668461829176,1.37606631614184,2.2607665658856133,1.406714638273005,0.604167046742136,2.0136316872427984,12.578007717090513,9.05468704661147,1.8870848817922232,3.0,1.5574235686091626,4.057286275506046,2.5215913750308365,18.99976635466857,46.0459123626112,35.21976594079902,2.223412377741856,1.34,1.0,54.73,7.139000000000003,0
-0.2397999999999999,0.0575040399999999,0.0,1527.8812329999992,49.56618604545452,37.63242046153846,281.71826859166725,141.79336170967602,107.85064257606054,7.986521866666664,1.3367094679776304,1.0038946524270906,0.7643720379535386,0.6144612183395999,157.8645984253663,143.00294431471005,7.77037037037037,1.7381797333333326,-0.1938277333333331,46.85925925925928,35.574183848888886,1.366403275569981,3.123950617283952,-0.6843228467322523,0.3938292185209666,0.4985311581973874,15.995918167732842,4.042338688673338,2.665925019264032,3.534695689835478,0.2202181630313957,0.1960792226629553,1.35319,7.747592592592593,0.331018518518519,0.0,-0.8790740740740743,1.5578703703703702,0.331018518518519,1.784166666666667,0.331018518518519,0.0,2.9259259259259256,10.200925925925926,2.6705519444444445,2.545740740740741,2.0,1.4294732983598408,2.477417297248678,1.5479520632582418,12.889704246556304,26.044550993256628,24.656491368832988,0.0,0.4589999999999999,0.0,37.3,2.6660000000000004,0
0.0,0.0,0.0,2080.7741979999987,53.03286733333337,49.13791511764702,304.1554773635757,192.00642781678096,189.1585204649535,7.334544347826089,1.616470526452822,1.461038336202089,1.4658920879145303,1.3972523299767703,153.20980696514096,139.221622685444,2.8309178743961354,0.3758939130434781,0.0215970510396982,6.657004830917873,29.749113931947072,1.4874080046566605,0.2894349926486032,-0.4270446207283344,0.881277213352685,0.1425001784821731,14.003080610330963,6.978492187499996,3.045849650280375,3.11262124527642,0.6384755424999707,0.8609861006800782,3.793190000000002,23.088981481481483,0.0,0.0,1.0612962962962964,2.017962962962963,0.0,2.1782407407407405,0.0,0.0,1.9761904761904765,4.577685185185185,7.061909166666667,0.6053703703703702,1.0,1.191603636543317,3.331958319513696,2.6547239141722447,8.870821947523618,42.100350471724816,30.444815401941604,0.0,0.567,0.0,12.89,4.656000000000001,0
1.9931,3.97244761,3.0,5294.940541000002,286.78076440909086,227.0104327692308,351.17012688942657,284.38604402973294,204.12453365089328,9.057954066666667,2.319754811883296,2.017411262272728,1.5152919324615384,0.8162603853697998,154.5129535838965,141.58231558993006,7.688096326779453,2.478486933333333,-0.354180533333334,45.46538637402834,127.09714006222224,1.1554104741028612,3.031025758268556,-0.4649542206213746,0.3727899189658288,2.482085460030948,34.97105775393335,4.653588212379058,2.8859696165388526,3.765226415042184,1.312517890725185,1.6048536265180453,3.31339,7.454084362139918,4.1103772290809335,2.109502743484225,-0.7312037037037034,1.978844307270233,0.6261145404663926,2.096066529492455,1.2883813443072705,0.7840775034293552,2.447530864197532,10.86533607681756,2.7911908504801093,2.39787037037037,2.0,1.8294732983598407,2.0774172972486777,0.9006516669551292,29.06384710478384,45.0221253060913,32.84212220740788,0.0,0.376,0.0,37.3,2.321,0
2.983,8.898288999999998,6.0,6037.216890299541,0.0,0.0,402.7363111900405,0.0,0.0,11.9229415,2.686321000000001,0.0,0.0,0.0,191.66679289095,157.60626887514286,17.296051002133822,1.593324,-0.459683999999997,67.07039228014023,105.55670750118196,5.218964822849998,8.383799035017528,-0.4182676318522256,1.1666666666666663,3.3803170149463657,34.97200663233059,5.479500000000001,1.3053892215568863,2.94498295831238,2.834733547569204,0.6428571428571428,3.1882,0.0,0.0,0.8998628257887513,0.0,0.0,0.0,0.0,0.0,0.2249657064471879,2.9853395061728403,12.748028120713307,3.153482853223595,2.506601508916323,0.0,1.5,1.5,1.5,32.98362795,49.0,-0.0,0.0,0.1059999999999999,0.0,0.0,3.608,0
2.7863,7.763467689999999,6.0,5141.453714449312,0.0,0.0,375.85501329183086,0.0,0.0,12.413488375,1.7996220000000005,0.0,0.0,0.0,208.59110939383748,164.77291898242856,25.069694501600367,1.888045875,-0.5529781406249973,83.99372713763145,94.14310128600243,6.624767959898433,10.499215892203932,-0.4211374534291339,1.0897859466191495,3.086921220585981,34.97105734960788,4.456000000000001,1.305389221556886,6.4,1.6738426661837205,0.336734693877551,2.9189,0.0,0.0,-0.8962620027434844,0.0,0.0,0.0,0.0,0.0,0.0,3.81712962962963,12.332133058984912,3.500265089163238,4.170181755829904,0.0,1.561278124459133,1.438721875540867,1.188721875540867,34.63713406187904,45.88984685390618,-0.0,0.0,0.0699999999999999,0.0,0.0,3.471,0
1.9555,3.82398025,3.0,4061.683934,0.0,0.0,307.6734963484043,0.0,0.0,8.932912375,1.9624521677442224,0.0,0.0,0.0,164.10249396293088,146.31717307081428,1.557541723822588,1.293517875,-0.0464941406250004,0.2823073845450389,229.67154150000007,0.8417602480127334,0.0352884230681298,-0.2468652907748157,1.0310663449804005,1.9835543018335715,34.97105678828465,5.5887279469622655,1.3053892215568863,0.9498910675381268,0.5951700641394974,0.0,2.0289,0.0,0.0,3.9717078189300414,0.0,0.0,0.0,0.0,0.0,1.33161865569273,1.3740740740740738,1.6145404663923182,2.5432746913580244,0.0492112482853224,0.0,1.561278124459133,1.438721875540867,1.188721875540867,25.09063052323102,33.15450936039659,-0.0,0.0,0.094,0.0,0.0,2.158,0
1.0282999999999998,1.0574008899999996,2.0,3639.021983,158.57414231250002,16.955568,322.6189390790348,187.5081762480592,84.87332732855329,8.432301384615384,1.817795555204261,1.6418278366780623,0.9074592642830002,0.4446129048489999,155.55437585179203,142.36155330521927,4.919618257066817,1.746633076923077,-0.2620627692307691,20.77961849155264,122.71753710059176,1.2045594914965905,1.5984321916578952,-0.4657183768807549,0.6746844610403213,1.5716351136544038,34.9701553523749,5.57218215328754,2.747549182241184,2.7514196443511074,0.6903535257699558,0.7691512978061121,3.06959,8.84519204389575,2.848336762688615,1.558079561042524,0.5597565157750346,1.990078875171468,0.5597565157750346,2.0166975308641977,1.1442901234567904,0.779039780521262,2.187928669410151,9.288086419753084,2.8410575068587107,1.106910150891632,0.0,1.7381493331928664,1.9622903849482256,1.0392134618713027,25.78616286196544,33.63247034911945,31.189418459695005,0.0,0.1779999999999999,0.0,20.23,2.0250000000000004,0
1.3021000000000005,1.6954644100000011,0.0,1725.093345999999,53.70939912499997,25.63573975,267.51181610908253,146.62564217785123,91.21225674189674,8.042231058823528,1.4059140536950652,1.030763553632657,0.6802624889142918,0.4806749373094,162.5956877185143,148.17228552119417,7.9150326797385615,1.932903058823528,0.7510588235294118,56.901960784313744,36.40053923183391,1.4828399070167124,3.3471741637831616,-0.0966100644020617,0.342513889952438,0.6410313366795695,15.995919164143103,3.7507689269980897,2.866119353854549,3.674999999999998,0.5303086087630229,0.4956966258769322,2.09842,7.537962962962963,0.88425925925926,0.0,0.1828703703703709,1.4953703703703702,0.1828703703703709,1.7800925925925926,0.7013888888888891,0.0,2.9333333333333336,10.227314814814816,2.909509259259259,2.3796296296296293,0.0,1.6578764348499595,2.4295864064003805,1.2208757354213806,16.033199562310543,24.93554810447439,21.536360373947407,0.0,-0.069,0.0,43.14,3.006,0
0.0693999999999999,0.0048163599999999,0.0,1550.5693219999991,71.25418239999996,61.4378667,320.6501744100587,196.3544429959124,149.37566122602564,7.685803999999997,1.6851392725818806,1.3932162444849,1.0489590724849005,0.7334723000000001,155.46468445978547,139.5829780022572,7.861111111111112,0.4906719999999998,-2.480654570646834e-16,35.38095238095239,26.98800281632653,1.803209700222244,2.527210884353742,-0.1419284651913916,0.4296882009869894,0.2850003569643569,14.04998536974714,4.272135462301407,2.98993251071153,3.564137435097259,0.3033851727521601,0.3250895556508564,1.49617,11.436481481481485,0.8703703703703707,0.0,0.4351851851851853,1.6235648148148147,0.4351851851851853,1.9239814814814813,0.4351851851851853,0.0,2.833333333333333,8.448425925925926,2.6637957407407407,1.2314814814814814,2.0,1.3787834934861756,2.428571428571428,1.5714285714285712,11.672518577274,29.69876609620212,29.237420426454914,0.0,0.377,0.0,47.58,1.914,0
2.4947000000000004,6.223528090000002,3.0,14463.873614999997,341.0238577777778,0.0,297.432696094458,140.64305922228652,0.0,8.092128636363636,2.363357269410889,1.7113451554884445,0.0,0.0,159.29659064437683,143.12747191135003,1.3960264510676037,1.0230221818181813,-0.006768801652893,0.4416264843219574,853.3080016859506,1.0668476853766102,0.040147862211087,-0.0494731705966669,1.0359824196051213,2.360549004362354,78.91933723532125,6.093509081089867,2.3289382994746752,1.8676517703207205,1.7563183762942782,1.2625463649368132,2.3836,0.0,0.0,1.3276140260631002,0.0,0.0,0.0,0.0,0.0,1.3276140260631002,1.301440329218107,1.7084619341563787,3.93826434585048,0.1813914609053497,0.0,1.789929075309999,1.6695025433272987,1.2372400431306194,52.943070237072135,44.89437466866141,-0.0,0.0,0.086,0.0,0.0,3.055,0
1.0241999999999998,1.0489856399999995,2.0,4910.935215000004,73.56064543333345,87.4630551923078,305.0217013062847,186.71417797818245,188.50288661668588,8.002445555555559,1.6960067034775506,1.4212681341131992,1.4207693189978063,1.6165900579061252,155.73053987597373,141.75697804869642,4.76068039537785,2.8376086666666653,-0.3921670617283949,42.523297035795096,82.53654069135804,1.2903703762534005,1.5749369272516702,-0.5407876803048026,0.5762359767781275,1.8209006927531133,34.970156060018574,5.469601562499999,3.045394219574882,3.601534150792199,1.060820786505337,1.27507687125849,4.2331,16.41803532546992,4.975077860362253,1.5718200467201051,0.3140690350214161,1.7430944507432602,0.3140690350214161,2.027629895579631,1.275602954144621,0.7859100233600528,2.246550472040668,9.8032358941519,5.185813485025926,1.3525976316452506,0.0,1.5947024175446605,3.1601850846188086,1.6673907410612552,20.80229643364047,46.34185836169881,37.7710972438569,0.0,0.6589999999999999,0.0,40.46,3.3840000000000003,0
1.3021000000000005,1.6954644100000011,0.0,1725.093345999999,45.94830621874996,50.54882066666667,267.51181610908253,132.29165155229043,128.11618957569505,8.042231058823528,1.3918948183773556,0.9669783686762812,0.8663007795220001,0.5101802365951819,162.5956877185143,148.17228552119417,7.9150326797385615,1.932903058823528,0.7510588235294118,56.901960784313744,36.40053923183391,1.4828399070167124,3.3471741637831616,-0.0846082384572439,0.3344138993116708,0.641031336679557,15.995919164143103,3.672175209518104,2.809726797895757,3.675,0.3546378474735959,0.4287908614221598,2.04371,7.585370370370372,1.064074074074075,0.0,0.1527777777777783,1.4791666666666663,0.1527777777777783,1.8263888888888888,0.9112962962962968,0.0,2.9333333333333336,10.158703703703704,2.951682407407408,2.395833333333333,0.0,1.6578764348499595,2.4295864064003805,1.2208757354213806,16.033199562310543,24.93554810447439,17.91514347711977,0.0,-0.069,0.0,43.14,3.217,0
-0.4603,0.21187609,0.0,1127.6491109999993,19.703998312500005,5.383056,269.19443269614305,91.02597153162291,53.51420411995108,7.608122769230767,1.1850391004954786,0.8044602231933752,0.5711273192326666,0.4446129048489999,158.13256419138418,143.45434463197313,4.982905982905982,0.9667403076923076,-0.1387144615384609,21.692307692307686,34.332435940828404,1.3619235134074426,1.6686390532544375,-0.574442668709868,0.6049520965534405,0.2492655790986901,15.994916143235676,4.594184327264657,2.6659250192640367,2.708963957285698,0.086066296582387,0.0745355992499929,1.7627900000000003,9.034444444444444,0.3217592592592597,0.0,0.3217592592592597,1.6388888888888888,0.3217592592592597,1.860833333333333,0.3217592592592597,0.0,2.523809523809524,8.632222222222222,2.6694447222222224,1.344907407407407,0.0,1.3143204867061788,2.3861192314349133,1.78609853452874,11.249831705877549,22.826625372424544,19.988990477803767,0.0,0.433,0.0,20.23,2.044,0
0.8418000000000003,0.7086272400000005,0.0,1981.061346999999,61.10155194444441,49.40560317391301,267.650410565843,142.76285979216777,123.26155063265767,8.337202444444445,1.3959485500257278,0.9714294306331116,0.8213702527432171,0.5829993463333334,163.86544316762465,150.24077284769726,9.407407407407408,2.5965059999999984,0.4638706666666662,71.3333333333333,37.67951690432098,1.445356380274606,3.962962962962961,-0.3825001327732961,0.4161103693813975,0.8902969157782472,15.9969214341106,3.730986998016455,2.8177014009983896,3.769230769230768,0.4970043384393201,0.5309104239186097,1.7493100000000008,4.477407407407409,0.2223148148148159,0.0,-0.2911111111111109,1.3129629629629629,-0.2911111111111109,1.6134259259259258,0.7587962962962966,0.0,3.1818181818181817,10.219537037037036,2.063495648148149,2.608796296296296,0.0,1.7222663119439832,2.447658689498329,0.7924812503605776,17.02772467554328,23.31295000737182,19.13049375653048,0.0,0.1319999999999999,0.0,63.370000000000005,2.901,0
1.0282999999999998,1.0574008899999996,2.0,3639.021983,156.4042963125,103.00890500000004,322.6189390790348,181.6283406464464,110.5638708170226,8.432301384615384,1.808900069167348,1.578765596981125,0.9415586274245,1.45360874,155.55437585179203,142.36155330521927,4.919618257066817,1.746633076923077,-0.2620627692307691,20.77961849155264,122.71753710059176,1.2045594914965905,1.5984321916578952,-0.4922072657984548,0.6205253287001511,1.5716351136544071,34.970155352374896,5.20543346371827,2.730809975968854,2.7586320507229014,0.6008435006533799,0.642969727560662,3.06959,8.892599451303155,3.0086591220850485,1.6959842249657062,0.4744307270233199,1.7947530864197532,0.4744307270233199,2.099108367626886,1.3899382716049384,0.9169444444444445,2.187928669410151,9.102774348422496,2.881697139917696,1.1922359396433468,0.0,1.7381493331928664,1.9622903849482256,1.0392134618713027,25.78616286196544,33.63247034911945,24.910871808097127,0.0,0.2309999999999999,0.0,20.23,2.0250000000000004,0
1.9622000000000008,3.8502288400000015,0.0,2432.209333,72.57939175000003,68.40362309999996,274.3626581315448,166.23743185121697,130.6219554161841,8.78444905263158,1.456152166709972,1.0492427111349008,0.7752411807980993,0.7746771701818183,166.38693018976286,153.96404386249478,12.333333333333332,3.157938105263157,1.28722189473684,97.4385964912281,36.11861247091414,1.530577563244936,5.128347183748847,0.0151333204056802,0.3680950666186531,1.282062673359107,15.997925716951986,3.708178038302093,2.869139782109962,3.769230769230769,0.6974935492474517,0.6896609028048797,2.4275100000000007,3.468148148148148,-0.0813888888888878,0.0,-0.2663888888888885,0.9537037037037036,-0.2663888888888885,1.3574074074074074,0.4125925925925928,0.0,3.4615384615384617,10.379537037037036,1.705830530990174,2.660277777777777,0.0,1.87101912087884,2.3769083925647454,1.1718243424468624,19.25513355326752,32.603589612462834,23.026485210483745,0.0,-0.306,0.0,86.28,2.682,0
0.2177999999999996,0.0474368399999998,0.0,1361.4857209999986,25.39000860975605,15.472290969696967,238.31176669839232,122.01385266618544,97.11994734426088,7.2214434,1.3767478659296228,1.0639986066594402,0.9197746038753328,0.7121854669094002,162.98445418983698,146.80445700359505,2.2888888888888888,0.3839541999999999,0.055820800000002,4.688888888888889,31.36098732749998,1.4411511058541264,0.2344444444444444,-0.1070343595764343,0.941404566996984,0.1425001784821695,14.009100483461314,5.902703128941571,2.665925019264035,2.7022969085442785,0.4933363848295341,0.3957393909147531,1.7526000000000004,11.50925925925926,1.2476851851851851,0.0,1.2476851851851851,2.020833333333333,1.2476851851851851,2.083333333333333,1.2476851851851851,0.0,1.962962962962963,2.083333333333333,5.0777476851851855,0.4189814814814814,1.0,1.219240704636849,3.1026873902505137,2.0364527976600284,9.849353848555811,27.422105045040794,22.84309350585369,0.0,0.461,0.0,3.24,2.606,0
-0.7499,0.5623500100000001,0.0,1647.981834999999,42.07741192499997,22.31526746875,283.65642689378853,162.58773867002236,114.35059023468057,7.3036486,1.5552087460534527,1.299763528977351,1.0170933223012817,0.683637784074389,157.1721245964121,144.07315895347145,3.066666666666667,0.3701557999999999,-0.0937619899999983,10.133333333333333,31.1413674475,1.5176972313881267,0.5066666666666666,-0.6088098850597167,0.6565656565656566,0.1425001784821873,14.00307909581524,6.062774748616514,2.947947071094108,3.203986881532461,0.5322292788290108,0.7070689631084536,3.5302900000000017,17.2437962962963,0.8500925925925928,0.0,0.8500925925925928,1.9189814814814807,0.8500925925925928,2.061203703703704,0.8500925925925928,0.0,2.090909090909092,5.756203703703704,5.153483611111112,0.8165740740740739,1.0,1.234497796794641,3.087430298092722,2.1651484454403227,9.548471846301249,33.43488250854945,18.280869236481863,0.0,0.461,0.0,26.02,3.642,0
0.0,0.0,0.0,2608.9469459999987,58.90620902777784,47.23918157352949,311.2331616115804,219.269535651235,187.48137858907688,7.211695200000004,1.7838211272054425,1.6627895809596362,1.473448907843218,1.31241891384974,150.04367446369963,136.36824395287272,2.555555555555556,0.1707551999999997,0.0113836800000007,6.133333333333333,29.05584216,1.3120590452277583,0.2044444444444444,-0.0970721078212153,0.953435319377348,-3.5527136788005016e-14,12.150236622295472,7.102841796875007,3.351345411447192,3.389085889976692,1.1718481522075892,1.7937230237019384,5.146200000000002,34.0,0.0,0.0,1.3058158541194258,2.092474017384732,0.0,2.236111111111111,0.0,0.0,1.8888888888888888,2.236111111111111,10.444563326719576,0.360850812547241,0.0,0.9709505944546688,3.93594000115385,3.3849625007211563,5.839061167809306,61.134666271404384,43.459224576762665,0.0,0.317,1.0,0.0,9.69,0
2.0147000000000004,4.059016090000002,0.0,6240.194920432652,100.77688197709104,84.26963475542443,253.49164781799627,186.69224010783776,164.26446496184812,7.826816571428575,1.623401144314971,1.8314606042029704,1.6088769299771213,1.3437149279891192,162.9015848327752,142.88912299846768,4.772933677357545,3.9003078857142826,-0.197073774693877,77.19570459642486,101.65888649528648,1.6175813541815618,2.205591559897853,-0.5615635155795381,0.6899410252659414,3.4853585989502776,32.01451488794971,5.286650390624999,3.111706990094632,3.647831011545621,3.8416689461241456,5.518384496640726,3.2032000000000003,0.0,0.0,0.0,0.0,0.0,0.0,0.0,0.0,0.0,2.317515432098765,11.54190414951989,3.886324972372693,4.566375320189803,4.0,1.7731255810137785,3.356157435931188,2.6704431502169026,26.29512600125848,37.88465344877495,32.33833337361654,0.0,2.604,0.0,128.18,2.946,0
-2.4466,5.985851559999999,0.0,5743.512459000016,49.77095672777767,49.87002409770096,229.60369249629613,134.0993848129249,133.55008440349687,7.701785045454536,1.0913056563304528,1.0157170942260865,1.0311874377260726,1.1158569912178364,166.18555615968273,145.63367368058388,5.246119892339028,6.709231166666672,0.3984471388888793,159.03225802261306,46.02858158057842,1.244777562198452,2.409579667009289,-0.5257978875984989,0.4042715754446248,2.370217756123936,31.9728296930528,4.944461667680581,3.582780788661328,5.065918061428628,1.585912214868299,1.5861591986846555,5.466790000000006,-1.827701787249948,0.0,0.0,-1.038394360703163,0.0,0.0,0.0,0.0,0.0,2.6127645502645507,12.223092410785863,6.610984563108556,6.73255489983379,7.0,1.4154351517371395,4.628958967621314,3.587117795882896,15.14514188219171,57.14308884267019,34.070897506793614,0.0,1.7850000000000004,2.0,115.35,5.040000000000001,0
0.4285,0.18361225,1.0,7511.282263000002,162.7917563125,31.892112,302.3536994266421,144.52486115311157,92.44186490004638,7.888391769230767,1.6693053122477397,1.2719848137653122,1.1008292342830002,0.4446129048489999,154.64396560798042,141.90852804944237,4.899183549646513,1.138056,-0.1825079999999998,21.57605254827478,400.67784223668633,1.2921979760382234,1.6596963498672908,-0.5510724581797773,0.5882777532714356,1.098947697640947,78.91851800783027,4.983309765212869,2.6912485831133544,2.721782279351462,0.4329466020977979,0.512354540606081,2.52529,9.172031893004116,1.718171296296297,0.0,0.3964120370370374,1.6971296296296297,0.3964120370370374,2.048076131687243,1.3217592592592595,0.0,2.299768518518519,8.850462962962963,2.8559568132716047,1.270254629629629,0.0,1.6143308351592656,2.0861088829818266,1.2307692307692304,33.729355284687465,30.5902978959772,25.480170226272683,0.0,0.3759999999999999,0.0,20.23,2.267,0
1.483,2.199289,3.0,4835.952531000002,173.31601445,73.96987266666669,332.2503641248759,201.22520306067915,126.94013818345064,8.467533071428571,2.29308593699396,1.7740603834849007,1.2587499321886666,1.45360874,158.29679220697832,147.42928794824292,3.1816905088510032,1.598722357142857,-0.2671999999999999,7.725226990659088,148.5141245357143,1.345002385938264,0.5518019279042206,-0.4149672601030891,0.5853721781359174,2.126054480315762,34.97105745126402,6.262930153758214,2.818352729537754,2.780283975955719,1.4155446677185777,1.467382863141658,4.337289999999999,9.977510288065846,5.720517832647463,2.9514128943758573,1.0315294924554186,2.0639814814814814,1.0315294924554186,2.1930109739369,1.6145404663923184,1.009537037037037,1.870370370370371,5.774780521262002,3.323028069272977,0.6351371742112482,1.0,1.7884504573082896,2.018904464749314,1.1078410717376386,27.26831833709154,42.81187162208836,28.45883937646084,0.0,0.345,0.0,26.02,2.0540000000000003,0
1.483,2.199289,3.0,4835.952531000002,273.02732655,66.25486466666669,332.2503641248759,230.64956143157548,106.03405604438248,8.467533071428571,2.1361235776000003,2.0711629162424505,1.0345286354884446,1.45360874,158.29679220697832,147.42928794824292,3.1816905088510032,1.598722357142857,-0.2671999999999999,7.725226990659088,148.5141245357143,1.345002385938264,0.5518019279042206,-0.4864658476908904,0.6289013561294996,2.1260544803157604,34.971057451264045,6.443285648889986,2.8388257376861645,2.780554816255238,0.9522880593735432,1.3454836819936062,4.337289999999999,10.009917695473252,5.467688614540467,2.843079561042524,1.093429355281207,2.2711145404663924,1.093429355281207,2.2711145404663924,1.5270370370370372,0.9933333333333332,1.870370370370371,5.850706447187928,3.324489643347051,0.5732373113854594,1.0,1.7884504573082896,2.018904464749314,1.1078410717376386,27.26831833709154,42.81187162208836,34.65548482351547,0.0,0.279,0.0,26.02,2.0540000000000003,0
1.721899999999999,2.964939609999998,0.0,6335.93026443265,111.6963698963924,132.04560408789462,274.1694934168281,191.7479756461044,203.6733199750228,8.352337333333338,2.446972635277778,1.8264403853333355,1.750836177947369,1.2422255661965813,162.6335431997459,148.37596793587784,4.8953076399826125,3.759223407407407,-0.7713514814814814,49.52901051104453,109.29230167214364,1.9527615650204424,1.8344077967053527,-0.5692159048510608,1.0452353321439645,3.770358955914684,28.29989207783299,5.196673625388709,2.9077379066212896,3.5450790889803496,1.4613632390286997,1.872443094038566,1.5895900000000005,0.7333287841885725,0.0,0.0,0.7333287841885725,0.0,0.0,0.7333287841885725,0.0,0.0,2.264853395061728,11.655991083676268,2.1627644328324607,3.0230432334971025,6.0,2.224576009144925,2.530311493018544,1.6595790854508787,33.45691748125304,36.14351943681213,32.898581961031034,0.0,2.8460000000000005,0.0,127.56000000000002,1.774,0
-4.9821,24.82132041,0.0,3710.354216999997,23.013224753623373,23.013224753623373,209.4460468670474,111.87587320074684,111.87587320074688,7.023890578947363,0.9921364744271058,0.9921364744271058,0.9921364744271058,0.992136474427106,166.90927450271974,146.17208519917196,1.5032894736842106,0.688524789473683,0.0778168524930353,6.483552631578962,27.16379595758312,1.210764487591014,0.0853099030470916,-0.0532747466194849,1.3279284316466282,0.1425001784820097,14.003086179487791,5.125791357152294,3.529363441723571,3.5587171696831863,0.3354101966249684,0.4743416490252569,8.369900000000005,0.0,0.0,0.0,0.0,0.0,0.0,0.0,0.0,0.0,1.58,2.7911330782312924,17.347430382039185,0.1428125,1.0,0.9935486653139274,5.254378848129659,4.919238387774144,7.842163094668717,80.05070717496721,67.58612353713954,0.0,0.745,2.0,3.24,10.941000000000004,0
-0.1363000000000003,0.01857769,1.0,3406.0206089999992,74.0587391509434,67.73442604761904,231.9079346669757,150.44303911123686,180.97934583078896,7.766658178571434,1.168245807013126,1.1298404173072087,1.3592255700000009,1.4052464781212255,172.41291853308525,156.99066314380002,2.8454272541206698,1.843378964285714,-0.2290399999999993,13.085280717225151,62.30683396301017,1.45847775246299,0.4673314541866126,-0.9802807145013342,0.4466182432021358,1.373685659688796,34.9688532675152,5.235481913939163,3.155224544881504,3.3277775843739814,0.4219497617189832,0.573579955582846,2.58748,2.2228703703703703,2.2228703703703703,0.6551590101061,0.6688117283950616,0.0,0.6688117283950616,0.884969135802469,0.884969135802469,0.6551590101061,2.084215167548501,4.255610495226898,3.845093563450072,0.9978549382716052,5.0,1.6319045869417732,3.1754503351158307,2.090333036177886,18.91933528313164,33.37548999557339,29.21665347801737,0.0,1.4340000000000002,0.0,62.73,1.535,0
0.8418000000000003,0.7086272400000005,0.0,1981.061346999999,59.72482894444445,48.23106966666664,267.65041056584295,149.02988336764045,106.61584725521033,8.337202444444445,1.4073432068742129,1.0157062949192788,0.7059480358071107,0.6071150264999999,163.86544316762465,150.24077284769726,9.407407407407408,2.596505999999998,0.4638706666666663,71.3333333333333,37.67951690432098,1.445356380274606,3.962962962962961,-0.4278014408837369,0.4047619047619049,0.8902969157782756,15.996921434110597,3.780174341184925,2.866949597861039,3.7692307692307696,0.6027150278883168,0.5734127761942427,1.80402,4.477407407407409,0.4167592592592604,0.0,-0.0812037037037034,1.134259259259259,-0.0812037037037034,1.5074074074074073,0.5488888888888892,0.0,3.1818181818181817,10.268425925925929,1.9984456481481483,2.518796296296296,0.0,1.7222663119439832,2.447658689498329,0.7924812503605776,17.02772467554328,23.31295000737182,19.13049375653047,0.0,0.1919999999999999,0.0,63.370000000000005,1.832,0
0.3068999999999999,0.0941876099999999,0.0,2322.450831999998,54.42101072857151,41.61636990277785,288.4255268961,207.82770865816943,174.8627727608566,7.156891733333337,1.6450789781169688,1.5971251819134686,1.406916549907484,1.1550818951935993,153.91856085931622,138.31293992501875,2.337962962962963,0.1770794666666665,0.0103296355555568,6.093518518518521,30.131984462222217,1.3606538246806386,0.2031172839506173,-0.1742403570386275,0.8874453392763675,-5.684341886080804e-14,12.110287805853517,5.933454030698303,3.347102612094984,3.3427899314846834,1.0546433588011377,1.636980913337996,4.555400000000003,26.525898526077103,1.439166666666667,0.0,1.345416666666667,2.107685185185185,1.439166666666667,2.3171296296296298,1.439166666666667,0.0,1.8645833333333333,2.3171296296296298,9.46335945861678,0.4113614890400605,0.0,0.9967916319816368,3.910098963626882,2.5556096833466144,6.321231613739263,47.22896941032129,21.21091944203788,0.0,0.253,1.0,0.0,8.706000000000001,0
2.1811,4.757197209999999,3.0,5041.004668000002,192.7277575,143.8853218333333,319.1394512548848,241.91266712442112,167.92737020507712,8.4971576875,2.217613245230769,1.949899681636364,1.4924637782997776,1.2675897864547,156.37989512527784,141.9452340125938,2.862104195244628,2.1995154375,-0.1319437500000005,6.091999599908552,140.38361535937503,1.1668330709222452,0.3807499749942845,-0.2302873927272247,1.393037757202249,2.232819880932265,34.970853754141366,5.081026115622785,2.817562119951122,2.763954864135161,1.1561618852279762,1.1568714599742715,4.15619,10.2630658436214,5.701208847736626,2.911442463816802,1.1194924554183814,2.2285665294924555,1.1194924554183814,2.3332904663923184,1.5996776406035669,1.01007243638196,1.836700336700337,5.266030521262003,4.159737073710143,0.5471742112482852,0.0,1.7489992230622806,2.2510007769377194,1.1415414066556506,26.623195685711,42.85300624026439,28.60845859334435,0.0,0.2109999999999999,0.0,9.23,2.64,0
2.1717000000000004,4.716280890000002,3.0,7070.019677432652,108.5221535352,106.0278829166668,245.23419740745388,171.09313127369296,172.68533677777597,8.135884571428573,1.494578055593541,1.578937622283758,1.1103870170833334,1.641477773564236,166.4548867160938,146.65568435006475,3.810373255383544,5.145860685714279,-1.0088738089795934,48.969112395758565,114.41087809067248,1.1660629165720418,1.399117497021673,-0.8647915683899001,0.4643377276443847,3.59283679348502,34.97105907785186,3.9992429793711466,3.3539489531002213,3.486265134752752,1.1398142360589774,1.3202094795662755,3.0462,0.0,0.0,2.6183198433694463,0.0,0.0,0.0,0.0,0.0,0.8727732811231489,2.138162672476398,12.632427983539095,4.806118790679852,5.067232510288065,4.0,1.8052012300562263,3.32408178688874,2.823802501050827,27.426295721173364,51.441644176891685,53.89743140323032,0.0,1.881,0.0,54.57000000000001,2.9850000000000003,0
1.3818999999999977,1.9096476099999933,0.0,2728.7793379999985,29.272502196969764,28.092777550458685,266.10707406808655,132.43546848962123,114.53196009139808,7.260783368421055,1.4913944816999054,1.115353294829319,0.9559537232513092,1.383458666449772,158.92916788993372,140.62217620957503,3.2298976608187133,1.174637052631576,0.0065340498614969,37.73538011695902,31.805689146814387,1.352673648770179,0.9930363188673428,-0.4012706665618279,0.5136340449162509,0.2492655790986404,15.994918906673403,5.845515840587436,3.1491404505334617,3.666600799811405,4.544302646690671,6.27503044029868,4.146380000000004,14.89528376165281,1.1461111111111113,0.0,0.3820398715041575,2.009798595364072,1.1461111111111113,2.1102777777777777,1.1461111111111113,0.0,2.046296296296296,12.640424225245653,7.796336245039682,1.390594883786848,1.0,1.1446267187329795,4.103300794710606,2.2941387339403594,8.9299961449913,36.2964638903929,23.861617507650028,3.999999999999999,0.577,1.0,17.07,5.927000000000001,0
-0.6986000000000021,0.4880419600000029,0.0,5188.554582432658,53.73076486061435,58.25950455777608,250.7848224971557,140.25590253580717,157.68271797154387,7.480962499999992,1.272302989783888,1.1897298114949966,1.2411720878949306,1.2774495670651154,161.61549753616927,143.06344944496448,3.240181171131398,4.053910775862073,-0.7903529444114222,54.47881831118054,44.13714032104536,1.358571365315627,0.939289970882423,-0.9561579197459196,0.4744253525797006,1.609282491651328,30.97376305910857,3.953084832524493,3.6648660449954704,3.8799763168354025,0.7710149339580024,0.9034620160221896,7.287280000000006,19.224459349283784,1.0364984350513868,0.0,0.5182492175256934,1.766070438065006,0.5182492175256934,1.884735150400862,0.5182492175256934,0.0,2.110310928212163,13.218926233448691,11.456170655308265,5.53279735573337,2.0,1.38060890492044,4.4773720902071314,3.106672461731519,14.236717423337824,64.98445384080085,43.00563795878748,0.0,1.962,2.0,54.57000000000001,9.099,0
2.1811,4.757197209999999,3.0,5041.004668000002,192.7277575,77.98246827777777,319.1394512548848,241.9126671244212,152.1088993867134,8.4971576875,2.305682300032654,1.949899681636364,1.365252921363722,1.2675897864547,156.37989512527784,141.9452340125938,2.862104195244628,2.1995154375,-0.1319437500000005,6.091999599908552,140.38361535937503,1.1668330709222452,0.3807499749942845,-0.1944128392206066,1.415735001788468,2.2328198809322526,34.970853754141366,5.0810262849447945,2.8199023227381086,2.7634521574892843,1.3965307567628358,1.5543900343758117,4.15619,10.215658436213992,5.871860425240055,2.958849871224209,1.1194924554183814,2.119537037037037,1.1194924554183814,2.2242609739369,1.632457133058985,1.01007243638196,1.836700336700337,5.266030521262003,4.143221826796562,0.5471742112482852,0.0,1.7489992230622806,2.2510007769377194,1.1415414066556506,26.623195685711,42.85300624026439,28.60845859334435,0.0,0.288,0.0,9.23,2.64,0
-3.064700000000002,9.392386090000011,0.0,2797.034760999999,54.00218787777785,49.32461313888891,256.75656136396367,152.46388875611964,157.18040474576105,7.627861764705886,1.178816756724967,1.1016028113375096,1.1269101396179158,1.228718980387464,164.27380620021276,145.8220520049806,4.673202614379084,2.453248117647058,-0.0037004775086506,66.65359477124179,35.185546014705885,1.4398947587625943,1.9603998462129937,-0.8149127785142369,0.3897907152662989,0.7835315151617763,28.29989207783299,5.196673625388709,3.252893882094944,3.7992119628122345,1.4613632390286997,1.872443094038566,2.22669,1.557623063114135,0.0,0.0,0.7565365173847318,0.0,0.0,0.8010865457294032,0.0,0.0,2.294117647058824,12.303865268329552,3.6429069720804974,1.9837499999999992,4.0,1.511210351924164,3.576252489326176,2.61754833251714,14.080587068883636,37.71430463762758,23.31855218430328,0.0,0.8839999999999999,0.0,46.5,1.4049999999999998,0
1.4954,2.2362211600000004,2.0,5303.408766149776,88.91172165318791,83.1792191378182,287.30954327719434,209.7779968743816,212.50728937251696,8.303052135135133,1.3961357759048585,1.3864610588521964,1.4579642738196048,1.2700863103984783,161.73492225735507,144.96419515320267,6.608251255370596,5.465102810810813,-0.3361018867786708,87.66092017943879,53.98566526766261,2.018891552223627,2.369214058903751,-0.4706319985758095,0.6651411079598396,2.1685362350721817,34.96885374275447,4.246048679791764,3.4119152739616223,3.8329220279203535,0.8330960113729722,0.9002060552446345,4.925160000000003,17.166366015960055,1.1255657687102123,0.5336427217166072,-0.5524218118441595,1.409313786445798,-0.50057955340905,5.016831872032735,0.8666424041723223,0.5336427217166072,2.632458847736625,13.72662841777831,6.32524469911313,2.2190884785108262,3.0,1.81505918624814,3.39439417938081,1.2602483914348834,21.840128203581376,38.67192950213527,28.40479093160441,0.0,1.1920000000000002,0.0,57.650000000000006,3.896,0
1.276800000000001,1.6302182400000027,0.0,2194.2419959999984,57.25566080000007,16.59360364999996,212.5603387690066,164.12891212692196,95.26287333406692,7.900943428571432,1.0017343500364668,1.1737423571232664,0.8229997757547007,0.7194607025761074,168.387229439928,149.4244576816572,3.1468253968253967,3.628589714285713,-0.1515062857142839,21.04761904761904,38.76034048979595,1.119485905518121,0.7517006802721085,-0.6559055067519038,0.9045422902888972,0.9970623163947536,15.997922694479,5.474622991237087,3.115747135539747,3.4555377025471588,0.4444444444444445,0.7541881889149673,1.4504,0.0,0.0,0.0,0.0,0.0,0.0,0.0,0.0,0.0,2.2777777777777777,5.307500000000001,2.64474185185185,1.6226851851851858,4.0,1.3787834934861756,3.428571428571428,3.1428571428571423,13.076372916623267,39.46558696804215,39.97484866013584,0.0,1.467,0.0,36.92,1.628,0
0.9889,0.9779232099999998,2.0,4587.814604000003,119.88506052777782,98.20814609375005,291.28249923798404,209.3674209728943,202.50142365736,8.446307000000003,1.502522538404558,1.5602893962138336,1.498055563570157,1.2563119608201572,159.68923336569512,144.40041278383868,6.261845131701097,3.3304338181818194,-0.3833410909090917,52.965437987557294,94.37751588429752,1.2501945816460898,2.407519908525332,-0.5475436344179239,0.4554775063063784,2.0701662718517646,34.96985378122781,3.9959235754611377,2.8333602066017,3.755378289817851,0.8495795010491753,0.9230941838527426,3.57998,8.289765806528374,3.2313702898855023,1.542445711595109,-0.9253275034293548,1.8775308641975308,0.7289677640603568,2.107610824165057,1.3413531431090957,0.844134459110576,2.5136684303350973,10.578310148247684,3.379399867816239,2.5919941700960214,2.0,1.764694686130739,2.694736932506558,0.9777170456512252,24.13222281877761,34.4191962979442,27.57500364950474,0.0,0.6159999999999999,0.0,46.53,2.452,0
-0.6290000000000004,0.3956410000000006,0.0,3486.811188999999,49.65943939759048,53.95866934246581,255.9597722557696,163.07489683221615,173.8962710940421,7.74459046153846,1.396704888685278,1.1946824080088534,1.3059285184833136,1.3086704184777929,162.46311325394825,147.68162469576504,4.093304843304843,3.283249435897436,-0.1469700880999341,45.1082621082621,35.503086660092045,1.460120087579171,1.1566221053400538,-0.5894982636296495,0.6345133581759617,1.032797094260303,15.996929795820993,4.726911499777883,3.287985654164228,3.7679093686694367,0.8268760933545013,0.7091393999594542,4.279870000000003,17.274891241624996,2.92015986880879,0.0,-0.1677566941379515,1.7919212962962965,0.69723970143613,1.834333550147944,0.7815701550179575,0.0,2.3253968253968256,11.520276587203584,7.111448752459738,1.8344233608046183,3.0,1.5465935642949384,3.7388086545673103,2.135492628593444,14.47731262484755,46.132183927404185,28.454862961443173,0.0,1.2619999999999998,0.0,50.8,3.268,0
1.1969999999999996,1.4328089999999991,2.0,4441.518355000002,177.35118878125002,136.48587130000004,302.90657098659386,252.30067890947845,186.03817634115845,8.675858421052634,1.926374776589032,1.7074112773750003,1.4155187644666674,0.8432861966998179,158.76491967930497,144.4089278804553,6.987399626180218,3.119908736842106,-0.4512282105263158,50.539475689681424,98.43008768975068,1.2459483644821654,2.659972404720075,-0.425639233332905,0.4829349136559638,2.070166271851779,34.97015573334938,4.5464929379426495,2.9193841712062096,3.726422897942351,0.9535094478984766,1.272764377138233,2.66859,5.841287722908095,2.8663768861454058,1.1697719478737996,-0.8791820987654317,1.89267146776406,0.3659122085048014,1.9614214677640605,1.028179012345679,0.6232596021947873,2.5788224121557453,10.918052126200276,2.86741234739369,2.5458487654320985,2.0,1.8129452762598803,2.434982237183705,0.6713098685349177,25.515326284370406,32.729812362445685,27.05083759164083,0.0,0.5939999999999999,0.0,46.53,2.335,0
1.9958999999999991,3.983616809999997,0.0,3090.282452999998,37.81012513265303,57.82286950000004,218.74435101047936,120.81345049065509,173.56445918375968,7.291014837837841,1.1982370074604507,1.021756326010753,1.4490212342971658,1.0890530910304734,166.2666234962251,146.8614177316028,2.9595521447373296,1.5097347027027028,0.0562406135865621,37.87253920587249,49.00679263696125,1.3596212669750902,1.0235821406992565,-0.7158046105724948,0.5976351283826156,1.017124460013811,31.97207166997328,6.006275198699047,3.378888419027253,3.399944132277631,0.9139928268913752,1.3260302925841785,2.9065900000000013,0.5276851851851854,0.0,0.0,0.5276851851851854,0.0,0.0,0.5276851851851854,0.0,0.0,2.0343915343915344,11.834789094650205,5.977001449987402,1.7852674897119338,2.0,1.3690297765932318,3.8404235890357183,3.233826093614814,15.398160878106545,33.027718987757495,30.189148180334445,0.0,0.996,0.0,45.61,2.882,0
0.5216999999999998,0.2721708899999998,2.0,4978.174574000002,102.28234809756098,131.93323692857146,299.83527257683323,202.8069908771337,238.5820290943181,8.762959000000002,1.7575626358297376,1.357661017581683,1.562603430816036,1.5902926019200003,162.08217980076338,149.9038238215391,7.170936040792006,3.295627272727272,-0.0673727851239669,59.37209717199429,85.47223401652892,1.494568564447197,2.698731689636104,-0.657525649704811,0.5011095477743099,2.355166628816143,28.29989207783299,5.196673625388709,2.882541567952305,3.822007390632826,1.4613632390286997,1.872443094038566,1.9726,8.980168895747601,3.258872949385516,1.5534026591889611,0.6279938271604941,1.8097993827160488,0.6279938271604941,1.9926676884745669,1.3567242833347333,0.8122703245678701,2.5327932098765427,11.64198475686571,3.4436918483214045,2.3067671327790373,3.0,2.0597049132067875,2.39972670543051,0.9211210230222916,28.51646652595384,38.23023416628649,28.66591274041382,0.0,1.4369999999999998,0.0,37.38,2.25,0
-0.1673000000000004,0.0279892900000001,0.0,2820.1822159999992,63.60223352631584,74.46495502272732,253.7689354045447,175.18250903046487,202.92905577495048,8.065317517241384,1.253356568107671,1.204040184008596,1.3994959787272734,1.083944954376284,163.85215859742198,148.3395501015367,4.8852969348659,3.657968551724135,-0.3232492604042802,45.11590038314172,37.99589093935792,1.3781412263031991,1.555720702866956,-0.7287347183770235,0.4551578980671912,1.139562494876941,15.997927784183725,4.223275177124566,3.1459922475114688,3.4689786208487496,0.793403596192339,1.1380472937440225,2.010880000000001,5.993735827664399,1.379563019652306,0.0,-0.5400869236583519,1.6516203703703702,0.3494675925925925,1.7646763983371123,0.5753732048374909,0.0,2.494791666666667,11.11271447467876,3.903991346253779,2.2067535903250186,2.0,1.6111029213053496,3.246878073822223,1.613585776533491,15.539780035911612,32.40544265022616,23.279363195128447,1.437216447852337,0.7600000000000002,0.0,56.790000000000006,2.129,0
2.7078,7.332180840000001,6.0,7529.111777449315,156.56952929572495,133.8009338965119,318.44004469165844,223.14590247486484,218.7792939515348,8.945058032258064,1.7682585625843117,1.5274738565265311,1.5098149328279191,1.6234587758427617,170.24302502732877,148.51307199026874,10.094822595395076,6.355747096774193,-0.3074597450572347,141.25424613183478,89.77289961480281,3.50888258692018,4.556588584897896,-0.473933664820232,0.4001959487409931,3.621187156649015,34.97105935517244,3.590715576171877,3.213484198675572,4.587030716723552,1.6624484146933285,2.095077650849305,4.738289999999999,10.842209635832727,3.212897343357301,1.3945635523138729,-0.7378474135292314,0.8275537810002827,-0.7378474135292314,1.952432537117713,1.061551359294866,0.5786188728383159,2.824074074074073,12.641359019923406,7.621115147908328,5.631860411756018,3.0,2.089269087382572,2.864927223004304,1.1572355800299112,30.448190986332524,53.47059463822742,41.08098390454013,1.4741695180248615,0.8870000000000001,0.0,41.99,4.489000000000001,0
1.2655999999999998,1.6017433599999995,3.0,4024.1109434493096,115.9987987127784,85.74170773765167,264.49886763402435,195.3314462092663,172.39032790106384,9.235202409090912,1.4667616997219708,1.2632788198918918,1.2557548172434518,1.0191353894546995,186.52695111237924,162.51063424248636,13.389360425240056,5.132450772727275,-0.6055564090909098,134.19592919940143,63.70326125273576,4.112752918153766,6.099814963609156,-0.6816630907653639,0.4308436609485876,2.54799191421273,31.972071818082554,3.8802929687499934,2.875225821044679,4.682926829268297,1.1664117027250012,1.144691977152981,1.57638,-1.0742568972033246,-0.5926592025699164,0.0,-0.7793953136810277,0.0,-0.7793953136810277,0.1867361111111112,0.1867361111111112,0.0,3.49320987654321,12.210531698790628,3.0438083806400646,5.646638650058788,5.0,2.2814249385966776,2.17800668004062,1.1029392048404736,30.09598547333573,34.59761467906718,30.97553894238261,1.2164403991146802,1.0290000000000004,0.0,86.36,1.2839999999999998,0
2.109700000000001,4.450834090000004,0.0,5954.059676432653,103.34881524152118,80.99288601005276,241.6635079816434,201.5323441740273,173.779401421619,7.9627584358974355,1.5948152964754565,1.7446658587887334,1.4969047833828155,1.308866455118998,164.8570096093277,147.3742398011527,4.9103387245534025,4.826777743589736,-0.6887634168310307,79.5077531763059,81.34551098161245,1.539803386759381,2.0386603378539974,-0.7314764983746036,0.6547028342694975,3.251765654098122,31.973074746002247,4.59391301202032,3.159171341989841,3.612370879084629,3.766158963588431,5.263667535442545,1.90059,-0.6967427073710137,0.0,0.0,-0.5625174092270651,0.0,0.0,0.0,0.0,0.0,2.4257634827810266,11.938793986730497,3.69541907015192,3.2767578891696143,6.0,1.868287261912052,3.417114956950197,2.562777869283954,25.738122422501142,38.81660184560332,30.667728935681776,0.0,2.295000000000001,1.0,132.27,2.931,0
0.8454999999999998,0.7148702499999997,0.0,6118.979758432651,114.95091068016914,95.08006922657584,274.2181891258665,213.34626138209453,199.18689561615943,7.904178243243242,1.7657827032703428,1.842800992615467,1.6998104889825612,1.426784379911389,162.02483872599413,146.95139058992638,4.12921589284758,3.510281243243244,-0.2648696822498166,49.70463982501016,78.24733168372765,1.7890310839378394,1.3433686439191934,-0.4963306314423308,0.781780689062835,3.038234852865159,28.29989207783299,5.196673625388709,3.3437285436815256,3.579589373057977,1.4613632390286997,1.872443094038566,3.911000000000002,8.662847378166276,1.3071482811231492,0.0,0.6458159241062682,1.8108794196691025,0.6458159241062682,1.867285940799833,0.661332357016881,0.0,2.1788653733098178,12.41440414951989,4.8187841056151575,3.232556950821024,6.0,2.005958095007847,3.203495270621103,1.7572851353690235,27.301024871825515,39.21856938676691,31.519919959461653,0.0,2.903,0.0,127.45000000000002,3.5400000000000005,0
1.7237000000000005,2.9711416900000014,0.0,3383.2299099999987,51.12090652439037,53.06960338775516,235.50564105856927,132.49337940977588,153.05722785754972,7.68587667741936,1.5293703960745406,1.121944423986865,1.2086622209091238,1.2391685226574616,168.95396714324468,153.0697447258323,3.985997721138103,2.044811548387097,0.0899102903225816,41.63130558874289,54.893698869927206,1.6003106022108229,1.3429453415723511,-0.880078904200139,0.5257382428614764,1.4446249954603445,31.97207173693897,4.972579105793968,3.137310009610919,3.375279828842402,2.496769313003554,2.3043905058005274,2.1414700000000004,2.0130900415721857,2.127340797430084,0.0,-0.114250755857898,0.0,0.9067361111111114,1.2206046863189723,1.2206046863189723,0.0,2.2932098765432096,11.372277494331064,3.572684138151403,2.016291152263374,5.0,1.711314858355236,3.24288145203164,2.1728466592352027,19.71603514700947,30.17145120134096,26.71078328854429,1.2164403991146802,1.1999999999999995,0.0,86.36,1.332,0
-3.3054999999999994,10.926330249999996,0.0,3048.210929999999,51.43690681481489,50.415309133333366,230.06171626950248,143.8778286448032,154.87569433603096,7.693827578947371,1.217548836635206,1.043599742227971,1.136080314849888,0.8926123231441447,169.36179306342055,152.05500861943594,4.535818713450292,2.918727578947365,-0.0433808310249306,68.46564327485387,36.1271760498615,1.410451769929111,1.8017274546014177,-0.9384490047789892,0.4077804346277661,1.0685318721260657,28.29989207783299,5.196673625388709,3.1518707230777827,3.710522216077528,1.4613632390286997,1.872443094038566,0.9031,0.4000550359032504,0.0,0.0,0.4000550359032504,0.0,0.0,0.4000550359032504,0.0,0.0,2.3796296296296293,12.273356009070294,4.6795920119205086,2.089166666666666,6.0,1.5779772001172403,3.669950313326345,2.8106076282723027,15.15647954613953,38.45780755816856,25.80767698982492,0.0,1.5580000000000005,0.0,49.74,1.4279999999999995,0
2.1086,4.44619396,4.0,5842.366668449314,115.98338144795156,144.1519271070596,311.6872057572751,225.02364830444893,223.4837771557264,9.342977838709674,1.5850075444144822,1.3585214134499697,1.3515235876060885,1.5111886853306138,170.54394672868204,149.57817680445467,14.357025691893936,7.461354000000001,0.0122249999999995,185.15558026166343,52.35944793576515,3.472743821991332,5.972760653602046,-0.5039659317507471,0.3991067976687594,3.153379760005734,34.96885379082398,3.617269042968747,3.0793204994846253,4.788932899697603,1.2730135851314814,1.4117662707534993,4.744580000000002,3.064599450478931,-1.4948927996784518,0.057032756175172,-1.5070991194151373,0.8514014865205339,-0.8042211319024088,1.186511868893648,0.3441846707818934,0.057032756175172,3.4484310699588474,12.636599277247637,5.8442289649178445,5.716757671758122,2.0,2.07293884781236,2.881257462574516,1.2185302422844315,27.51535772067368,47.26546443280786,36.56682125251206,1.5069930657725377,0.3620000000000001,1.0,89.66999999999999,5.018000000000001,0
0.875299999999998,0.7661500899999965,0.0,5323.247545000011,56.56427729032266,74.20603841414142,244.4691148431185,153.43041847143715,187.61942707585305,7.813751019230763,1.3256933873998609,1.1196794668456949,1.3643432769574957,1.1553791970219744,164.36968700159755,147.3969744269321,4.338874709823783,5.13295251923077,0.0406992977070973,80.96091029597959,48.269876743713,1.4326226621113003,1.556940582614992,-0.7482121515192067,0.4729874153327106,2.1566869548907164,31.97207232780882,5.040637637362743,3.387634787688342,3.984186603711073,1.931501008079616,2.471698353268799,3.2323800000000045,6.787797480984121,2.079059655101079,0.0,-0.4748735775174266,1.7267376840798558,0.4212040618078678,1.976821534958085,1.0308782905010982,0.0,2.3358262108262107,12.414703754588764,6.428370941263406,2.739758091937049,5.0,1.6450604263705764,4.0553792917705165,2.544357451842341,18.0939563121732,43.4881335396521,26.435903188248933,1.4206635973397097,0.0900000000000002,0.0,93.61,4.317,0
-2.5466,6.485171559999999,0.0,2052.9216599999986,73.13932637499997,44.71009934375,238.65949882279347,171.73563512716277,152.71231268277722,7.892616000000003,1.112706699324129,1.2194005174811258,1.1176109850000002,1.03937420202731,176.24468334738592,163.94716178982608,4.084595959595959,1.3814792727272718,-0.5526341487603286,21.31439393939393,36.25170490909091,1.583433046375783,0.9688360881542696,-0.998689494888863,0.1797928637718935,0.8550010708931381,14.010660009618055,5.443320185327882,2.654020206930175,3.741340528443982,0.2665063509461096,0.340678396378865,0.82587,0.7905555555555563,0.7905555555555563,0.0,0.1580092592592594,0.0,0.1580092592592594,0.4745370370370374,0.4745370370370374,0.0,2.4027777777777777,5.373337112622827,1.483678560090703,1.5086574074074073,6.0,1.5394847569315018,2.9199468617057955,1.669502543327298,13.814354561616488,30.95686900886862,25.60667206620532,0.0,1.464,0.0,102.74,-0.669,0
1.1947999999999983,1.427547039999996,0.0,2968.712331999998,24.745358449704348,26.19964242647061,233.5225092763497,117.04198332813576,125.80279274083476,7.093016156862742,1.2735436053711984,1.0213160764732403,1.095027823110693,0.998140573946784,163.7800008092494,144.6167762963443,1.7969771241830068,0.5689534117647056,0.0831969134948099,7.73720043572985,29.45858117493273,1.32671595944928,0.1517098124652911,-0.0895356899859261,0.7658552011971459,0.1425001784819812,14.00308362989266,6.730326425346852,3.468003043062388,3.4739022987502324,2.0047054967198017,2.391184645197093,4.648600000000005,12.193865416473193,2.923558349201838,0.0,1.435123683668958,2.308479938271605,1.435123683668958,2.326673595364072,1.48843466553288,0.0,1.7208333333333337,2.650486111111112,12.2235578746291,0.9881477264918824,1.0,1.0784898835906866,4.593935458380809,3.2135634816223644,8.365808271106054,41.72832127376006,29.048167851911344,1.040041911525952,0.844,1.0,3.24,7.487000000000002,0
1.607299999999998,2.583413289999993,0.0,4203.99515600001,68.06951661666675,62.540922800000025,248.3092477563303,160.24872804726263,190.577864024985,7.451668204545453,1.443841377905842,1.2915513732663355,1.537441360670941,1.394796513972585,163.8253858052347,146.9440020855045,3.25781152575134,1.9901049772727275,0.0607065686983481,42.13710211684755,47.35650478512395,1.547116013703815,0.9576614117465352,-0.8756082348168988,0.5054764563117453,1.3021248169782922,31.9720720322228,6.008456680171241,3.4136691523046445,3.663455903225394,1.690683688412588,3.021581837007517,4.307280000000003,12.147034176324851,1.0004246976568405,0.0,0.0721759259259262,1.9803087994457045,1.0004246976568405,2.0085791052532125,1.0004246976568405,0.0,2.082451499118166,12.868765117157974,7.240214543440834,1.9723599038380784,4.0,1.5322313347401435,3.927200283897154,2.542899351119819,16.512277684096876,43.82124529455562,30.87804378703407,1.074569931823542,1.347,0.0,61.21,4.08,0
-0.0434999999999997,0.0018922499999999,0.0,3470.770270999999,59.37706101315808,64.61337254385965,229.54576424445617,139.74023182688822,184.131574324942,7.508800142857147,1.229530971112656,1.0936739355982878,1.4104608228070186,1.48239140482795,169.8545448745952,153.58399713708292,2.5945424260239074,1.49219857142857,-0.0925604285714276,15.574407211444232,51.611231049795904,1.5936748897614323,0.4449830631841209,-0.9906574828480168,0.4421893433320241,1.3378595948438274,31.97207178007316,5.919263682713935,3.3230669311505205,3.380399807263149,0.6913591357920933,0.8564651818676688,3.449670000000002,2.413240740740741,2.413240740740741,0.0,0.6967592592592592,0.0,0.6967592592592592,1.0197222222222222,1.0197222222222222,0.0,2.0196759259259256,4.4206517174771145,4.782712111153103,1.633184471319392,5.0,1.5424388975524363,3.58684411939253,2.578335880097693,16.980319304709397,37.10719882156058,34.191337488567704,0.0,1.6270000000000002,0.0,88.03,2.266,0
-0.4516999999999986,0.2040328899999988,0.0,3539.7591809999994,53.51366972566373,51.822629059406026,255.10909267282912,157.5368817961652,146.16678127326213,7.7854652999999985,1.3934149724106224,1.1496930221577777,1.065179596993256,1.3459503268876607,165.13561939120578,148.20037292723785,5.58767361111111,3.4935039000000017,-0.2850938974999999,88.14427083333325,36.172265634375,1.4674994089003444,2.203606770833331,-0.6199652038935798,0.3885576637102607,1.1752972727425828,15.996930513244992,4.545920089092927,3.251003552046009,3.931331070359621,2.578717024646646,2.362236456665028,1.601690000000001,3.1270040469891667,1.0893758398421105,0.0,-1.0806490929705217,1.573786848072562,0.0568575207860926,1.6125831443688583,0.8265692449819437,0.0,2.5992063492063493,12.100293997228524,4.717017278977177,2.747315759637188,6.0,1.6013341775402914,3.7205939173470712,1.7650839733531956,15.28941981771126,32.727624276673644,25.197001550651297,2.7346873605860256,2.063,0.0,91.65,2.495,0
-0.5749000000000007,0.3305100100000008,0.0,2777.6630739999987,52.5069279310346,59.140568146341536,265.8065736114097,174.30056480137287,192.0483040952696,7.3832998857142895,1.5023194200630503,1.302431556986538,1.407491704047388,1.3560467755010908,159.1143180132781,143.03658221039723,3.66031746031746,1.3828358857142884,0.0336073175510217,37.441269841269865,32.60824691102039,1.4393115727790151,1.0697505668934246,-0.4443013142026422,0.6440704312927472,0.3917657575808349,15.994919165837183,5.60958329123981,3.326197352624868,3.747537398427792,1.021577043186126,1.303043836738502,3.123890000000002,21.95425170068028,2.0600000000000005,0.0,0.1040740740740744,1.963977702191988,1.0300000000000002,1.999074074074074,1.0300000000000005,0.0,2.185185185185185,12.369822373393802,7.770128665910808,1.5625925925925923,2.0,1.3153724940519445,3.813910522893022,2.5740013243471567,11.10114412876967,49.01768995316217,35.71429623262875,0.0,0.906,1.0,20.31,6.2120000000000015,0
